0,16,imEA5YinagvZuNTinBC8MopanCo=,6c0xVcunV1brPuxf4nuCEJ3dDag=
0,0,imEA5YinagvZuNTinBC8MopanCo=,fST/TpRXcLs31GluLSfuvEWhCkQ=
0,1,imEA5YinagvZuNTinBC8MopanCo=,BkWtRHkkTw4EWbUXNcYRCePoBUQ=
0,17,imEA5YinagvZuNTinBC8MopanCo=,qLtdTfHA6a7w83xH1Gtl9/NESog=
0,18,1wDo497koz3RqTEPL5kIT9Uv9Jc=,YHI6D7XCpbYfQJqYfM/3yge6Qek=
0,2,1wDo497koz3RqTEPL5kIT9Uv9Jc=,nQ4C8Q+dY8BXz6YsDb3Nq0uaW9g=
0,3,1wDo497koz3RqTEPL5kIT9Uv9Jc=,nQ4C8Q+dY8BXz6YsDb3Nq0uaW9g=
0,4,1wDo497koz3RqTEPL5kIT9Uv9Jc=,9HUkl12Qsakh6WR4ygih4zr5IRk=
0,5,ez5ZND2Pc4oIZqs5NSw6OBFTewA=,Wj9NXnqL7ooGQXFY+8QThxQSiOc=
0,6,+GxpHMM8OBrN7OtXOiJyVYt5Ac8=,zQBZrq+XDh44N3tBoG0fChOQnME=
0,7,+GxpHMM8OBrN7OtXOiJyVYt5Ac8=,zQBZrq+XDh44N3tBoG0fChOQnME=
0,8,1uEkkNnqXq3PRWBt+4wp31O5/rs=,3HTUj2Fsa3CF/ZRxXfKGhkv1HXQ=
0,9,NYE9FYXNTxdSbWL/e69LXZ0lWtc=,3HTUj2Fsa3CF/ZRxXfKGhkv1HXQ=
0,10,AkA91J64ZaNdiH/wen2hzYzPuOY=,3HTUj2Fsa3CF/ZRxXfKGhkv1HXQ=
0,11,AkA91J64ZaNdiH/wen2hzYzPuOY=,3HTUj2Fsa3CF/ZRxXfKGhkv1HXQ=
0,12,yd+m+JScwddzylWJ641WiQKbfoc=,q60wwj5jAFH124wTi+U2KXKaUwE=
0,13,yd+m+JScwddzylWJ641WiQKbfoc=,iIgFSjXoTOehshQNj+vhKDSnUKo=
0,14,yd+m+JScwddzylWJ641WiQKbfoc=,iIgFSjXoTOehshQNj+vhKDSnUKo=
0,15,D4Y+nwv6yYfO76fia5/x3A0ajls=,iIgFSjXoTOehshQNj+vhKDSnUKo=
1,1,4uG6GGA0VNSl7CIZqCNse5UKTSk=,DC8OLDcYMHtZKFLRelkACR7Tx3E=
1,17,4uG6GGA0VNSl7CIZqCNse5UKTSk=,Fq6XVZOP/QOjhP8bO++FDamebu0=
1,0,4uG6GGA0VNSl7CIZqCNse5UKTSk=,jONSX3HFgM9Sqxl4y8D2WtdtkF8=
1,16,4uG6GGA0VNSl7CIZqCNse5UKTSk=,Pjzm/5CBLtMIL0EHlsALeyAt9oE=
1,3,4uG6GGA0VNSl7CIZqCNse5UKTSk=,m06W0wdDRhkGAL7KH/d8pWDh9GY=
1,2,5Wtm2tWb5Luva8JNctmyv3M05Tk=,0QwrJPd4sM4meDd7X1l0KHr/H2I=
1,18,5Wtm2tWb5Luva8JNctmyv3M05Tk=,d9ZODH4ypMRCMv5siy7C0Nkftak=
1,5,5Wtm2tWb5Luva8JNctmyv3M05Tk=,K1VVbhCV6iF7GyRZyO6FnZ7fNkw=
1,4,ejRYLOTjjeSyjyIl7GQfO7r6cMw=,Dp1RF5Saz8nmjGiQz60rEZ8QNII=
1,7,ejRYLOTjjeSyjyIl7GQfO7r6cMw=,nUNIIic+P3FIfgGG9K4UhBXXRak=
1,6,ejRYLOTjjeSyjyIl7GQfO7r6cMw=,bXpQDpaStIE5IeSSkIjW3PzouQQ=
1,9,HsDo/gn3utStWtYUjKE1YL4X0V0=,bXpQDpaStIE5IeSSkIjW3PzouQQ=
1,8,HsDo/gn3utStWtYUjKE1YL4X0V0=,bXpQDpaStIE5IeSSkIjW3PzouQQ=
1,11,HsDo/gn3utStWtYUjKE1YL4X0V0=,/COEM8R3cyw04URfIETP9oEtJ5w=
1,10,0D+hjrTEpwG/aIJXLJuGEZjLmiY=,NLo8kFsanSp0jPSTER8ibaEBXAs=
1,13,0D+hjrTEpwG/aIJXLJuGEZjLmiY=,NLo8kFsanSp0jPSTER8ibaEBXAs=
1,12,0D+hjrTEpwG/aIJXLJuGEZjLmiY=,9wozkGKYpQWbCOV/8Nn8AkZ2AUs=
1,15,6aRUTrKkEXdVvq6JYsZBBDXgm1w=,3SjBiJW4jz2TxqOILttaHTgSJVE=
1,14,6aRUTrKkEXdVvq6JYsZBBDXgm1w=,xTiN3QfaJT3YTJYm6MhRnKOqEAU=
2,18,Eh2GHlTnbjJ4wD/mpudD+TFchpk=,djpHdJnwBvAzW0d0e39B2VkO5As=
2,2,Eh2GHlTnbjJ4wD/mpudD+TFchpk=,JquPq8/g/hDlmXTE2MPKP0cOLVk=
2,3,Eh2GHlTnbjJ4wD/mpudD+TFchpk=,AYkO2qyM+Xm/SsWilHRlxMNgwLs=
2,0,Eh2GHlTnbjJ4wD/mpudD+TFchpk=,ZORdQsMkmw4pE/rMsM3ZTMQKK7g=
2,16,Eh2GHlTnbjJ4wD/mpudD+TFchpk=,VjE2UD9vrVrNdGL5MYt3Lvq5jsQ=
2,1,MT0rcTUJPhv6jx+qCIHA0TL+kJs=,HUHmH2mxLas2ikCpgsdH1gpWeZ4=
2,17,MT0rcTUJPhv6jx+qCIHA0TL+kJs=,lmvUwaxpYL8rnuwFxSDfsNVUhbI=
2,6,MT0rcTUJPhv6jx+qCIHA0TL+kJs=,EuTgDwnZHVFF55PcEVXIo2KZIq8=
2,7,MT0rcTUJPhv6jx+qCIHA0TL+kJs=,cp1OUPv4q2gXk47Ngfy13Ux7jKc=
2,4,ZfGWMiX3iZ0jKMPmvZuXY33y44c=,Ui59pk3GmiUp4F6ebNwrsl6fdnc=
2,5,ZfGWMiX3iZ0jKMPmvZuXY33y44c=,Ui59pk3GmiUp4F6ebNwrsl6fdnc=
2,10,ZfGWMiX3iZ0jKMPmvZuXY33y44c=,JPlbu1ONMRWB2OuaKsaJ7UULhC8=
2,11,ZfGWMiX3iZ0jKMPmvZuXY33y44c=,JPlbu1ONMRWB2OuaKsaJ7UULhC8=
2,8,ZfGWMiX3iZ0jKMPmvZuXY33y44c=,YX2IGjW5e0p7NTXQ9xVtsg13J1Q=
2,9,4ollEO80065fDgSwWk/VyewJHEg=,C8CXBpFIkr5JwKpYSE5SDc5YTgc=
2,14,4ollEO80065fDgSwWk/VyewJHEg=,l+y9SjssrkBkqHsN8urzqhfafMo=
2,15,4ollEO80065fDgSwWk/VyewJHEg=,l+y9SjssrkBkqHsN8urzqhfafMo=
2,12,4ollEO80065fDgSwWk/VyewJHEg=,CLz2JM+8azMZZX0NS3Ypb/TbW7g=
2,13,7sQ0tOak/hKLlh/nyGdWv2JeSTk=,W5FTQjHJomCt6HRqVZbCiVhAH8U=
3,3,kdkvLnqTf8d/SePtDm05v9yaydY=,dndp7n4uysNGZUJthp2rKvh4DTI=
3,18,kr8vUVr3ZVsdUXndbPQWN/DKqZo=,MjAznkSnpWe61fFBRoWchCbCzQo=
3,2,kr8vUVr3ZVsdUXndbPQWN/DKqZo=,SfaZ9Lo8Y/3pVgduRfeV84qfNT0=
3,1,kr8vUVr3ZVsdUXndbPQWN/DKqZo=,16Ud+1rYUgOoTlfWRol77M4KPTA=
3,17,kr8vUVr3ZVsdUXndbPQWN/DKqZo=,SMoSrshD0gejlCCrWy4UhCWHoWw=
3,16,kr8vUVr3ZVsdUXndbPQWN/DKqZo=,2WS/k3fHXiXNhbOj2cwGKw0QZw0=
3,0,kr8vUVr3ZVsdUXndbPQWN/DKqZo=,u5kgMdncmCIJhhGpp2NBotW6wE8=
3,7,sJrVC4HaKs0Rdz7mqmgGYe6Rj0k=,lNCyDqEh49WNbJJcQwv+JjGPEkU=
3,6,sJrVC4HaKs0Rdz7mqmgGYe6Rj0k=,lNCyDqEh49WNbJJcQwv+JjGPEkU=
3,5,sJrVC4HaKs0Rdz7mqmgGYe6Rj0k=,aHlb8HmImyuMJu4B9oBIKQKYbCo=
3,4,sJrVC4HaKs0Rdz7mqmgGYe6Rj0k=,ei5SGfoJCxZwR6Zklhk4wmMbFsw=
3,11,7T3mCaURif9TDRJMjDrQ8USN974=,bOJSWx0BGdU0QX7nGGQNe5TqzKU=
3,10,7T3mCaURif9TDRJMjDrQ8USN974=,bOJSWx0BGdU0QX7nGGQNe5TqzKU=
3,9,7T3mCaURif9TDRJMjDrQ8USN974=,QIAWAztBCXlqyZ9QOnjK6yPMDBc=
3,8,mqO0XWCmlQZZyPVCcsS4vkEvP4I=,4R1OdJkXWsyYSO92Hv5khIaB2wI=
3,15,mqO0XWCmlQZZyPVCcsS4vkEvP4I=,kG9GQMK2u+wkBApEfIX5KlJiwpc=
3,14,sODOfB5VSDswldEoQn2FjXZMDpM=,kG9GQMK2u+wkBApEfIX5KlJiwpc=
3,13,sODOfB5VSDswldEoQn2FjXZMDpM=,kG9GQMK2u+wkBApEfIX5KlJiwpc=
3,12,xu1s7qZ64gxGJ8YkFvAYlhybXIE=,lLnpBzua8ZYliiiHnsAZNEPo53A=
4,4,emVmDftEdwWDNaahdGL6pT+pDKQ=,PHKm/U7qgJ7sai4SGnFy3WUaxpo=
4,5,48QDZtFpuYLMVS+dQafPIDzeUug=,dXoo6ISEXjiGkPrb7Ywi1Q791W0=
4,6,48QDZtFpuYLMVS+dQafPIDzeUug=,++4E3NVYSI7LKibowLKpWsc/lkY=
4,7,48QDZtFpuYLMVS+dQafPIDzeUug=,QZaVO+j8XeW+kbYsEPuElSlagCo=
4,0,KrlmS8DL3R2EQG9MapNAWjXwICA=,QZaVO+j8XeW+kbYsEPuElSlagCo=
4,16,KrlmS8DL3R2EQG9MapNAWjXwICA=,RyVwys4gow8o/fYvz1HZ17G/w0k=
4,17,KrlmS8DL3R2EQG9MapNAWjXwICA=,VR695oGJZDxTWZGFEvj6+BKbKuY=
4,1,KrlmS8DL3R2EQG9MapNAWjXwICA=,iH3moFtFVUR90PKXOHGPLypRBiM=
4,2,BW15RUgebLtuihUi3IOFbQl14zA=,nyJseipmkSeGuuGz+8Z6CBnZ0C0=
4,18,BW15RUgebLtuihUi3IOFbQl14zA=,SBzP18gUgPcFXf2zetNQvwI07S0=
4,3,BW15RUgebLtuihUi3IOFbQl14zA=,nyJseipmkSeGuuGz+8Z6CBnZ0C0=
4,12,BW15RUgebLtuihUi3IOFbQl14zA=,3r30dpVNjcLslrTSbQkbz7SBEJk=
4,13,+53XUx+ef0Z5R+FHulN5rOssZag=,iBd3vZvyf2h3Z6UpBSMVdij8pc0=
4,14,+53XUx+ef0Z5R+FHulN5rOssZag=,N5mYS/9jNxkXGzFZuarWJ8u7gdk=
4,15,+53XUx+ef0Z5R+FHulN5rOssZag=,N5mYS/9jNxkXGzFZuarWJ8u7gdk=
4,8,+53XUx+ef0Z5R+FHulN5rOssZag=,gKEmxUKxZaUUnts9cnYW3KCpAqc=
4,9,nuDbCifsTI+/YyATcHMlkbwym94=,S11QpK3z4vILiUt0gFbibdjsiIk=
4,10,nuDbCifsTI+/YyATcHMlkbwym94=,bYVnNpvCO7XPwnVViFMr2Pp0D8Q=
4,11,nuDbCifsTI+/YyATcHMlkbwym94=,KLx8WeakYuu/MWNUycLgW7N68Ts=
5,5,MZ6t0Ae+o4oykO+P9OZJPZvhh5w=,1ATo/2TpL0C51DQwqv6B1873zWk=
5,4,MZ6t0Ae+o4oykO+P9OZJPZvhh5w=,u3Igen5nD9c+rn7n8WM/BQKLPV8=
5,7,MZ6t0Ae+o4oykO+P9OZJPZvhh5w=,u3Igen5nD9c+rn7n8WM/BQKLPV8=
5,6,NI1yXkLSPqLujNOkMApDnYLO3bU=,u3Igen5nD9c+rn7n8WM/BQKLPV8=
5,1,NI1yXkLSPqLujNOkMApDnYLO3bU=,Q0VfDV+GrMKK4tDhPnQjZi8dnMM=
5,17,NI1yXkLSPqLujNOkMApDnYLO3bU=,ONY1F3Cpiz3O+v/POPqV+ohkliY=
5,0,NI1yXkLSPqLujNOkMApDnYLO3bU=,xeN+oS8Qq73BgNuN34ZKbg6NQPc=
5,16,/hH7T1OQCyqDyJbSRPc7U7Xg5h0=,KXiB+w3p1f09X6+WOQKDcfKJ76c=
5,3,/hH7T1OQCyqDyJbSRPc7U7Xg5h0=,5ZdoxvOF2HRrwvISRuMKVLFmYpU=
5,18,/hH7T1OQCyqDyJbSRPc7U7Xg5h0=,FFuZhAqynH9YZ9YeepXQ/ng3EOk=
5,2,/hH7T1OQCyqDyJbSRPc7U7Xg5h0=,Rbzl9K5xaPHxrfirotDIuVF9cHU=
5,13,/hH7T1OQCyqDyJbSRPc7U7Xg5h0=,du6vJOfBHAVqa93Rh4P3Td1ezmw=
5,12,LVuPOe3IououdceWQABR7NNTnSk=,du6vJOfBHAVqa93Rh4P3Td1ezmw=
5,15,LVuPOe3IououdceWQABR7NNTnSk=,4U65OMB+p9iQOx9Xj4xrOuaBPeo=
5,14,LVuPOe3IououdceWQABR7NNTnSk=,V+kXJmXboIKcsC4pyiuZso5gmLs=
5,9,LVuPOe3IououdceWQABR7NNTnSk=,4mub393aJI8kFNQodnsKOOSuzuo=
5,8,/rM8+X/AaXmsrzFvXL2kP3CHlzo=,fHwx9Moj834rWSPH7vUBzGftahQ=
5,11,/rM8+X/AaXmsrzFvXL2kP3CHlzo=,7yKd5VMluN1jTScaoHPqcWJv4fA=
5,10,/rM8+X/AaXmsrzFvXL2kP3CHlzo=,zuE77suJGKM+IdwWZ87oyLGXnVQ=
6,6,+FoQYd2n0+hCLUApkxnTBVwYfeo=,pnC+DRXXEMjTY8DCM2jLCN+MTKw=
6,7,+FoQYd2n0+hCLUApkxnTBVwYfeo=,pnC+DRXXEMjTY8DCM2jLCN+MTKw=
6,4,v/wTHM7dW514xyTKYH9j3RLPWf0=,oHK37aYPTrNqEgeMTQXiKojzRF0=
6,5,v/wTHM7dW514xyTKYH9j3RLPWf0=,vtdw6PaysO1oAzqO7YdpCWAxBYo=
6,18,v/wTHM7dW514xyTKYH9j3RLPWf0=,G9E554QtMMThGUjstls0CJd7fm4=
6,2,v/wTHM7dW514xyTKYH9j3RLPWf0=,QLwcq0d0GXHVB4Zcek5SYOZm5OM=
6,3,v/wTHM7dW514xyTKYH9j3RLPWf0=,QLwcq0d0GXHVB4Zcek5SYOZm5OM=
6,0,f3QbwlN2b0ozXpKlH8ljSfixB0Y=,KdXHE4T6AqKGN3wIpKSA/ipDOH8=
6,16,f3QbwlN2b0ozXpKlH8ljSfixB0Y=,LxXF/XRod+KoR2Ot5UGxAl/3aXM=
6,17,f3QbwlN2b0ozXpKlH8ljSfixB0Y=,bsh3VSaJKWILBM+mk40+vExOiQw=
6,1,f3QbwlN2b0ozXpKlH8ljSfixB0Y=,q2zYex15GR/cQO/PhCvi57FGGtQ=
6,14,f3QbwlN2b0ozXpKlH8ljSfixB0Y=,q2zYex15GR/cQO/PhCvi57FGGtQ=
6,15,HHXdkA1a4C228sMxXKRtaI8e2ec=,+DU+SpWFlo4jugH8k0JtSxo9I1g=
6,12,HHXdkA1a4C228sMxXKRtaI8e2ec=,3e4EE8xoCMohldAv6xy3XiFyxgY=
6,13,HHXdkA1a4C228sMxXKRtaI8e2ec=,JOmZvgHllCdxa403zzGOh0brQHA=
6,10,63qofdLJgM22QItbrZv7/zSF9ts=,JOmZvgHllCdxa403zzGOh0brQHA=
6,11,63qofdLJgM22QItbrZv7/zSF9ts=,33xiiETPdW0ZTfe/iF9czmW5to0=
6,8,63qofdLJgM22QItbrZv7/zSF9ts=,YNSb5UA2chrchK+0g3qAehLpC2s=
6,9,63qofdLJgM22QItbrZv7/zSF9ts=,CQzA/zuPeDAZNRUvpVkGe+BmO9Q=
7,7,hu5GuUgZAdZAGYPTVCHjUE8CvYg=,8+8BDGS7x9oUbkcMNkWqeRBYDNY=
7,6,hu5GuUgZAdZAGYPTVCHjUE8CvYg=,37cV2/lFdQredmbNBLpVQoumyJ4=
7,5,hu5GuUgZAdZAGYPTVCHjUE8CvYg=,37cV2/lFdQredmbNBLpVQoumyJ4=
7,4,W4CnJa3a5dKtU50dJIOKhNUMkIs=,37cV2/lFdQredmbNBLpVQoumyJ4=
7,3,W4CnJa3a5dKtU50dJIOKhNUMkIs=,FdVv8Ljef3aB08hp7BVFENwA2Oc=
7,18,W4CnJa3a5dKtU50dJIOKhNUMkIs=,OkKML5lvegjCJVHm/TNaTVZzx/k=
7,2,W4CnJa3a5dKtU50dJIOKhNUMkIs=,1Pagv1umLUx7oUNjedZghcDqUYM=
7,17,7mecxYkMVjQVQnSZkIFLLUfA820=,OkKML5lvegjCJVHm/TNaTVZzx/k=
7,1,7mecxYkMVjQVQnSZkIFLLUfA820=,1Pagv1umLUx7oUNjedZghcDqUYM=
7,0,7mecxYkMVjQVQnSZkIFLLUfA820=,ZBr7zoRgX0JXDHMe4aunV6SnkVk=
7,16,7mecxYkMVjQVQnSZkIFLLUfA820=,cfinmlm97T01sFNRhqAA2wgyr18=
7,15,X2FcSoIxmyG2dVs3rioVf1R/ma0=,2BTcT3MDPEdzwILm3Xwv+B632DQ=
7,14,X2FcSoIxmyG2dVs3rioVf1R/ma0=,2BTcT3MDPEdzwILm3Xwv+B632DQ=
7,13,X2FcSoIxmyG2dVs3rioVf1R/ma0=,yhBnU2yoKQre7sWiZNJWOf1OyyQ=
7,12,X2FcSoIxmyG2dVs3rioVf1R/ma0=,M9a3crrkzro2tejk0iiV5lQoxr8=
7,11,cBGFZeRDnfuugfYF/zQM0lC6nyw=,Zr9NqZG6RmmW7wH81Ww4nLJCcmA=
7,10,cBGFZeRDnfuugfYF/zQM0lC6nyw=,Zr9NqZG6RmmW7wH81Ww4nLJCcmA=
7,9,cBGFZeRDnfuugfYF/zQM0lC6nyw=,E3NwBsB6Ex4o4lAkITBqN/jlYk4=
7,8,cBGFZeRDnfuugfYF/zQM0lC6nyw=,fhV0+dznHJDE3JdlEK2O+meNN50=
8,8,C5z6MN5eGnEMfAHCmnoMNRpdgHY=,wv8AeZp+B4wi57STtX0bYeFwVj0=
8,9,C5z6MN5eGnEMfAHCmnoMNRpdgHY=,wv8AeZp+B4wi57STtX0bYeFwVj0=
8,10,C5z6MN5eGnEMfAHCmnoMNRpdgHY=,EwR+X+n05/KjpLR5Lc4eGFiSY6A=
8,11,U3V8ZJ/9EW55KcUGOihHD6r2kO8=,EwR+X+n05/KjpLR5Lc4eGFiSY6A=
8,12,U3V8ZJ/9EW55KcUGOihHD6r2kO8=,0jKA01J5ePYPi1O/fH1Gl/gORpo=
8,13,U3V8ZJ/9EW55KcUGOihHD6r2kO8=,LGmcU+9lcaQOdAqQTvfRnycp/Po=
8,14,U3V8ZJ/9EW55KcUGOihHD6r2kO8=,9cCBqgsrzW/yHzozw6PXd2HLblc=
8,15,7U6ydnSRlOZX3wJJ0z0q921DHfE=,9cCBqgsrzW/yHzozw6PXd2HLblc=
8,16,7U6ydnSRlOZX3wJJ0z0q921DHfE=,XS6Raq7zGFcTDuF6j+NojV6w/TA=
8,0,7U6ydnSRlOZX3wJJ0z0q921DHfE=,c/EOMeUQjcNMuer6bYg0jOTSbH8=
8,1,7U6ydnSRlOZX3wJJ0z0q921DHfE=,WEMpsqn86G3VZ2RIlhjoejxNoJg=
8,17,7U6ydnSRlOZX3wJJ0z0q921DHfE=,6mECbq8/93ObZiBliIb+HJ8yhKc=
8,2,4qxbA1UhkWz/OiE/+0vBUel+x6I=,+z8eu5TnQW/RuUfhAS7L0ItVGWQ=
8,18,4qxbA1UhkWz/OiE/+0vBUel+x6I=,6mECbq8/93ObZiBliIb+HJ8yhKc=
8,3,4qxbA1UhkWz/OiE/+0vBUel+x6I=,57GFjNGNPf1bMaQAxxMQOdOoKcs=
8,4,4qxbA1UhkWz/OiE/+0vBUel+x6I=,80Y6LM3sB+OMNnwPJA7AcisP3lI=
8,5,y7pC1mlYEG8sNvute4MYX8GJbs8=,80Y6LM3sB+OMNnwPJA7AcisP3lI=
8,6,y7pC1mlYEG8sNvute4MYX8GJbs8=,tDBgavK7CngcOMntC1dfXuIr7gc=
8,7,y7pC1mlYEG8sNvute4MYX8GJbs8=,RQfIqjfaxsP1ov5EL1kLf6QFaGM=
9,9,6mcxS1n6vaRhkdn4Ozn6/D114G8=,s5DL2BeGUinYm70dBlp3RWJpSqo=
9,8,6mcxS1n6vaRhkdn4Ozn6/D114G8=,2CRZdJ9P7r/0r5W8I0dWqrli7IE=
9,11,6mcxS1n6vaRhkdn4Ozn6/D114G8=,FV+eoZPqJAY2n7115ntTv1Dbo/A=
9,10,zFF47Qj8Etify4u9Cc6oQwqkU2s=,gLXDoneg+kJfIYajc7FAfxRf/oE=
9,13,zFF47Qj8Etify4u9Cc6oQwqkU2s=,gLXDoneg+kJfIYajc7FAfxRf/oE=
9,12,zFF47Qj8Etify4u9Cc6oQwqkU2s=,f1IK0kUZa9hSViJVocnCvQhowZ4=
9,15,igm/gArLFJssfikJYTNnaLgEHAA=,9YtEH9Om6DccmbnQmVElucDJQxU=
9,14,igm/gArLFJssfikJYTNnaLgEHAA=,kWZCSQH90iCQBWVAiEhWikqqFgw=
9,1,igm/gArLFJssfikJYTNnaLgEHAA=,EWyctLnYEK1mlyJu46+/zwuVHQI=
9,17,igm/gArLFJssfikJYTNnaLgEHAA=,qKEj9MfPnuePY050qZV8hBQOxj4=
9,16,igm/gArLFJssfikJYTNnaLgEHAA=,xf0w2U8kmtHRXHLsSYW2fiCg0P0=
9,0,igm/gArLFJssfikJYTNnaLgEHAA=,v5qkv2Nllw6S37risZshdrdaJuI=
9,3,u3wdgyAnUXC7JTu2CReHGw38a6Q=,dLR1/JNWNTT2vK3MWEOkiKgft58=
9,2,u3wdgyAnUXC7JTu2CReHGw38a6Q=,qklX+RruClyrunA9+OAYpxXKhe8=
9,18,u3wdgyAnUXC7JTu2CReHGw38a6Q=,plKra3apDKKIZ3hJnqicLRvdLtc=
9,5,u3wdgyAnUXC7JTu2CReHGw38a6Q=,Jc/ujXtBbnBYB0TYvp5E5H/MiQU=
9,4,eLCPqtXJvdx93qVihkvbJsG0TmU=,55LlyaOFxkj69pj2G0SEgfUNiuc=
9,7,eLCPqtXJvdx93qVihkvbJsG0TmU=,9dSu2M8vPMfTJUsHj3n7DkTqMvU=
9,6,eLCPqtXJvdx93qVihkvbJsG0TmU=,JVuq93GM0N4jJllCWiQYQOmJvnM=
10,10,EyD8uPrAgWDbWIHMZnA/+7l+LvA=,YTMNVADMbsqlkxrn1nPS+J4ZmpA=
10,11,EyD8uPrAgWDbWIHMZnA/+7l+LvA=,YTMNVADMbsqlkxrn1nPS+J4ZmpA=
10,8,EyD8uPrAgWDbWIHMZnA/+7l+LvA=,/6Wz0HFhULo+fuDDc8trTsK+wQI=
10,9,UBSibsX45WVx21BfLT/hSdcLDCA=,sAgd7KzyU3jbcaNi1uH2vCKiasc=
10,14,UBSibsX45WVx21BfLT/hSdcLDCA=,sAgd7KzyU3jbcaNi1uH2vCKiasc=
10,15,UBSibsX45WVx21BfLT/hSdcLDCA=,sAgd7KzyU3jbcaNi1uH2vCKiasc=
10,12,UBSibsX45WVx21BfLT/hSdcLDCA=,x4vhKlcbGhHfochmIpQ5WvwrR6k=
10,13,DLtuGZVGEYFXusiPmpLXmko2usY=,+84K4qh7uq1ujILNCtp8337aIbs=
10,18,DLtuGZVGEYFXusiPmpLXmko2usY=,PpjnEx3GenjAC5VHe+3NRWCUpYQ=
10,2,DLtuGZVGEYFXusiPmpLXmko2usY=,mjg/e2BkfRrQV4vKxCxNdL+i+Ag=
10,3,DLtuGZVGEYFXusiPmpLXmko2usY=,9BKHpZvbFxssvUerCTOCOws/JSE=
10,0,DLtuGZVGEYFXusiPmpLXmko2usY=,EhrrUp6liSgNc4GOcpJm5/mEXDs=
10,16,DLtuGZVGEYFXusiPmpLXmko2usY=,nHhY4RjlFlx+gTjX9xsOQKKeIOA=
10,1,k3BvZhe56O9BhPTQ4EjU0bBlfjU=,g9UhSPV+CnblXg+/g5zdeRU6NII=
10,17,k3BvZhe56O9BhPTQ4EjU0bBlfjU=,mCRMflfuSmpD3fFZPzasvYza+k4=
10,6,k3BvZhe56O9BhPTQ4EjU0bBlfjU=,URkndbfeBaeVqLIQFjBujfwt4AM=
10,7,k3BvZhe56O9BhPTQ4EjU0bBlfjU=,URkndbfeBaeVqLIQFjBujfwt4AM=
10,4,k3BvZhe56O9BhPTQ4EjU0bBlfjU=,ql8bRKz8yeOqF9K0PBXwRdEC9PA=
10,5,k3BvZhe56O9BhPTQ4EjU0bBlfjU=,ql8bRKz8yeOqF9K0PBXwRdEC9PA=
11,11,NUmvQS+inw+BkplLzMl4EjvFmPQ=,IL7UpWy1It15FNUxgM0Xpo58Ktw=
11,10,NUmvQS+inw+BkplLzMl4EjvFmPQ=,IL7UpWy1It15FNUxgM0Xpo58Ktw=
11,9,NUmvQS+inw+BkplLzMl4EjvFmPQ=,IL7UpWy1It15FNUxgM0Xpo58Ktw=
11,8,NUmvQS+inw+BkplLzMl4EjvFmPQ=,JHHNDzGFp1FVSFenUIaUXQ0FAxc=
11,15,NUmvQS+inw+BkplLzMl4EjvFmPQ=,fiAV2D4AXGwsgDOKSnV6qK05YfQ=
11,14,NUmvQS+inw+BkplLzMl4EjvFmPQ=,xQHhP43+iz3OFbNaoxfAJ3RfnIk=
11,13,NUmvQS+inw+BkplLzMl4EjvFmPQ=,xQHhP43+iz3OFbNaoxfAJ3RfnIk=
11,12,vjU+FFqRVuciOYx5BdxCIBmWaw0=,xQHhP43+iz3OFbNaoxfAJ3RfnIk=
11,3,vjU+FFqRVuciOYx5BdxCIBmWaw0=,xQHhP43+iz3OFbNaoxfAJ3RfnIk=
11,2,vjU+FFqRVuciOYx5BdxCIBmWaw0=,xQHhP43+iz3OFbNaoxfAJ3RfnIk=
11,18,vjU+FFqRVuciOYx5BdxCIBmWaw0=,/xTQKRGWZdTKvdC/AfuB1db5sYo=
11,17,vjU+FFqRVuciOYx5BdxCIBmWaw0=,CjhxC1Bvgz4vN3DsYLiE5uw4QQg=
11,1,vjU+FFqRVuciOYx5BdxCIBmWaw0=,UZ5DJNXJ2NCog1JTTZCvusRqWVo=
11,16,vjU+FFqRVuciOYx5BdxCIBmWaw0=,CjhxC1Bvgz4vN3DsYLiE5uw4QQg=
11,0,vjU+FFqRVuciOYx5BdxCIBmWaw0=,1uD/E1JlJopJGz6/bpCsATxUIFE=
11,7,vjU+FFqRVuciOYx5BdxCIBmWaw0=,1uD/E1JlJopJGz6/bpCsATxUIFE=
11,6,M3GjNQmvllUwEPftfJAGih2kYxU=,tcDvmelpEDCr9YUP7rJiiBkie9Q=
11,5,M3GjNQmvllUwEPftfJAGih2kYxU=,870VEquZs3zpiUxZP8DRfYCjWJg=
11,4,M3GjNQmvllUwEPftfJAGih2kYxU=,870VEquZs3zpiUxZP8DRfYCjWJg=
12,12,rtvXEFLadJIqPmOsFVTAYsrgWxI=,52S6y/8nNhNujWh+CKnF6yTofUk=
12,13,rtvXEFLadJIqPmOsFVTAYsrgWxI=,RSyRj1DwkWW2flbOKZ4fFyL/Y0g=
12,14,rtvXEFLadJIqPmOsFVTAYsrgWxI=,RSyRj1DwkWW2flbOKZ4fFyL/Y0g=
12,15,rtvXEFLadJIqPmOsFVTAYsrgWxI=,RSyRj1DwkWW2flbOKZ4fFyL/Y0g=
12,8,rtvXEFLadJIqPmOsFVTAYsrgWxI=,RSyRj1DwkWW2flbOKZ4fFyL/Y0g=
12,9,rtvXEFLadJIqPmOsFVTAYsrgWxI=,RSyRj1DwkWW2flbOKZ4fFyL/Y0g=
12,10,rtvXEFLadJIqPmOsFVTAYsrgWxI=,gtWw/Rh+QjkWgnTvDVerqX6aiH4=
12,11,rtvXEFLadJIqPmOsFVTAYsrgWxI=,gtWw/Rh+QjkWgnTvDVerqX6aiH4=
12,4,ML5Y5PPHXRMub40s1/NKQxrS/dA=,gtWw/Rh+QjkWgnTvDVerqX6aiH4=
12,5,ML5Y5PPHXRMub40s1/NKQxrS/dA=,oTrnfM3nUe7pnPMg+QU95GPKPdc=
12,6,ML5Y5PPHXRMub40s1/NKQxrS/dA=,oTrnfM3nUe7pnPMg+QU95GPKPdc=
12,7,ML5Y5PPHXRMub40s1/NKQxrS/dA=,oTrnfM3nUe7pnPMg+QU95GPKPdc=
12,0,ML5Y5PPHXRMub40s1/NKQxrS/dA=,oTrnfM3nUe7pnPMg+QU95GPKPdc=
12,16,ML5Y5PPHXRMub40s1/NKQxrS/dA=,XVIis6xQN67k3vwS+J6tKSQRGBc=
12,1,ML5Y5PPHXRMub40s1/NKQxrS/dA=,NqdzRBHS4wgXhusJzB5GOG2QdRU=
12,17,ML5Y5PPHXRMub40s1/NKQxrS/dA=,NzZkdc233+9d2lwCwkpWU2OftmY=
12,18,VIuDMhOSwQjyhZe4CqrU6iMKG9Q=,/4KSAsnLFunxf+aiWsfiQgFKQu8=
12,2,VIuDMhOSwQjyhZe4CqrU6iMKG9Q=,zBLGo7nTnu8HRB9J3LpIuJ8siQU=
12,3,VIuDMhOSwQjyhZe4CqrU6iMKG9Q=,z8D79Yt0Sr8MEqF1Id4MzDGrsQg=
13,13,UySuGzE+a/zmuMCKJhKSCnZseAs=,nSIlmdWHWAhb7JaQp3hnAehamhg=
13,12,UySuGzE+a/zmuMCKJhKSCnZseAs=,FFxJtJVU/040039k5LhIWUuHpOA=
13,15,UySuGzE+a/zmuMCKJhKSCnZseAs=,FFxJtJVU/040039k5LhIWUuHpOA=
13,14,UySuGzE+a/zmuMCKJhKSCnZseAs=,zA9xp26J7N1EcMw4yhqT0UXT/cY=
13,9,UySuGzE+a/zmuMCKJhKSCnZseAs=,V0v81SnLXkCTMK+CV1d7oIlBoAM=
13,8,UySuGzE+a/zmuMCKJhKSCnZseAs=,V0v81SnLXkCTMK+CV1d7oIlBoAM=
13,11,UySuGzE+a/zmuMCKJhKSCnZseAs=,V0v81SnLXkCTMK+CV1d7oIlBoAM=
13,10,UySuGzE+a/zmuMCKJhKSCnZseAs=,V0v81SnLXkCTMK+CV1d7oIlBoAM=
13,5,UySuGzE+a/zmuMCKJhKSCnZseAs=,V0v81SnLXkCTMK+CV1d7oIlBoAM=
13,4,UySuGzE+a/zmuMCKJhKSCnZseAs=,V0v81SnLXkCTMK+CV1d7oIlBoAM=
13,7,5XI4bohV0DHDBUOeOrwoiHzqDYA=,SUzg+qJ93LpXRKsNh2Vdn4TWBBw=
13,6,5XI4bohV0DHDBUOeOrwoiHzqDYA=,SUzg+qJ93LpXRKsNh2Vdn4TWBBw=
13,17,5XI4bohV0DHDBUOeOrwoiHzqDYA=,6URqPFo50wx1kJa26v9SYk801pc=
13,1,5XI4bohV0DHDBUOeOrwoiHzqDYA=,7WL6gkC2XRMIRdXEK7eFaHsxccg=
13,16,5XI4bohV0DHDBUOeOrwoiHzqDYA=,6URqPFo50wx1kJa26v9SYk801pc=
13,0,5XI4bohV0DHDBUOeOrwoiHzqDYA=,7WL6gkC2XRMIRdXEK7eFaHsxccg=
13,3,5XI4bohV0DHDBUOeOrwoiHzqDYA=,7WL6gkC2XRMIRdXEK7eFaHsxccg=
13,18,5XI4bohV0DHDBUOeOrwoiHzqDYA=,3/46+MSRbyh+KJsF2zosUDb/yQk=
13,2,5XI4bohV0DHDBUOeOrwoiHzqDYA=,2uxgVDM47sgUWWplvW1gtf8YmtI=
14,14,lSR6L2MErsnl4OgN1EPFSZ8zjNA=,6WT1yX5bWNghPT54tGpJoz5K79M=
14,15,lSR6L2MErsnl4OgN1EPFSZ8zjNA=,6WT1yX5bWNghPT54tGpJoz5K79M=
14,12,lSR6L2MErsnl4OgN1EPFSZ8zjNA=,6WT1yX5bWNghPT54tGpJoz5K79M=
14,13,lSR6L2MErsnl4OgN1EPFSZ8zjNA=,6WT1yX5bWNghPT54tGpJoz5K79M=
14,10,w+LZkKHKzSLrVFaQ508tsJrqj6U=,6WT1yX5bWNghPT54tGpJoz5K79M=
14,11,w+LZkKHKzSLrVFaQ508tsJrqj6U=,6WT1yX5bWNghPT54tGpJoz5K79M=
14,8,w+LZkKHKzSLrVFaQ508tsJrqj6U=,1a2SKmRVKopUnB4Z4DCq87nmRJ0=
14,9,w+LZkKHKzSLrVFaQ508tsJrqj6U=,YmOPd9Ey7QFfwAXxcg281uEV/Vk=
14,6,w+LZkKHKzSLrVFaQ508tsJrqj6U=,ItJcfgjOPhkA3BZ8J8zElav9+Sc=
14,7,w+LZkKHKzSLrVFaQ508tsJrqj6U=,ItJcfgjOPhkA3BZ8J8zElav9+Sc=
14,4,w+LZkKHKzSLrVFaQ508tsJrqj6U=,ItJcfgjOPhkA3BZ8J8zElav9+Sc=
14,5,w+LZkKHKzSLrVFaQ508tsJrqj6U=,ItJcfgjOPhkA3BZ8J8zElav9+Sc=
14,18,w+LZkKHKzSLrVFaQ508tsJrqj6U=,JUwzjvNv4sh0Wwz+wytlxomec/A=
14,2,w+LZkKHKzSLrVFaQ508tsJrqj6U=,ItJcfgjOPhkA3BZ8J8zElav9+Sc=
14,3,9obb1dCFF8+lcUQC7QXzIZKe8i4=,ItJcfgjOPhkA3BZ8J8zElav9+Sc=
14,16,9obb1dCFF8+lcUQC7QXzIZKe8i4=,39cS7uFpApBSuyz4ZWzdw2E1eLM=
14,0,9obb1dCFF8+lcUQC7QXzIZKe8i4=,cB06Yltg07ZERH/U2TQjlvjKUV0=
14,17,9obb1dCFF8+lcUQC7QXzIZKe8i4=,JX31dGinmDv87RlURtVNIGDRQPg=
14,1,9obb1dCFF8+lcUQC7QXzIZKe8i4=,2c+GH8hmNw7g11zIrYqv2aNng1g=
15,15,VDZfopC6WqQqClMQW8aDKJvNzxc=,OG458g1oLMLQ6cfvb9yazkxrPIo=
15,14,VDZfopC6WqQqClMQW8aDKJvNzxc=,OG458g1oLMLQ6cfvb9yazkxrPIo=
15,13,VDZfopC6WqQqClMQW8aDKJvNzxc=,OG458g1oLMLQ6cfvb9yazkxrPIo=
15,12,VDZfopC6WqQqClMQW8aDKJvNzxc=,JGnfOPnj46Gc13e9yIyvNBKjfR0=
15,11,lfC7p++KEFQE7T99p+5IMSZygjo=,PgbbVlkwef9oU+0Fhju3K8ijhyY=
15,10,lfC7p++KEFQE7T99p+5IMSZygjo=,xQFzn7Hm1CmIMCsHSRi8ax7YLFo=
15,9,lfC7p++KEFQE7T99p+5IMSZygjo=,xQFzn7Hm1CmIMCsHSRi8ax7YLFo=
15,8,lfC7p++KEFQE7T99p+5IMSZygjo=,xQFzn7Hm1CmIMCsHSRi8ax7YLFo=
15,7,lfC7p++KEFQE7T99p+5IMSZygjo=,xQFzn7Hm1CmIMCsHSRi8ax7YLFo=
15,6,lfC7p++KEFQE7T99p+5IMSZygjo=,xQFzn7Hm1CmIMCsHSRi8ax7YLFo=
15,5,lfC7p++KEFQE7T99p+5IMSZygjo=,xQFzn7Hm1CmIMCsHSRi8ax7YLFo=
15,4,lfC7p++KEFQE7T99p+5IMSZygjo=,xQFzn7Hm1CmIMCsHSRi8ax7YLFo=
15,3,lfC7p++KEFQE7T99p+5IMSZygjo=,NBe8ag24WnWp2737KLbywCVOmM8=
15,2,lfC7p++KEFQE7T99p+5IMSZygjo=,YTQ7Z8VbgSnkj5zpomoFPiKTclk=
15,18,lfC7p++KEFQE7T99p+5IMSZygjo=,wsHkCIji/FPBTnB105Cp8SRsj2w=
15,17,+e3VVrYuJ9QjJlE3FYN/I5gYjH0=,FTBqdLtNwa37jzZdpXZesa3In04=
15,1,lfC7p++KEFQE7T99p+5IMSZygjo=,O46Eq4GNxWXiVefBjXnctIh6JG0=
15,16,+e3VVrYuJ9QjJlE3FYN/I5gYjH0=,FTBqdLtNwa37jzZdpXZesa3In04=
15,0,+e3VVrYuJ9QjJlE3FYN/I5gYjH0=,O46Eq4GNxWXiVefBjXnctIh6JG0=
16,16,qaczbetqru/9BwUlA0ffCkNf/qE=,yEDF6xgnAPxwFkPTgylyLyfvx2Q=
16,17,qaczbetqru/9BwUlA0ffCkNf/qE=,yEDF6xgnAPxwFkPTgylyLyfvx2Q=
16,18,qaczbetqru/9BwUlA0ffCkNf/qE=,8oat69SxKpXafR4o/KdN9MPWM+E=
16,0,+km5g23l0PIIDAYc0BFFLV1kOFo=,gs18e+VDEg+FRXsvUK6CMT9nQWo=
16,1,ztA6l4BAUGN2Yh/nmpPCe5Y0xts=,mfnyR0j3QJZ19Us3qWW9oBAzw9Y=
16,2,HOq+2JhH7Rv0mGfGoEPQAGWn21U=,mfnyR0j3QJZ19Us3qWW9oBAzw9Y=
16,3,W864rAeiyG4QHchFb+/nkgC5pJQ=,mfnyR0j3QJZ19Us3qWW9oBAzw9Y=
16,4,W864rAeiyG4QHchFb+/nkgC5pJQ=,mfnyR0j3QJZ19Us3qWW9oBAzw9Y=
16,5,W864rAeiyG4QHchFb+/nkgC5pJQ=,mfnyR0j3QJZ19Us3qWW9oBAzw9Y=
16,6,W864rAeiyG4QHchFb+/nkgC5pJQ=,xyUmhwH1AiPHMCVB3y8FdfbIyfw=
16,7,W864rAeiyG4QHchFb+/nkgC5pJQ=,xyUmhwH1AiPHMCVB3y8FdfbIyfw=
16,8,W864rAeiyG4QHchFb+/nkgC5pJQ=,mqgcwMR2p/NgO1FjwscvdBl/mDU=
16,9,W864rAeiyG4QHchFb+/nkgC5pJQ=,0b//3OG81uQavtxIsPPgx8YSZhE=
16,10,W864rAeiyG4QHchFb+/nkgC5pJQ=,0b//3OG81uQavtxIsPPgx8YSZhE=
16,11,W864rAeiyG4QHchFb+/nkgC5pJQ=,0b//3OG81uQavtxIsPPgx8YSZhE=
16,12,W864rAeiyG4QHchFb+/nkgC5pJQ=,0b//3OG81uQavtxIsPPgx8YSZhE=
16,13,qaczbetqru/9BwUlA0ffCkNf/qE=,0b//3OG81uQavtxIsPPgx8YSZhE=
16,14,qaczbetqru/9BwUlA0ffCkNf/qE=,0b//3OG81uQavtxIsPPgx8YSZhE=
16,15,qaczbetqru/9BwUlA0ffCkNf/qE=,/IwEbmb5WUIgpfazDUlMDybNXU0=
17,17,cBJkpzSA3G4kUQuHN+OkxTJijhc=,kagFfdmDmVsrUsF0UXwtB89P++A=
17,16,SMre1aVx/jYv46fUgtD8iVWMyPE=,6FXD0jsPAppxPOuYDQc2nChFXv0=
17,18,SMre1aVx/jYv46fUgtD8iVWMyPE=,kiY3f9v2QMBGRlvNVb9t+G4x6Nk=
17,1,agiSXRhmbEH0DmO68TUiNzYtkdo=,VVKdCwhepvuo1EfeoTTyikCgIv4=
17,0,mghPbhsWEQoZ3B+mR9U7Bzow0yQ=,VVKdCwhepvuo1EfeoTTyikCgIv4=
17,3,mghPbhsWEQoZ3B+mR9U7Bzow0yQ=,VVKdCwhepvuo1EfeoTTyikCgIv4=
17,2,mghPbhsWEQoZ3B+mR9U7Bzow0yQ=,iRZYpawFk0asKD9YH5fFGLKBTP8=
17,5,mghPbhsWEQoZ3B+mR9U7Bzow0yQ=,aAexATM8mJGkmRXkF+TZB/2e4OY=
17,4,mghPbhsWEQoZ3B+mR9U7Bzow0yQ=,FGq33Q7slzLoWeqNx50fdwFYGA8=
17,7,mghPbhsWEQoZ3B+mR9U7Bzow0yQ=,FGq33Q7slzLoWeqNx50fdwFYGA8=
17,6,mghPbhsWEQoZ3B+mR9U7Bzow0yQ=,FGq33Q7slzLoWeqNx50fdwFYGA8=
17,9,mghPbhsWEQoZ3B+mR9U7Bzow0yQ=,FGq33Q7slzLoWeqNx50fdwFYGA8=
17,8,cBJkpzSA3G4kUQuHN+OkxTJijhc=,FGq33Q7slzLoWeqNx50fdwFYGA8=
17,11,cBJkpzSA3G4kUQuHN+OkxTJijhc=,FGq33Q7slzLoWeqNx50fdwFYGA8=
17,10,cBJkpzSA3G4kUQuHN+OkxTJijhc=,U0tlwM5Rxd4JcT1F9H5MUItQrBI=
17,13,cBJkpzSA3G4kUQuHN+OkxTJijhc=,ZDa2VERSwy7N9gQzRFrGLS2oF6Y=
17,12,cBJkpzSA3G4kUQuHN+OkxTJijhc=,sf8ElEBKtjyYnpZQq2q6kehDd64=
17,15,cBJkpzSA3G4kUQuHN+OkxTJijhc=,IwFlNvw6EaBQIaZAk4AADawfZ+E=
17,14,cBJkpzSA3G4kUQuHN+OkxTJijhc=,IwFlNvw6EaBQIaZAk4AADawfZ+E=
18,18,8FPd0jqb4aY6chMTIMsdIaSyGiw=,rzg+qGfhmvDjA3JJnMx/JOz8Q0Q=
18,16,8FPd0jqb4aY6chMTIMsdIaSyGiw=,rzg+qGfhmvDjA3JJnMx/JOz8Q0Q=
18,17,KVY/RlT8U/iivnnATaIafh6h37I=,d8KqyNz/NXZZChRKqMvdR2bdGWE=
18,2,x7WsWk5yApoVf3ZPHOz3mWG+35o=,SymvQVbQvO1IiCnbQdPLYcw1ejw=
18,3,x7WsWk5yApoVf3ZPHOz3mWG+35o=,+VS7yKp5c7W+JkZVLD3Lq7Q1HN4=
18,0,x7WsWk5yApoVf3ZPHOz3mWG+35o=,FdvWuoa67qgfaUUH1ZsOSvblvnI=
18,1,x7WsWk5yApoVf3ZPHOz3mWG+35o=,uR6/lLnbWabUw2a1p/7ednxU7bc=
18,6,x7WsWk5yApoVf3ZPHOz3mWG+35o=,uR6/lLnbWabUw2a1p/7ednxU7bc=
18,7,CZogcOhw46SchPOt1cC2U6M3ZXQ=,uR6/lLnbWabUw2a1p/7ednxU7bc=
18,4,CZogcOhw46SchPOt1cC2U6M3ZXQ=,uR6/lLnbWabUw2a1p/7ednxU7bc=
18,5,CZogcOhw46SchPOt1cC2U6M3ZXQ=,Rde1k/vOTPXSGa3NFOrkyiWDUhQ=
18,10,CZogcOhw46SchPOt1cC2U6M3ZXQ=,RaOfBFqRc48++6O8KkMCB/bxRCI=
18,11,CZogcOhw46SchPOt1cC2U6M3ZXQ=,RaOfBFqRc48++6O8KkMCB/bxRCI=
18,8,CZogcOhw46SchPOt1cC2U6M3ZXQ=,/j1uwNNqvLoawsb4aCbWeJokOD0=
18,9,CZogcOhw46SchPOt1cC2U6M3ZXQ=,/j1uwNNqvLoawsb4aCbWeJokOD0=
18,14,CZogcOhw46SchPOt1cC2U6M3ZXQ=,/j1uwNNqvLoawsb4aCbWeJokOD0=
18,15,8FPd0jqb4aY6chMTIMsdIaSyGiw=,/j1uwNNqvLoawsb4aCbWeJokOD0=
18,12,8FPd0jqb4aY6chMTIMsdIaSyGiw=,/j1uwNNqvLoawsb4aCbWeJokOD0=
18,13,8FPd0jqb4aY6chMTIMsdIaSyGiw=,/j1uwNNqvLoawsb4aCbWeJokOD0=
19,18,lPExiR8mwcfQ9waKTBf0VMba3yU=,GiXVdBKb9oHX5WNGYukJedOUBWc=
19,17,vdQl3MdlZgIx/9yqPpyz5FrvVFY=,PLUryzsM8c5YKf4v9e9+ynDdO3g=
19,16,vdQl3MdlZgIx/9yqPpyz5FrvVFY=,PLUryzsM8c5YKf4v9e9+ynDdO3g=
19,3,AMFQWaryZsYY1xqn6TKMpZ8HyFc=,VsoQfoJxnEES+VX+zwruJqRWlTA=
19,2,AMFQWaryZsYY1xqn6TKMpZ8HyFc=,VsoQfoJxnEES+VX+zwruJqRWlTA=
19,1,AMFQWaryZsYY1xqn6TKMpZ8HyFc=,VsoQfoJxnEES+VX+zwruJqRWlTA=
19,0,AMFQWaryZsYY1xqn6TKMpZ8HyFc=,VsoQfoJxnEES+VX+zwruJqRWlTA=
19,7,TKmesrYEmE7N+LpCZMtFFLClXZs=,fJGMRr47E0v5YZjPwWmEbqVJBVU=
19,6,TKmesrYEmE7N+LpCZMtFFLClXZs=,fJGMRr47E0v5YZjPwWmEbqVJBVU=
19,5,TKmesrYEmE7N+LpCZMtFFLClXZs=,3ciB0x8Z/xnC6P2QIY2BqoxUSZ0=
19,4,TKmesrYEmE7N+LpCZMtFFLClXZs=,3ciB0x8Z/xnC6P2QIY2BqoxUSZ0=
19,11,TKmesrYEmE7N+LpCZMtFFLClXZs=,3ciB0x8Z/xnC6P2QIY2BqoxUSZ0=
19,10,TKmesrYEmE7N+LpCZMtFFLClXZs=,3ciB0x8Z/xnC6P2QIY2BqoxUSZ0=
19,9,TKmesrYEmE7N+LpCZMtFFLClXZs=,vX+h6cNzrNWz1O7uPavIRHDp6/s=
19,8,lPExiR8mwcfQ9waKTBf0VMba3yU=,vX+h6cNzrNWz1O7uPavIRHDp6/s=
19,15,lPExiR8mwcfQ9waKTBf0VMba3yU=,vX+h6cNzrNWz1O7uPavIRHDp6/s=
19,14,lPExiR8mwcfQ9waKTBf0VMba3yU=,OfDIeD9LUnFqHPGINehnyfaHqbQ=
19,13,lPExiR8mwcfQ9waKTBf0VMba3yU=,OfDIeD9LUnFqHPGINehnyfaHqbQ=
19,12,lPExiR8mwcfQ9waKTBf0VMba3yU=,OfDIeD9LUnFqHPGINehnyfaHqbQ=
20,16,Xwu4ELMHoTHq9hFe03gmk6XvSi8=,+F1ssnGCkF7d77W5df/ZiQ8CwNQ=
20,17,Xwu4ELMHoTHq9hFe03gmk6XvSi8=,Rrnsu+H6amj33XKaicZJzO8Mly4=
20,18,cWYDxQqRDtzHqoCfBH0pw2mjLTw=,Rrnsu+H6amj33XKaicZJzO8Mly4=
20,4,G8JxeS0lB0Qpw8PhidoU60EKSSY=,F01/fDm8FY1bDVVPOgsyBPYOJ/M=
20,5,G8JxeS0lB0Qpw8PhidoU60EKSSY=,F01/fDm8FY1bDVVPOgsyBPYOJ/M=
20,6,G8JxeS0lB0Qpw8PhidoU60EKSSY=,66pwmjXq4NzrN8lyydCa/2Fj6Iw=
20,7,G8JxeS0lB0Qpw8PhidoU60EKSSY=,66pwmjXq4NzrN8lyydCa/2Fj6Iw=
20,0,G8JxeS0lB0Qpw8PhidoU60EKSSY=,66pwmjXq4NzrN8lyydCa/2Fj6Iw=
20,1,G8JxeS0lB0Qpw8PhidoU60EKSSY=,Mb990ovPg4H+dvJEuEFo5eODs0s=
20,2,hbajxEe3px7+Ff/5GBDnyoErMic=,+Eg91dpSQOqG2fNCbdYLfdy0p58=
20,3,hbajxEe3px7+Ff/5GBDnyoErMic=,WdJy0JrNzly9yMcgkpAB62vDnvw=
20,12,hbajxEe3px7+Ff/5GBDnyoErMic=,8ghmxu+oCYJ8kmYFHgD0IOEajkc=
20,13,hbajxEe3px7+Ff/5GBDnyoErMic=,8ghmxu+oCYJ8kmYFHgD0IOEajkc=
20,14,hbajxEe3px7+Ff/5GBDnyoErMic=,8ghmxu+oCYJ8kmYFHgD0IOEajkc=
20,15,0OE1CGQYVnMBpuEiZHeV5c5b0SQ=,8ghmxu+oCYJ8kmYFHgD0IOEajkc=
20,8,Lyza21binpQxBzYNDjbwcuVNd9c=,8ghmxu+oCYJ8kmYFHgD0IOEajkc=
20,9,Lyza21binpQxBzYNDjbwcuVNd9c=,ghGTIA+6SkCPV+kjYGjpNTkpffg=
20,10,Lyza21binpQxBzYNDjbwcuVNd9c=,o4WYVZ2q8TiyMnlI+3b0ql/WqmI=
20,11,Lyza21binpQxBzYNDjbwcuVNd9c=,qGIcozk/bjhcyYVt5RaTV0EG2bQ=
21,17,WwBDqocAzGJD3Nhmc4T/zs++T2Y=,drha0PW44xouXDlhVQmZavX+2nA=
21,16,B4uD1UXGXn1NxSnEjL9APQldKxk=,drha0PW44xouXDlhVQmZavX+2nA=
21,18,B4uD1UXGXn1NxSnEjL9APQldKxk=,UNs1uQKM6wYdNxffYWHCl8skHvA=
21,5,2vxSzgeLAkzEza8/bcrsNZV0JKM=,G6gc9SwPzJsLmEPdl2/HbiumQ1c=
21,4,2vxSzgeLAkzEza8/bcrsNZV0JKM=,G6gc9SwPzJsLmEPdl2/HbiumQ1c=
21,7,2vxSzgeLAkzEza8/bcrsNZV0JKM=,G6gc9SwPzJsLmEPdl2/HbiumQ1c=
21,6,2vxSzgeLAkzEza8/bcrsNZV0JKM=,G6gc9SwPzJsLmEPdl2/HbiumQ1c=
21,1,2vxSzgeLAkzEza8/bcrsNZV0JKM=,GsZvwLXmGjU4PwjMCZ3E9uEHYu8=
21,0,2vxSzgeLAkzEza8/bcrsNZV0JKM=,ycMM/M3tZ30k6tQvQbmKSiMNvQ8=
21,3,oPpVocNudkYFZ/hjKzYiaLloW+g=,ycMM/M3tZ30k6tQvQbmKSiMNvQ8=
21,2,oPpVocNudkYFZ/hjKzYiaLloW+g=,ycMM/M3tZ30k6tQvQbmKSiMNvQ8=
21,13,oPpVocNudkYFZ/hjKzYiaLloW+g=,ycMM/M3tZ30k6tQvQbmKSiMNvQ8=
21,12,oPpVocNudkYFZ/hjKzYiaLloW+g=,r0wMsCEXdxZmfVdly9tOdyuKBF4=
21,15,oPpVocNudkYFZ/hjKzYiaLloW+g=,Vm+ueazVbmqeVBkc3io3EfyiVNk=
21,14,oPpVocNudkYFZ/hjKzYiaLloW+g=,Vm+ueazVbmqeVBkc3io3EfyiVNk=
21,9,oPpVocNudkYFZ/hjKzYiaLloW+g=,Mf2Ue/wLNiVK2e60TsXE8ZYFP3A=
21,8,oPpVocNudkYFZ/hjKzYiaLloW+g=,Mf2Ue/wLNiVK2e60TsXE8ZYFP3A=
21,11,WwBDqocAzGJD3Nhmc4T/zs++T2Y=,Mf2Ue/wLNiVK2e60TsXE8ZYFP3A=
21,10,WwBDqocAzGJD3Nhmc4T/zs++T2Y=,Mf2Ue/wLNiVK2e60TsXE8ZYFP3A=
22,18,lJItjgsPdJ0ws3PeWpht/Xz6tO8=,pC+VMBMHZ/7jUnOblYuM/IS/eFI=
22,16,lJItjgsPdJ0ws3PeWpht/Xz6tO8=,0Ou7mkMm7MqghWKK076phO00Nyg=
22,17,lJItjgsPdJ0ws3PeWpht/Xz6tO8=,0Ou7mkMm7MqghWKK076phO00Nyg=
22,6,I+G8WHjiaP9cpaZPpcTssXPoNW4=,36oD/X/BfaecSn3c1l3t5241fFs=
22,7,I+G8WHjiaP9cpaZPpcTssXPoNW4=,71MjWflbHOgMohStukR+zhtDJv8=
22,4,I+G8WHjiaP9cpaZPpcTssXPoNW4=,kpRxR15GeSCCDegVWH7BF0s7G5k=
22,5,I+G8WHjiaP9cpaZPpcTssXPoNW4=,kpRxR15GeSCCDegVWH7BF0s7G5k=
22,2,mmwz5gNYM7ZzLeJaEX5F7dEiRjE=,kpRxR15GeSCCDegVWH7BF0s7G5k=
22,3,mmwz5gNYM7ZzLeJaEX5F7dEiRjE=,kpRxR15GeSCCDegVWH7BF0s7G5k=
22,0,mmwz5gNYM7ZzLeJaEX5F7dEiRjE=,u3dJsSwV2PGzYXuVQE8n96QXqKc=
22,1,mmwz5gNYM7ZzLeJaEX5F7dEiRjE=,5A5NmYOJjVQDz99sjHRhobxI2vI=
22,14,mmwz5gNYM7ZzLeJaEX5F7dEiRjE=,CnAW9BRzGnssa7IgvzKOF+IP9JQ=
22,15,mmwz5gNYM7ZzLeJaEX5F7dEiRjE=,CnAW9BRzGnssa7IgvzKOF+IP9JQ=
22,12,mmwz5gNYM7ZzLeJaEX5F7dEiRjE=,CnAW9BRzGnssa7IgvzKOF+IP9JQ=
22,13,KXl4nTecqgkgHIle/Gf/59lF+aI=,CnAW9BRzGnssa7IgvzKOF+IP9JQ=
22,10,KXl4nTecqgkgHIle/Gf/59lF+aI=,CnAW9BRzGnssa7IgvzKOF+IP9JQ=
22,11,KXl4nTecqgkgHIle/Gf/59lF+aI=,CnAW9BRzGnssa7IgvzKOF+IP9JQ=
22,8,KXl4nTecqgkgHIle/Gf/59lF+aI=,Vg1wGjNHpQVP5gosMDRKV96a45E=
22,9,KXl4nTecqgkgHIle/Gf/59lF+aI=,Ge63PNr0NJo3//UU/NFqrLUFrlI=
23,18,V4XQfhYaLlW86M6bvJ9cjn4jU9U=,3q0ZsB8sEVsm7Zz/NPeWgaEdtEM=
23,17,V4XQfhYaLlW86M6bvJ9cjn4jU9U=,3q0ZsB8sEVsm7Zz/NPeWgaEdtEM=
23,16,V4XQfhYaLlW86M6bvJ9cjn4jU9U=,KD2tVBzIxQ5LVvFYxG3+pZ2zV+k=
23,7,Yz4qx9bvJp8zxu9XSWJEfNVKIEI=,JQuYOiDCUJ4fCG9tvY1dpaKEpqo=
23,6,Yz4qx9bvJp8zxu9XSWJEfNVKIEI=,JQuYOiDCUJ4fCG9tvY1dpaKEpqo=
23,5,/7TMOXrPdnUHpqMYg/orjouLiJQ=,JQuYOiDCUJ4fCG9tvY1dpaKEpqo=
23,4,/7TMOXrPdnUHpqMYg/orjouLiJQ=,JQuYOiDCUJ4fCG9tvY1dpaKEpqo=
23,3,/7TMOXrPdnUHpqMYg/orjouLiJQ=,JQuYOiDCUJ4fCG9tvY1dpaKEpqo=
23,2,/7TMOXrPdnUHpqMYg/orjouLiJQ=,oWhqS4pzAUUcdipdVAzxzczaZa8=
23,1,/7TMOXrPdnUHpqMYg/orjouLiJQ=,oWhqS4pzAUUcdipdVAzxzczaZa8=
23,0,/7TMOXrPdnUHpqMYg/orjouLiJQ=,UG/hozPQRbf1/DiNpfXy7NoefFc=
23,15,/7TMOXrPdnUHpqMYg/orjouLiJQ=,UG/hozPQRbf1/DiNpfXy7NoefFc=
23,14,/7TMOXrPdnUHpqMYg/orjouLiJQ=,UG/hozPQRbf1/DiNpfXy7NoefFc=
23,13,/7TMOXrPdnUHpqMYg/orjouLiJQ=,UG/hozPQRbf1/DiNpfXy7NoefFc=
23,12,/7TMOXrPdnUHpqMYg/orjouLiJQ=,fpN2yBIvsDf2woKW2Mttt5TGDsY=
23,11,/7TMOXrPdnUHpqMYg/orjouLiJQ=,LuBPRIqqFw3NzMiwYOaVzccZn20=
23,10,/7TMOXrPdnUHpqMYg/orjouLiJQ=,LuBPRIqqFw3NzMiwYOaVzccZn20=
23,9,V4XQfhYaLlW86M6bvJ9cjn4jU9U=,LuBPRIqqFw3NzMiwYOaVzccZn20=
23,8,V4XQfhYaLlW86M6bvJ9cjn4jU9U=,LuBPRIqqFw3NzMiwYOaVzccZn20=
