-76,-37,RTQbwsvu1u93EWofYtPxwJ3xu8A=,alOeRaricVFpRbnl3GdJoK4h9Ls=
-77,-37,KdnbsiP4Pa2hpz6UkwCOkkscS9E=,6Qa4rVizOcWxysgZPhDkbiPvoGc=
-77,-36,KdnbsiP4Pa2hpz6UkwCOkkscS9E=,Ir3vzQKUgST6yzxt+spmeYe19U8=
-77,-38,KdnbsiP4Pa2hpz6UkwCOkkscS9E=,6Qa4rVizOcWxysgZPhDkbiPvoGc=
-76,-36,KdnbsiP4Pa2hpz6UkwCOkkscS9E=,ISlfnfZr7dMJXXpefiDYMMoL600=
-78,-38,KdnbsiP4Pa2hpz6UkwCOkkscS9E=,6Qa4rVizOcWxysgZPhDkbiPvoGc=
-75,-36,KdnbsiP4Pa2hpz6UkwCOkkscS9E=,ISlfnfZr7dMJXXpefiDYMMoL600=
-78,-37,KdnbsiP4Pa2hpz6UkwCOkkscS9E=,6Qa4rVizOcWxysgZPhDkbiPvoGc=
-78,-35,KdnbsiP4Pa2hpz6UkwCOkkscS9E=,Ir3vzQKUgST6yzxt+spmeYe19U8=
-75,-35,KdnbsiP4Pa2hpz6UkwCOkkscS9E=,ISlfnfZr7dMJXXpefiDYMMoL600=
-78,-36,KdnbsiP4Pa2hpz6UkwCOkkscS9E=,Ir3vzQKUgST6yzxt+spmeYe19U8=
-77,-35,KdnbsiP4Pa2hpz6UkwCOkkscS9E=,Ir3vzQKUgST6yzxt+spmeYe19U8=
-75,-38,KdnbsiP4Pa2hpz6UkwCOkkscS9E=,alOeRaricVFpRbnl3GdJoK4h9Ls=
-76,-38,KdnbsiP4Pa2hpz6UkwCOkkscS9E=,alOeRaricVFpRbnl3GdJoK4h9Ls=
-75,-37,KdnbsiP4Pa2hpz6UkwCOkkscS9E=,alOeRaricVFpRbnl3GdJoK4h9Ls=
-76,-35,KdnbsiP4Pa2hpz6UkwCOkkscS9E=,ISlfnfZr7dMJXXpefiDYMMoL600=
-73,-37,kcw5PPjgH+NRFWTNVoPwZDhY08s=,alOeRaricVFpRbnl3GdJoK4h9Ls=
-73,-38,kcw5PPjgH+NRFWTNVoPwZDhY08s=,alOeRaricVFpRbnl3GdJoK4h9Ls=
-74,-37,kcw5PPjgH+NRFWTNVoPwZDhY08s=,alOeRaricVFpRbnl3GdJoK4h9Ls=
-73,-36,kcw5PPjgH+NRFWTNVoPwZDhY08s=,ISlfnfZr7dMJXXpefiDYMMoL600=
-74,-38,kcw5PPjgH+NRFWTNVoPwZDhY08s=,alOeRaricVFpRbnl3GdJoK4h9Ls=
-73,-35,kcw5PPjgH+NRFWTNVoPwZDhY08s=,ISlfnfZr7dMJXXpefiDYMMoL600=
-74,-35,kcw5PPjgH+NRFWTNVoPwZDhY08s=,ISlfnfZr7dMJXXpefiDYMMoL600=
-72,-37,kcw5PPjgH+NRFWTNVoPwZDhY08s=,+nxRgAOZrtFHq2osCapmyuxOp6I=
-74,-36,kcw5PPjgH+NRFWTNVoPwZDhY08s=,ISlfnfZr7dMJXXpefiDYMMoL600=
-71,-37,kcw5PPjgH+NRFWTNVoPwZDhY08s=,+nxRgAOZrtFHq2osCapmyuxOp6I=
-71,-35,kcw5PPjgH+NRFWTNVoPwZDhY08s=,981jtMxsNLGg1cP2cGe3V+lAcmU=
-72,-35,kcw5PPjgH+NRFWTNVoPwZDhY08s=,981jtMxsNLGg1cP2cGe3V+lAcmU=
-71,-38,kcw5PPjgH+NRFWTNVoPwZDhY08s=,+nxRgAOZrtFHq2osCapmyuxOp6I=
-72,-38,kcw5PPjgH+NRFWTNVoPwZDhY08s=,+nxRgAOZrtFHq2osCapmyuxOp6I=
-71,-36,kcw5PPjgH+NRFWTNVoPwZDhY08s=,981jtMxsNLGg1cP2cGe3V+lAcmU=
-72,-36,kcw5PPjgH+NRFWTNVoPwZDhY08s=,981jtMxsNLGg1cP2cGe3V+lAcmU=
-67,-37,EZn9IdJt0TL32xdzw54npnnuzzw=,KoUbF+cqQuddak1O8iPiaw67v4Y=
-68,-37,EZn9IdJt0TL32xdzw54npnnuzzw=,KoUbF+cqQuddak1O8iPiaw67v4Y=
-69,-37,6g/5Nq6YjBiRthskZUMP3hyT6BQ=,+nxRgAOZrtFHq2osCapmyuxOp6I=
-70,-35,EZn9IdJt0TL32xdzw54npnnuzzw=,981jtMxsNLGg1cP2cGe3V+lAcmU=
-69,-36,EZn9IdJt0TL32xdzw54npnnuzzw=,981jtMxsNLGg1cP2cGe3V+lAcmU=
-69,-38,6g/5Nq6YjBiRthskZUMP3hyT6BQ=,+nxRgAOZrtFHq2osCapmyuxOp6I=
-70,-36,EZn9IdJt0TL32xdzw54npnnuzzw=,981jtMxsNLGg1cP2cGe3V+lAcmU=
-67,-35,EZn9IdJt0TL32xdzw54npnnuzzw=,7oo94BsIXY4nW9riNxg3VodQUFc=
-67,-38,EZn9IdJt0TL32xdzw54npnnuzzw=,KoUbF+cqQuddak1O8iPiaw67v4Y=
-69,-35,EZn9IdJt0TL32xdzw54npnnuzzw=,981jtMxsNLGg1cP2cGe3V+lAcmU=
-68,-35,zu00FsWMy81+43eWZdlMfqoC790=,7oo94BsIXY4nW9riNxg3VodQUFc=
-67,-36,zu00FsWMy81+43eWZdlMfqoC790=,7oo94BsIXY4nW9riNxg3VodQUFc=
-68,-38,EZn9IdJt0TL32xdzw54npnnuzzw=,KoUbF+cqQuddak1O8iPiaw67v4Y=
-70,-37,EZn9IdJt0TL32xdzw54npnnuzzw=,+nxRgAOZrtFHq2osCapmyuxOp6I=
-68,-36,zu00FsWMy81+43eWZdlMfqoC790=,7oo94BsIXY4nW9riNxg3VodQUFc=
-70,-38,6g/5Nq6YjBiRthskZUMP3hyT6BQ=,+nxRgAOZrtFHq2osCapmyuxOp6I=
-69,-40,+xELdCGq4IGVp8z6K++xqFqgpR0=,+nxRgAOZrtFHq2osCapmyuxOp6I=
-69,-42,+xELdCGq4IGVp8z6K++xqFqgpR0=,84Dmq3hteoX8qFEbWTdGR7TgJ28=
-70,-40,+xELdCGq4IGVp8z6K++xqFqgpR0=,+nxRgAOZrtFHq2osCapmyuxOp6I=
-70,-41,+xELdCGq4IGVp8z6K++xqFqgpR0=,84Dmq3hteoX8qFEbWTdGR7TgJ28=
-67,-42,+xELdCGq4IGVp8z6K++xqFqgpR0=,5067iI7K3nwiX2bKqcisxB/Rb2k=
-69,-39,+xELdCGq4IGVp8z6K++xqFqgpR0=,+nxRgAOZrtFHq2osCapmyuxOp6I=
-70,-42,+xELdCGq4IGVp8z6K++xqFqgpR0=,84Dmq3hteoX8qFEbWTdGR7TgJ28=
-67,-40,+xELdCGq4IGVp8z6K++xqFqgpR0=,KoUbF+cqQuddak1O8iPiaw67v4Y=
-70,-39,+xELdCGq4IGVp8z6K++xqFqgpR0=,+nxRgAOZrtFHq2osCapmyuxOp6I=
-68,-40,+xELdCGq4IGVp8z6K++xqFqgpR0=,KoUbF+cqQuddak1O8iPiaw67v4Y=
-69,-41,+xELdCGq4IGVp8z6K++xqFqgpR0=,84Dmq3hteoX8qFEbWTdGR7TgJ28=
-68,-42,+xELdCGq4IGVp8z6K++xqFqgpR0=,5067iI7K3nwiX2bKqcisxB/Rb2k=
-68,-39,+xELdCGq4IGVp8z6K++xqFqgpR0=,KoUbF+cqQuddak1O8iPiaw67v4Y=
-68,-41,+xELdCGq4IGVp8z6K++xqFqgpR0=,5067iI7K3nwiX2bKqcisxB/Rb2k=
-67,-39,+xELdCGq4IGVp8z6K++xqFqgpR0=,KoUbF+cqQuddak1O8iPiaw67v4Y=
-67,-41,+xELdCGq4IGVp8z6K++xqFqgpR0=,5067iI7K3nwiX2bKqcisxB/Rb2k=
-69,-45,+xELdCGq4IGVp8z6K++xqFqgpR0=,bMXSZUAWAC1qt9d+VlmjG5UzNFo=
-69,-44,+xELdCGq4IGVp8z6K++xqFqgpR0=,84Dmq3hteoX8qFEbWTdGR7TgJ28=
-68,-44,+xELdCGq4IGVp8z6K++xqFqgpR0=,5067iI7K3nwiX2bKqcisxB/Rb2k=
-67,-45,+xELdCGq4IGVp8z6K++xqFqgpR0=,agkGHOeFvoHzGpEpKLLV9QtV5Mg=
-69,-46,+xELdCGq4IGVp8z6K++xqFqgpR0=,bMXSZUAWAC1qt9d+VlmjG5UzNFo=
-70,-45,+xELdCGq4IGVp8z6K++xqFqgpR0=,bMXSZUAWAC1qt9d+VlmjG5UzNFo=
-67,-44,+xELdCGq4IGVp8z6K++xqFqgpR0=,5067iI7K3nwiX2bKqcisxB/Rb2k=
-68,-45,+xELdCGq4IGVp8z6K++xqFqgpR0=,agkGHOeFvoHzGpEpKLLV9QtV5Mg=
-70,-46,+xELdCGq4IGVp8z6K++xqFqgpR0=,bMXSZUAWAC1qt9d+VlmjG5UzNFo=
-70,-43,+xELdCGq4IGVp8z6K++xqFqgpR0=,84Dmq3hteoX8qFEbWTdGR7TgJ28=
-67,-46,+xELdCGq4IGVp8z6K++xqFqgpR0=,agkGHOeFvoHzGpEpKLLV9QtV5Mg=
-69,-43,+xELdCGq4IGVp8z6K++xqFqgpR0=,84Dmq3hteoX8qFEbWTdGR7TgJ28=
-68,-43,+xELdCGq4IGVp8z6K++xqFqgpR0=,5067iI7K3nwiX2bKqcisxB/Rb2k=
-70,-44,+xELdCGq4IGVp8z6K++xqFqgpR0=,84Dmq3hteoX8qFEbWTdGR7TgJ28=
-67,-43,+xELdCGq4IGVp8z6K++xqFqgpR0=,5067iI7K3nwiX2bKqcisxB/Rb2k=
-68,-46,+xELdCGq4IGVp8z6K++xqFqgpR0=,agkGHOeFvoHzGpEpKLLV9QtV5Mg=
-72,-41,wJaCQnVzwOJdACXt37rRAQZNHYo=,84Dmq3hteoX8qFEbWTdGR7TgJ28=
-71,-41,wJaCQnVzwOJdACXt37rRAQZNHYo=,84Dmq3hteoX8qFEbWTdGR7TgJ28=
-72,-42,wJaCQnVzwOJdACXt37rRAQZNHYo=,84Dmq3hteoX8qFEbWTdGR7TgJ28=
-72,-40,wJaCQnVzwOJdACXt37rRAQZNHYo=,+nxRgAOZrtFHq2osCapmyuxOp6I=
-73,-41,wJaCQnVzwOJdACXt37rRAQZNHYo=,Vra0Pn7krxmylVmYPo1lhdrcO5g=
-71,-40,wJaCQnVzwOJdACXt37rRAQZNHYo=,+nxRgAOZrtFHq2osCapmyuxOp6I=
-73,-40,HKvjDZyPhyJ5ZmaXAnYQcOO/Flk=,alOeRaricVFpRbnl3GdJoK4h9Ls=
-74,-39,wJaCQnVzwOJdACXt37rRAQZNHYo=,alOeRaricVFpRbnl3GdJoK4h9Ls=
-71,-42,wJaCQnVzwOJdACXt37rRAQZNHYo=,84Dmq3hteoX8qFEbWTdGR7TgJ28=
-74,-42,wJaCQnVzwOJdACXt37rRAQZNHYo=,Vra0Pn7krxmylVmYPo1lhdrcO5g=
-73,-39,HKvjDZyPhyJ5ZmaXAnYQcOO/Flk=,alOeRaricVFpRbnl3GdJoK4h9Ls=
-74,-40,HKvjDZyPhyJ5ZmaXAnYQcOO/Flk=,alOeRaricVFpRbnl3GdJoK4h9Ls=
-71,-39,wJaCQnVzwOJdACXt37rRAQZNHYo=,+nxRgAOZrtFHq2osCapmyuxOp6I=
-74,-41,HKvjDZyPhyJ5ZmaXAnYQcOO/Flk=,Vra0Pn7krxmylVmYPo1lhdrcO5g=
-73,-42,wJaCQnVzwOJdACXt37rRAQZNHYo=,Vra0Pn7krxmylVmYPo1lhdrcO5g=
-72,-39,wJaCQnVzwOJdACXt37rRAQZNHYo=,+nxRgAOZrtFHq2osCapmyuxOp6I=
-72,-44,BjmGUsRWBI41vy3uMSHgvdfJ9Kc=,84Dmq3hteoX8qFEbWTdGR7TgJ28=
-73,-44,BjmGUsRWBI41vy3uMSHgvdfJ9Kc=,Vra0Pn7krxmylVmYPo1lhdrcO5g=
-73,-43,BjmGUsRWBI41vy3uMSHgvdfJ9Kc=,Vra0Pn7krxmylVmYPo1lhdrcO5g=
-74,-43,BjmGUsRWBI41vy3uMSHgvdfJ9Kc=,Vra0Pn7krxmylVmYPo1lhdrcO5g=
-77,-40,eDa30dtlX3ghWGQjJMiWY2Ft5+M=,6Qa4rVizOcWxysgZPhDkbiPvoGc=
-72,-43,BjmGUsRWBI41vy3uMSHgvdfJ9Kc=,84Dmq3hteoX8qFEbWTdGR7TgJ28=
-71,-45,BjmGUsRWBI41vy3uMSHgvdfJ9Kc=,bMXSZUAWAC1qt9d+VlmjG5UzNFo=
-78,-40,eDa30dtlX3ghWGQjJMiWY2Ft5+M=,6Qa4rVizOcWxysgZPhDkbiPvoGc=
-72,-45,BjmGUsRWBI41vy3uMSHgvdfJ9Kc=,bMXSZUAWAC1qt9d+VlmjG5UzNFo=
-71,-46,BjmGUsRWBI41vy3uMSHgvdfJ9Kc=,bMXSZUAWAC1qt9d+VlmjG5UzNFo=
-76,-41,BjmGUsRWBI41vy3uMSHgvdfJ9Kc=,Vra0Pn7krxmylVmYPo1lhdrcO5g=
-74,-44,eDa30dtlX3ghWGQjJMiWY2Ft5+M=,Vra0Pn7krxmylVmYPo1lhdrcO5g=
-77,-41,eDa30dtlX3ghWGQjJMiWY2Ft5+M=,8rTmsvItHep/TVJDWDdGTWQP4bY=
-71,-44,BjmGUsRWBI41vy3uMSHgvdfJ9Kc=,84Dmq3hteoX8qFEbWTdGR7TgJ28=
-76,-40,eDa30dtlX3ghWGQjJMiWY2Ft5+M=,alOeRaricVFpRbnl3GdJoK4h9Ls=
-78,-41,eDa30dtlX3ghWGQjJMiWY2Ft5+M=,8rTmsvItHep/TVJDWDdGTWQP4bY=
-71,-43,eDa30dtlX3ghWGQjJMiWY2Ft5+M=,84Dmq3hteoX8qFEbWTdGR7TgJ28=
-76,-42,BjmGUsRWBI41vy3uMSHgvdfJ9Kc=,Vra0Pn7krxmylVmYPo1lhdrcO5g=
-77,-42,eDa30dtlX3ghWGQjJMiWY2Ft5+M=,8rTmsvItHep/TVJDWDdGTWQP4bY=
-72,-46,BjmGUsRWBI41vy3uMSHgvdfJ9Kc=,bMXSZUAWAC1qt9d+VlmjG5UzNFo=
-78,-42,eDa30dtlX3ghWGQjJMiWY2Ft5+M=,8rTmsvItHep/TVJDWDdGTWQP4bY=
-75,-41,eDa30dtlX3ghWGQjJMiWY2Ft5+M=,Vra0Pn7krxmylVmYPo1lhdrcO5g=
-73,-45,BjmGUsRWBI41vy3uMSHgvdfJ9Kc=,RgsiraxLtfxhf2OYTAmk5C5F/wY=
-74,-45,eDa30dtlX3ghWGQjJMiWY2Ft5+M=,RgsiraxLtfxhf2OYTAmk5C5F/wY=
-73,-46,BjmGUsRWBI41vy3uMSHgvdfJ9Kc=,RgsiraxLtfxhf2OYTAmk5C5F/wY=
-78,-39,eDa30dtlX3ghWGQjJMiWY2Ft5+M=,6Qa4rVizOcWxysgZPhDkbiPvoGc=
-75,-40,eDa30dtlX3ghWGQjJMiWY2Ft5+M=,alOeRaricVFpRbnl3GdJoK4h9Ls=
-74,-46,eDa30dtlX3ghWGQjJMiWY2Ft5+M=,RgsiraxLtfxhf2OYTAmk5C5F/wY=
-76,-39,eDa30dtlX3ghWGQjJMiWY2Ft5+M=,alOeRaricVFpRbnl3GdJoK4h9Ls=
-77,-39,eDa30dtlX3ghWGQjJMiWY2Ft5+M=,6Qa4rVizOcWxysgZPhDkbiPvoGc=
-75,-42,eDa30dtlX3ghWGQjJMiWY2Ft5+M=,Vra0Pn7krxmylVmYPo1lhdrcO5g=
-75,-39,eDa30dtlX3ghWGQjJMiWY2Ft5+M=,alOeRaricVFpRbnl3GdJoK4h9Ls=
-78,-46,pm+3kRZ1IaHnr6/Y3fr0JIvJESs=,ZaJ1abiJYeTrZvrq2q/d4mQ2kmw=
-76,-45,pm+3kRZ1IaHnr6/Y3fr0JIvJESs=,RgsiraxLtfxhf2OYTAmk5C5F/wY=
-75,-43,pm+3kRZ1IaHnr6/Y3fr0JIvJESs=,Vra0Pn7krxmylVmYPo1lhdrcO5g=
-75,-44,pm+3kRZ1IaHnr6/Y3fr0JIvJESs=,Vra0Pn7krxmylVmYPo1lhdrcO5g=
-78,-44,pm+3kRZ1IaHnr6/Y3fr0JIvJESs=,8rTmsvItHep/TVJDWDdGTWQP4bY=
-76,-46,pm+3kRZ1IaHnr6/Y3fr0JIvJESs=,RgsiraxLtfxhf2OYTAmk5C5F/wY=
-76,-43,pm+3kRZ1IaHnr6/Y3fr0JIvJESs=,Vra0Pn7krxmylVmYPo1lhdrcO5g=
-78,-43,pm+3kRZ1IaHnr6/Y3fr0JIvJESs=,8rTmsvItHep/TVJDWDdGTWQP4bY=
-77,-45,pm+3kRZ1IaHnr6/Y3fr0JIvJESs=,ZaJ1abiJYeTrZvrq2q/d4mQ2kmw=
-77,-43,pm+3kRZ1IaHnr6/Y3fr0JIvJESs=,8rTmsvItHep/TVJDWDdGTWQP4bY=
-75,-45,pm+3kRZ1IaHnr6/Y3fr0JIvJESs=,RgsiraxLtfxhf2OYTAmk5C5F/wY=
-77,-46,pm+3kRZ1IaHnr6/Y3fr0JIvJESs=,ZaJ1abiJYeTrZvrq2q/d4mQ2kmw=
-77,-44,pm+3kRZ1IaHnr6/Y3fr0JIvJESs=,8rTmsvItHep/TVJDWDdGTWQP4bY=
-78,-45,pm+3kRZ1IaHnr6/Y3fr0JIvJESs=,ZaJ1abiJYeTrZvrq2q/d4mQ2kmw=
-75,-46,pm+3kRZ1IaHnr6/Y3fr0JIvJESs=,RgsiraxLtfxhf2OYTAmk5C5F/wY=
-76,-44,pm+3kRZ1IaHnr6/Y3fr0JIvJESs=,Vra0Pn7krxmylVmYPo1lhdrcO5g=
-78,-48,cjX8NTuVoXVZJPuNjMJNNcktIhQ=,ZaJ1abiJYeTrZvrq2q/d4mQ2kmw=
-76,-48,cjX8NTuVoXVZJPuNjMJNNcktIhQ=,RgsiraxLtfxhf2OYTAmk5C5F/wY=
-75,-48,cjX8NTuVoXVZJPuNjMJNNcktIhQ=,RgsiraxLtfxhf2OYTAmk5C5F/wY=
-77,-48,cjX8NTuVoXVZJPuNjMJNNcktIhQ=,ZaJ1abiJYeTrZvrq2q/d4mQ2kmw=
-78,-47,cjX8NTuVoXVZJPuNjMJNNcktIhQ=,ZaJ1abiJYeTrZvrq2q/d4mQ2kmw=
-76,-47,cjX8NTuVoXVZJPuNjMJNNcktIhQ=,RgsiraxLtfxhf2OYTAmk5C5F/wY=
-75,-47,cjX8NTuVoXVZJPuNjMJNNcktIhQ=,RgsiraxLtfxhf2OYTAmk5C5F/wY=
-77,-47,cjX8NTuVoXVZJPuNjMJNNcktIhQ=,ZaJ1abiJYeTrZvrq2q/d4mQ2kmw=
-80,-44,cjX8NTuVoXVZJPuNjMJNNcktIhQ=,8rTmsvItHep/TVJDWDdGTWQP4bY=
-80,-46,cjX8NTuVoXVZJPuNjMJNNcktIhQ=,ZaJ1abiJYeTrZvrq2q/d4mQ2kmw=
-79,-43,cjX8NTuVoXVZJPuNjMJNNcktIhQ=,8rTmsvItHep/TVJDWDdGTWQP4bY=
-79,-45,cjX8NTuVoXVZJPuNjMJNNcktIhQ=,ZaJ1abiJYeTrZvrq2q/d4mQ2kmw=
-79,-44,cjX8NTuVoXVZJPuNjMJNNcktIhQ=,8rTmsvItHep/TVJDWDdGTWQP4bY=
-79,-46,cjX8NTuVoXVZJPuNjMJNNcktIhQ=,ZaJ1abiJYeTrZvrq2q/d4mQ2kmw=
-80,-45,cjX8NTuVoXVZJPuNjMJNNcktIhQ=,ZaJ1abiJYeTrZvrq2q/d4mQ2kmw=
-80,-43,cjX8NTuVoXVZJPuNjMJNNcktIhQ=,8rTmsvItHep/TVJDWDdGTWQP4bY=
-80,-41,zMj9jA7erS3DNPrz10XCAEOBJBs=,8rTmsvItHep/TVJDWDdGTWQP4bY=
-79,-40,zMj9jA7erS3DNPrz10XCAEOBJBs=,6Qa4rVizOcWxysgZPhDkbiPvoGc=
-80,-39,zMj9jA7erS3DNPrz10XCAEOBJBs=,6Qa4rVizOcWxysgZPhDkbiPvoGc=
-79,-42,zMj9jA7erS3DNPrz10XCAEOBJBs=,8rTmsvItHep/TVJDWDdGTWQP4bY=
-79,-39,zMj9jA7erS3DNPrz10XCAEOBJBs=,6Qa4rVizOcWxysgZPhDkbiPvoGc=
-79,-41,cjX8NTuVoXVZJPuNjMJNNcktIhQ=,8rTmsvItHep/TVJDWDdGTWQP4bY=
-80,-40,zMj9jA7erS3DNPrz10XCAEOBJBs=,6Qa4rVizOcWxysgZPhDkbiPvoGc=
-80,-42,cjX8NTuVoXVZJPuNjMJNNcktIhQ=,8rTmsvItHep/TVJDWDdGTWQP4bY=
-80,-38,zMj9jA7erS3DNPrz10XCAEOBJBs=,6Qa4rVizOcWxysgZPhDkbiPvoGc=
-80,-37,zMj9jA7erS3DNPrz10XCAEOBJBs=,6Qa4rVizOcWxysgZPhDkbiPvoGc=
-80,-34,zMj9jA7erS3DNPrz10XCAEOBJBs=,Ir3vzQKUgST6yzxt+spmeYe19U8=
-80,-35,zMj9jA7erS3DNPrz10XCAEOBJBs=,Ir3vzQKUgST6yzxt+spmeYe19U8=
-79,-35,zMj9jA7erS3DNPrz10XCAEOBJBs=,Ir3vzQKUgST6yzxt+spmeYe19U8=
-80,-33,zMj9jA7erS3DNPrz10XCAEOBJBs=,Ir3vzQKUgST6yzxt+spmeYe19U8=
-79,-38,zMj9jA7erS3DNPrz10XCAEOBJBs=,6Qa4rVizOcWxysgZPhDkbiPvoGc=
-79,-36,zMj9jA7erS3DNPrz10XCAEOBJBs=,Ir3vzQKUgST6yzxt+spmeYe19U8=
-79,-37,zMj9jA7erS3DNPrz10XCAEOBJBs=,6Qa4rVizOcWxysgZPhDkbiPvoGc=
-79,-33,zMj9jA7erS3DNPrz10XCAEOBJBs=,Ir3vzQKUgST6yzxt+spmeYe19U8=
-79,-34,zMj9jA7erS3DNPrz10XCAEOBJBs=,Ir3vzQKUgST6yzxt+spmeYe19U8=
-80,-36,zMj9jA7erS3DNPrz10XCAEOBJBs=,Ir3vzQKUgST6yzxt+spmeYe19U8=
-79,-48,zMj9jA7erS3DNPrz10XCAEOBJBs=,ZaJ1abiJYeTrZvrq2q/d4mQ2kmw=
-79,-47,zMj9jA7erS3DNPrz10XCAEOBJBs=,ZaJ1abiJYeTrZvrq2q/d4mQ2kmw=
-80,-47,zMj9jA7erS3DNPrz10XCAEOBJBs=,ZaJ1abiJYeTrZvrq2q/d4mQ2kmw=
-80,-48,zMj9jA7erS3DNPrz10XCAEOBJBs=,ZaJ1abiJYeTrZvrq2q/d4mQ2kmw=
-65,-36,EZn9IdJt0TL32xdzw54npnnuzzw=,7oo94BsIXY4nW9riNxg3VodQUFc=
-65,-37,zu00FsWMy81+43eWZdlMfqoC790=,KoUbF+cqQuddak1O8iPiaw67v4Y=
-65,-38,EZn9IdJt0TL32xdzw54npnnuzzw=,KoUbF+cqQuddak1O8iPiaw67v4Y=
-66,-38,EZn9IdJt0TL32xdzw54npnnuzzw=,KoUbF+cqQuddak1O8iPiaw67v4Y=
-66,-37,EZn9IdJt0TL32xdzw54npnnuzzw=,KoUbF+cqQuddak1O8iPiaw67v4Y=
-66,-36,EZn9IdJt0TL32xdzw54npnnuzzw=,7oo94BsIXY4nW9riNxg3VodQUFc=
-66,-35,EZn9IdJt0TL32xdzw54npnnuzzw=,7oo94BsIXY4nW9riNxg3VodQUFc=
-65,-35,zu00FsWMy81+43eWZdlMfqoC790=,7oo94BsIXY4nW9riNxg3VodQUFc=
-65,-40,6g/5Nq6YjBiRthskZUMP3hyT6BQ=,KoUbF+cqQuddak1O8iPiaw67v4Y=
-65,-42,6g/5Nq6YjBiRthskZUMP3hyT6BQ=,5067iI7K3nwiX2bKqcisxB/Rb2k=
-65,-39,6g/5Nq6YjBiRthskZUMP3hyT6BQ=,KoUbF+cqQuddak1O8iPiaw67v4Y=
-66,-42,6g/5Nq6YjBiRthskZUMP3hyT6BQ=,5067iI7K3nwiX2bKqcisxB/Rb2k=
-66,-41,6g/5Nq6YjBiRthskZUMP3hyT6BQ=,5067iI7K3nwiX2bKqcisxB/Rb2k=
-66,-39,6g/5Nq6YjBiRthskZUMP3hyT6BQ=,KoUbF+cqQuddak1O8iPiaw67v4Y=
-66,-40,EZn9IdJt0TL32xdzw54npnnuzzw=,KoUbF+cqQuddak1O8iPiaw67v4Y=
-65,-41,6g/5Nq6YjBiRthskZUMP3hyT6BQ=,5067iI7K3nwiX2bKqcisxB/Rb2k=
-65,-45,zu00FsWMy81+43eWZdlMfqoC790=,agkGHOeFvoHzGpEpKLLV9QtV5Mg=
-65,-46,zu00FsWMy81+43eWZdlMfqoC790=,agkGHOeFvoHzGpEpKLLV9QtV5Mg=
-66,-43,zu00FsWMy81+43eWZdlMfqoC790=,5067iI7K3nwiX2bKqcisxB/Rb2k=
-65,-44,zu00FsWMy81+43eWZdlMfqoC790=,5067iI7K3nwiX2bKqcisxB/Rb2k=
-66,-45,zu00FsWMy81+43eWZdlMfqoC790=,agkGHOeFvoHzGpEpKLLV9QtV5Mg=
-66,-46,zu00FsWMy81+43eWZdlMfqoC790=,agkGHOeFvoHzGpEpKLLV9QtV5Mg=
-66,-44,zu00FsWMy81+43eWZdlMfqoC790=,5067iI7K3nwiX2bKqcisxB/Rb2k=
-65,-43,zu00FsWMy81+43eWZdlMfqoC790=,5067iI7K3nwiX2bKqcisxB/Rb2k=
-77,-34,zu00FsWMy81+43eWZdlMfqoC790=,Ir3vzQKUgST6yzxt+spmeYe19U8=
-76,-34,zu00FsWMy81+43eWZdlMfqoC790=,ISlfnfZr7dMJXXpefiDYMMoL600=
-76,-33,zu00FsWMy81+43eWZdlMfqoC790=,ISlfnfZr7dMJXXpefiDYMMoL600=
-75,-34,zu00FsWMy81+43eWZdlMfqoC790=,ISlfnfZr7dMJXXpefiDYMMoL600=
-75,-33,zu00FsWMy81+43eWZdlMfqoC790=,ISlfnfZr7dMJXXpefiDYMMoL600=
-77,-33,zu00FsWMy81+43eWZdlMfqoC790=,Ir3vzQKUgST6yzxt+spmeYe19U8=
-78,-34,zu00FsWMy81+43eWZdlMfqoC790=,Ir3vzQKUgST6yzxt+spmeYe19U8=
-65,-48,IwGWANHjyRMSQBeMetgHDl0G6CE=,agkGHOeFvoHzGpEpKLLV9QtV5Mg=
-66,-47,IwGWANHjyRMSQBeMetgHDl0G6CE=,agkGHOeFvoHzGpEpKLLV9QtV5Mg=
-78,-33,zu00FsWMy81+43eWZdlMfqoC790=,Ir3vzQKUgST6yzxt+spmeYe19U8=
-65,-47,IwGWANHjyRMSQBeMetgHDl0G6CE=,agkGHOeFvoHzGpEpKLLV9QtV5Mg=
-66,-48,IwGWANHjyRMSQBeMetgHDl0G6CE=,agkGHOeFvoHzGpEpKLLV9QtV5Mg=
-71,-47,IwGWANHjyRMSQBeMetgHDl0G6CE=,bMXSZUAWAC1qt9d+VlmjG5UzNFo=
-67,-48,zu00FsWMy81+43eWZdlMfqoC790=,agkGHOeFvoHzGpEpKLLV9QtV5Mg=
-73,-48,IwGWANHjyRMSQBeMetgHDl0G6CE=,RgsiraxLtfxhf2OYTAmk5C5F/wY=
-70,-47,zu00FsWMy81+43eWZdlMfqoC790=,bMXSZUAWAC1qt9d+VlmjG5UzNFo=
-67,-47,zu00FsWMy81+43eWZdlMfqoC790=,agkGHOeFvoHzGpEpKLLV9QtV5Mg=
-74,-48,IwGWANHjyRMSQBeMetgHDl0G6CE=,RgsiraxLtfxhf2OYTAmk5C5F/wY=
-69,-47,zu00FsWMy81+43eWZdlMfqoC790=,bMXSZUAWAC1qt9d+VlmjG5UzNFo=
-72,-47,IwGWANHjyRMSQBeMetgHDl0G6CE=,bMXSZUAWAC1qt9d+VlmjG5UzNFo=
-73,-47,IwGWANHjyRMSQBeMetgHDl0G6CE=,RgsiraxLtfxhf2OYTAmk5C5F/wY=
-69,-48,zu00FsWMy81+43eWZdlMfqoC790=,bMXSZUAWAC1qt9d+VlmjG5UzNFo=
-74,-47,IwGWANHjyRMSQBeMetgHDl0G6CE=,RgsiraxLtfxhf2OYTAmk5C5F/wY=
-68,-47,zu00FsWMy81+43eWZdlMfqoC790=,agkGHOeFvoHzGpEpKLLV9QtV5Mg=
-68,-48,zu00FsWMy81+43eWZdlMfqoC790=,agkGHOeFvoHzGpEpKLLV9QtV5Mg=
-71,-48,IwGWANHjyRMSQBeMetgHDl0G6CE=,bMXSZUAWAC1qt9d+VlmjG5UzNFo=
-72,-48,IwGWANHjyRMSQBeMetgHDl0G6CE=,bMXSZUAWAC1qt9d+VlmjG5UzNFo=
-71,-34,zu00FsWMy81+43eWZdlMfqoC790=,981jtMxsNLGg1cP2cGe3V+lAcmU=
-70,-48,zu00FsWMy81+43eWZdlMfqoC790=,bMXSZUAWAC1qt9d+VlmjG5UzNFo=
-73,-33,zu00FsWMy81+43eWZdlMfqoC790=,ISlfnfZr7dMJXXpefiDYMMoL600=
-74,-34,zu00FsWMy81+43eWZdlMfqoC790=,ISlfnfZr7dMJXXpefiDYMMoL600=
-73,-34,zu00FsWMy81+43eWZdlMfqoC790=,ISlfnfZr7dMJXXpefiDYMMoL600=
-72,-34,zu00FsWMy81+43eWZdlMfqoC790=,981jtMxsNLGg1cP2cGe3V+lAcmU=
-71,-33,zu00FsWMy81+43eWZdlMfqoC790=,981jtMxsNLGg1cP2cGe3V+lAcmU=
-72,-33,zu00FsWMy81+43eWZdlMfqoC790=,981jtMxsNLGg1cP2cGe3V+lAcmU=
-74,-33,zu00FsWMy81+43eWZdlMfqoC790=,ISlfnfZr7dMJXXpefiDYMMoL600=
-69,-33,EZn9IdJt0TL32xdzw54npnnuzzw=,981jtMxsNLGg1cP2cGe3V+lAcmU=
-67,-33,EZn9IdJt0TL32xdzw54npnnuzzw=,7oo94BsIXY4nW9riNxg3VodQUFc=
-70,-33,EZn9IdJt0TL32xdzw54npnnuzzw=,981jtMxsNLGg1cP2cGe3V+lAcmU=
-70,-34,EZn9IdJt0TL32xdzw54npnnuzzw=,981jtMxsNLGg1cP2cGe3V+lAcmU=
-67,-34,EZn9IdJt0TL32xdzw54npnnuzzw=,7oo94BsIXY4nW9riNxg3VodQUFc=
-66,-33,zMj9jA7erS3DNPrz10XCAEOBJBs=,7oo94BsIXY4nW9riNxg3VodQUFc=
-69,-34,EZn9IdJt0TL32xdzw54npnnuzzw=,981jtMxsNLGg1cP2cGe3V+lAcmU=
-68,-34,EZn9IdJt0TL32xdzw54npnnuzzw=,7oo94BsIXY4nW9riNxg3VodQUFc=
-66,-34,zMj9jA7erS3DNPrz10XCAEOBJBs=,7oo94BsIXY4nW9riNxg3VodQUFc=
-65,-34,zMj9jA7erS3DNPrz10XCAEOBJBs=,7oo94BsIXY4nW9riNxg3VodQUFc=
-68,-33,EZn9IdJt0TL32xdzw54npnnuzzw=,7oo94BsIXY4nW9riNxg3VodQUFc=
-65,-33,zMj9jA7erS3DNPrz10XCAEOBJBs=,7oo94BsIXY4nW9riNxg3VodQUFc=
-77,-52,NDMHHMRmyz85J+wx/1yxjmkPIC8=,LXBb+9FHF24ZyY/B3jrcAdyt56U=
-76,-52,NDMHHMRmyz85J+wx/1yxjmkPIC8=,UKECKjAZEc2Jd2GOBj4mAxCzxOQ=
-76,-53,NDMHHMRmyz85J+wx/1yxjmkPIC8=,peslf51aLw4lElJrLRGjDNudpXY=
-75,-53,NDMHHMRmyz85J+wx/1yxjmkPIC8=,peslf51aLw4lElJrLRGjDNudpXY=
-78,-51,NDMHHMRmyz85J+wx/1yxjmkPIC8=,LXBb+9FHF24ZyY/B3jrcAdyt56U=
-75,-54,NDMHHMRmyz85J+wx/1yxjmkPIC8=,peslf51aLw4lElJrLRGjDNudpXY=
-76,-54,NDMHHMRmyz85J+wx/1yxjmkPIC8=,peslf51aLw4lElJrLRGjDNudpXY=
-75,-51,NDMHHMRmyz85J+wx/1yxjmkPIC8=,UKECKjAZEc2Jd2GOBj4mAxCzxOQ=
-75,-52,NDMHHMRmyz85J+wx/1yxjmkPIC8=,UKECKjAZEc2Jd2GOBj4mAxCzxOQ=
-76,-51,NDMHHMRmyz85J+wx/1yxjmkPIC8=,UKECKjAZEc2Jd2GOBj4mAxCzxOQ=
-77,-54,NDMHHMRmyz85J+wx/1yxjmkPIC8=,zZ0jq9PZU2nLCHEcgaI00BDsWhk=
-77,-51,NDMHHMRmyz85J+wx/1yxjmkPIC8=,LXBb+9FHF24ZyY/B3jrcAdyt56U=
-77,-53,NDMHHMRmyz85J+wx/1yxjmkPIC8=,zZ0jq9PZU2nLCHEcgaI00BDsWhk=
-78,-53,NDMHHMRmyz85J+wx/1yxjmkPIC8=,zZ0jq9PZU2nLCHEcgaI00BDsWhk=
-78,-52,NDMHHMRmyz85J+wx/1yxjmkPIC8=,LXBb+9FHF24ZyY/B3jrcAdyt56U=
-78,-54,NDMHHMRmyz85J+wx/1yxjmkPIC8=,zZ0jq9PZU2nLCHEcgaI00BDsWhk=
-77,-56,m8ydvzk9Y/OJJprCdF88oxU7pKI=,zZ0jq9PZU2nLCHEcgaI00BDsWhk=
-77,-57,m8ydvzk9Y/OJJprCdF88oxU7pKI=,WgSu5ZPLw7TZxTvibZwrgNDlLAo=
-78,-57,m8ydvzk9Y/OJJprCdF88oxU7pKI=,WgSu5ZPLw7TZxTvibZwrgNDlLAo=
-75,-55,N87JZziN7K/p0z/sEr1we30/4oY=,peslf51aLw4lElJrLRGjDNudpXY=
-78,-58,N87JZziN7K/p0z/sEr1we30/4oY=,WgSu5ZPLw7TZxTvibZwrgNDlLAo=
-76,-55,N87JZziN7K/p0z/sEr1we30/4oY=,peslf51aLw4lElJrLRGjDNudpXY=
-78,-55,N87JZziN7K/p0z/sEr1we30/4oY=,zZ0jq9PZU2nLCHEcgaI00BDsWhk=
-77,-55,N87JZziN7K/p0z/sEr1we30/4oY=,zZ0jq9PZU2nLCHEcgaI00BDsWhk=
-75,-56,N87JZziN7K/p0z/sEr1we30/4oY=,peslf51aLw4lElJrLRGjDNudpXY=
-77,-58,m8ydvzk9Y/OJJprCdF88oxU7pKI=,WgSu5ZPLw7TZxTvibZwrgNDlLAo=
-75,-58,N87JZziN7K/p0z/sEr1we30/4oY=,KCAm5IbPQX7igX7p/hfB4DD3Q8U=
-75,-57,N87JZziN7K/p0z/sEr1we30/4oY=,KCAm5IbPQX7igX7p/hfB4DD3Q8U=
-76,-58,N87JZziN7K/p0z/sEr1we30/4oY=,KCAm5IbPQX7igX7p/hfB4DD3Q8U=
-78,-56,N87JZziN7K/p0z/sEr1we30/4oY=,zZ0jq9PZU2nLCHEcgaI00BDsWhk=
-76,-56,m8ydvzk9Y/OJJprCdF88oxU7pKI=,peslf51aLw4lElJrLRGjDNudpXY=
-76,-57,m8ydvzk9Y/OJJprCdF88oxU7pKI=,KCAm5IbPQX7igX7p/hfB4DD3Q8U=
-75,-59,N87JZziN7K/p0z/sEr1we30/4oY=,KCAm5IbPQX7igX7p/hfB4DD3Q8U=
-78,-62,N87JZziN7K/p0z/sEr1we30/4oY=,fxgUcoCDogLYIg0DyKRbxfII9UY=
-76,-59,N87JZziN7K/p0z/sEr1we30/4oY=,KCAm5IbPQX7igX7p/hfB4DD3Q8U=
-78,-59,N87JZziN7K/p0z/sEr1we30/4oY=,WgSu5ZPLw7TZxTvibZwrgNDlLAo=
-77,-59,N87JZziN7K/p0z/sEr1we30/4oY=,WgSu5ZPLw7TZxTvibZwrgNDlLAo=
-77,-60,N87JZziN7K/p0z/sEr1we30/4oY=,WgSu5ZPLw7TZxTvibZwrgNDlLAo=
-75,-60,N87JZziN7K/p0z/sEr1we30/4oY=,KCAm5IbPQX7igX7p/hfB4DD3Q8U=
-76,-60,N87JZziN7K/p0z/sEr1we30/4oY=,KCAm5IbPQX7igX7p/hfB4DD3Q8U=
-75,-61,N87JZziN7K/p0z/sEr1we30/4oY=,/Zm2Y8zHLNenTwdtbUPmHwNYf6A=
-76,-62,N87JZziN7K/p0z/sEr1we30/4oY=,/Zm2Y8zHLNenTwdtbUPmHwNYf6A=
-77,-62,N87JZziN7K/p0z/sEr1we30/4oY=,fxgUcoCDogLYIg0DyKRbxfII9UY=
-78,-61,N87JZziN7K/p0z/sEr1we30/4oY=,fxgUcoCDogLYIg0DyKRbxfII9UY=
-76,-61,N87JZziN7K/p0z/sEr1we30/4oY=,/Zm2Y8zHLNenTwdtbUPmHwNYf6A=
-75,-62,N87JZziN7K/p0z/sEr1we30/4oY=,/Zm2Y8zHLNenTwdtbUPmHwNYf6A=
-77,-61,N87JZziN7K/p0z/sEr1we30/4oY=,fxgUcoCDogLYIg0DyKRbxfII9UY=
-72,-61,N87JZziN7K/p0z/sEr1we30/4oY=,4ua12Wn8rhH7WnNnAM9NCEjXxdA=
-78,-60,N87JZziN7K/p0z/sEr1we30/4oY=,WgSu5ZPLw7TZxTvibZwrgNDlLAo=
-71,-61,N87JZziN7K/p0z/sEr1we30/4oY=,4ua12Wn8rhH7WnNnAM9NCEjXxdA=
-73,-60,m8ydvzk9Y/OJJprCdF88oxU7pKI=,KCAm5IbPQX7igX7p/hfB4DD3Q8U=
-71,-62,N87JZziN7K/p0z/sEr1we30/4oY=,4ua12Wn8rhH7WnNnAM9NCEjXxdA=
-74,-59,N87JZziN7K/p0z/sEr1we30/4oY=,KCAm5IbPQX7igX7p/hfB4DD3Q8U=
-72,-59,N87JZziN7K/p0z/sEr1we30/4oY=,LA/yzfqKrefFqHabNIga/dWMmE8=
-73,-59,N87JZziN7K/p0z/sEr1we30/4oY=,KCAm5IbPQX7igX7p/hfB4DD3Q8U=
-72,-62,N87JZziN7K/p0z/sEr1we30/4oY=,4ua12Wn8rhH7WnNnAM9NCEjXxdA=
-71,-59,N87JZziN7K/p0z/sEr1we30/4oY=,LA/yzfqKrefFqHabNIga/dWMmE8=
-74,-61,N87JZziN7K/p0z/sEr1we30/4oY=,/Zm2Y8zHLNenTwdtbUPmHwNYf6A=
-74,-62,N87JZziN7K/p0z/sEr1we30/4oY=,/Zm2Y8zHLNenTwdtbUPmHwNYf6A=
-73,-61,m8ydvzk9Y/OJJprCdF88oxU7pKI=,/Zm2Y8zHLNenTwdtbUPmHwNYf6A=
-73,-62,N87JZziN7K/p0z/sEr1we30/4oY=,/Zm2Y8zHLNenTwdtbUPmHwNYf6A=
-72,-60,N87JZziN7K/p0z/sEr1we30/4oY=,LA/yzfqKrefFqHabNIga/dWMmE8=
-71,-60,N87JZziN7K/p0z/sEr1we30/4oY=,LA/yzfqKrefFqHabNIga/dWMmE8=
-74,-60,N87JZziN7K/p0z/sEr1we30/4oY=,KCAm5IbPQX7igX7p/hfB4DD3Q8U=
-67,-60,vNdWL8vC7n2EhHXp3VIw2024zlc=,AeWg3pa1x1zDkSDDxy+V641KuuY=
-69,-62,vNdWL8vC7n2EhHXp3VIw2024zlc=,4ua12Wn8rhH7WnNnAM9NCEjXxdA=
-69,-61,vNdWL8vC7n2EhHXp3VIw2024zlc=,4ua12Wn8rhH7WnNnAM9NCEjXxdA=
-68,-59,vNdWL8vC7n2EhHXp3VIw2024zlc=,AeWg3pa1x1zDkSDDxy+V641KuuY=
-69,-60,vNdWL8vC7n2EhHXp3VIw2024zlc=,LA/yzfqKrefFqHabNIga/dWMmE8=
-67,-59,vNdWL8vC7n2EhHXp3VIw2024zlc=,AeWg3pa1x1zDkSDDxy+V641KuuY=
-70,-59,vNdWL8vC7n2EhHXp3VIw2024zlc=,LA/yzfqKrefFqHabNIga/dWMmE8=
-69,-59,vNdWL8vC7n2EhHXp3VIw2024zlc=,LA/yzfqKrefFqHabNIga/dWMmE8=
-70,-61,vNdWL8vC7n2EhHXp3VIw2024zlc=,4ua12Wn8rhH7WnNnAM9NCEjXxdA=
-70,-62,vNdWL8vC7n2EhHXp3VIw2024zlc=,4ua12Wn8rhH7WnNnAM9NCEjXxdA=
-70,-60,vNdWL8vC7n2EhHXp3VIw2024zlc=,LA/yzfqKrefFqHabNIga/dWMmE8=
-68,-61,vNdWL8vC7n2EhHXp3VIw2024zlc=,FyoT1I9ai4dLRxqAEJqT+0HXybE=
-67,-61,vNdWL8vC7n2EhHXp3VIw2024zlc=,FyoT1I9ai4dLRxqAEJqT+0HXybE=
-68,-62,vNdWL8vC7n2EhHXp3VIw2024zlc=,FyoT1I9ai4dLRxqAEJqT+0HXybE=
-67,-62,vNdWL8vC7n2EhHXp3VIw2024zlc=,FyoT1I9ai4dLRxqAEJqT+0HXybE=
-68,-60,vNdWL8vC7n2EhHXp3VIw2024zlc=,AeWg3pa1x1zDkSDDxy+V641KuuY=
-73,-57,gsHufVpEZTChooGZfkYqKMDTkNI=,KCAm5IbPQX7igX7p/hfB4DD3Q8U=
-72,-57,gsHufVpEZTChooGZfkYqKMDTkNI=,LA/yzfqKrefFqHabNIga/dWMmE8=
-73,-58,gsHufVpEZTChooGZfkYqKMDTkNI=,KCAm5IbPQX7igX7p/hfB4DD3Q8U=
-68,-56,vNdWL8vC7n2EhHXp3VIw2024zlc=,w7vsBNPIw8uQFbPl8HgWXiUvyI0=
-72,-58,gsHufVpEZTChooGZfkYqKMDTkNI=,LA/yzfqKrefFqHabNIga/dWMmE8=
-71,-57,gsHufVpEZTChooGZfkYqKMDTkNI=,LA/yzfqKrefFqHabNIga/dWMmE8=
-74,-57,gsHufVpEZTChooGZfkYqKMDTkNI=,KCAm5IbPQX7igX7p/hfB4DD3Q8U=
-70,-58,vNdWL8vC7n2EhHXp3VIw2024zlc=,LA/yzfqKrefFqHabNIga/dWMmE8=
-71,-58,gsHufVpEZTChooGZfkYqKMDTkNI=,LA/yzfqKrefFqHabNIga/dWMmE8=
-70,-56,vNdWL8vC7n2EhHXp3VIw2024zlc=,u7w+NirG/R574rFjh2Omr1a/0Dw=
-70,-57,vNdWL8vC7n2EhHXp3VIw2024zlc=,LA/yzfqKrefFqHabNIga/dWMmE8=
-74,-58,gsHufVpEZTChooGZfkYqKMDTkNI=,KCAm5IbPQX7igX7p/hfB4DD3Q8U=
-68,-57,vNdWL8vC7n2EhHXp3VIw2024zlc=,AeWg3pa1x1zDkSDDxy+V641KuuY=
-67,-58,vNdWL8vC7n2EhHXp3VIw2024zlc=,AeWg3pa1x1zDkSDDxy+V641KuuY=
-68,-58,vNdWL8vC7n2EhHXp3VIw2024zlc=,AeWg3pa1x1zDkSDDxy+V641KuuY=
-69,-56,5UVzSYqAwKHyVSxou1jnjytjKeE=,u7w+NirG/R574rFjh2Omr1a/0Dw=
-74,-55,gsHufVpEZTChooGZfkYqKMDTkNI=,peslf51aLw4lElJrLRGjDNudpXY=
-69,-57,vNdWL8vC7n2EhHXp3VIw2024zlc=,LA/yzfqKrefFqHabNIga/dWMmE8=
-69,-58,vNdWL8vC7n2EhHXp3VIw2024zlc=,LA/yzfqKrefFqHabNIga/dWMmE8=
-73,-56,gsHufVpEZTChooGZfkYqKMDTkNI=,peslf51aLw4lElJrLRGjDNudpXY=
-74,-56,gsHufVpEZTChooGZfkYqKMDTkNI=,peslf51aLw4lElJrLRGjDNudpXY=
-72,-55,gsHufVpEZTChooGZfkYqKMDTkNI=,u7w+NirG/R574rFjh2Omr1a/0Dw=
-68,-55,vNdWL8vC7n2EhHXp3VIw2024zlc=,w7vsBNPIw8uQFbPl8HgWXiUvyI0=
-67,-55,vNdWL8vC7n2EhHXp3VIw2024zlc=,w7vsBNPIw8uQFbPl8HgWXiUvyI0=
-69,-55,NElSaKzyKKwx2DCyzAfhEe4oSY8=,u7w+NirG/R574rFjh2Omr1a/0Dw=
-72,-56,gsHufVpEZTChooGZfkYqKMDTkNI=,u7w+NirG/R574rFjh2Omr1a/0Dw=
-71,-56,gsHufVpEZTChooGZfkYqKMDTkNI=,u7w+NirG/R574rFjh2Omr1a/0Dw=
-67,-56,vNdWL8vC7n2EhHXp3VIw2024zlc=,w7vsBNPIw8uQFbPl8HgWXiUvyI0=
-73,-55,gsHufVpEZTChooGZfkYqKMDTkNI=,peslf51aLw4lElJrLRGjDNudpXY=
-67,-57,vNdWL8vC7n2EhHXp3VIw2024zlc=,AeWg3pa1x1zDkSDDxy+V641KuuY=
-71,-55,gsHufVpEZTChooGZfkYqKMDTkNI=,u7w+NirG/R574rFjh2Omr1a/0Dw=
-70,-55,vNdWL8vC7n2EhHXp3VIw2024zlc=,u7w+NirG/R574rFjh2Omr1a/0Dw=
-73,-53,O3i8uf+noIwp0SwhCXIfjmErpEU=,peslf51aLw4lElJrLRGjDNudpXY=
-73,-54,O3i8uf+noIwp0SwhCXIfjmErpEU=,peslf51aLw4lElJrLRGjDNudpXY=
-72,-52,O3i8uf+noIwp0SwhCXIfjmErpEU=,C2FoQH/HZwdrnXVOeS5AifxkIIs=
-74,-51,O3i8uf+noIwp0SwhCXIfjmErpEU=,UKECKjAZEc2Jd2GOBj4mAxCzxOQ=
-73,-52,O3i8uf+noIwp0SwhCXIfjmErpEU=,UKECKjAZEc2Jd2GOBj4mAxCzxOQ=
-74,-53,O3i8uf+noIwp0SwhCXIfjmErpEU=,peslf51aLw4lElJrLRGjDNudpXY=
-72,-51,O3i8uf+noIwp0SwhCXIfjmErpEU=,C2FoQH/HZwdrnXVOeS5AifxkIIs=
-74,-52,O3i8uf+noIwp0SwhCXIfjmErpEU=,UKECKjAZEc2Jd2GOBj4mAxCzxOQ=
-73,-51,O3i8uf+noIwp0SwhCXIfjmErpEU=,UKECKjAZEc2Jd2GOBj4mAxCzxOQ=
-74,-54,O3i8uf+noIwp0SwhCXIfjmErpEU=,peslf51aLw4lElJrLRGjDNudpXY=
-72,-53,O3i8uf+noIwp0SwhCXIfjmErpEU=,u7w+NirG/R574rFjh2Omr1a/0Dw=
-71,-53,O3i8uf+noIwp0SwhCXIfjmErpEU=,u7w+NirG/R574rFjh2Omr1a/0Dw=
-71,-51,O3i8uf+noIwp0SwhCXIfjmErpEU=,C2FoQH/HZwdrnXVOeS5AifxkIIs=
-71,-54,O3i8uf+noIwp0SwhCXIfjmErpEU=,u7w+NirG/R574rFjh2Omr1a/0Dw=
-72,-54,O3i8uf+noIwp0SwhCXIfjmErpEU=,u7w+NirG/R574rFjh2Omr1a/0Dw=
-71,-52,O3i8uf+noIwp0SwhCXIfjmErpEU=,C2FoQH/HZwdrnXVOeS5AifxkIIs=
-67,-53,NElSaKzyKKwx2DCyzAfhEe4oSY8=,w7vsBNPIw8uQFbPl8HgWXiUvyI0=
-69,-53,NElSaKzyKKwx2DCyzAfhEe4oSY8=,u7w+NirG/R574rFjh2Omr1a/0Dw=
-67,-54,NElSaKzyKKwx2DCyzAfhEe4oSY8=,w7vsBNPIw8uQFbPl8HgWXiUvyI0=
-68,-54,NElSaKzyKKwx2DCyzAfhEe4oSY8=,w7vsBNPIw8uQFbPl8HgWXiUvyI0=
-68,-53,NElSaKzyKKwx2DCyzAfhEe4oSY8=,w7vsBNPIw8uQFbPl8HgWXiUvyI0=
-67,-52,NElSaKzyKKwx2DCyzAfhEe4oSY8=,9OKBFEE82WjmFMEZyLk9NJP7GPE=
-70,-54,NElSaKzyKKwx2DCyzAfhEe4oSY8=,u7w+NirG/R574rFjh2Omr1a/0Dw=
-70,-53,NElSaKzyKKwx2DCyzAfhEe4oSY8=,u7w+NirG/R574rFjh2Omr1a/0Dw=
-69,-52,NElSaKzyKKwx2DCyzAfhEe4oSY8=,C2FoQH/HZwdrnXVOeS5AifxkIIs=
-69,-54,NElSaKzyKKwx2DCyzAfhEe4oSY8=,u7w+NirG/R574rFjh2Omr1a/0Dw=
-69,-51,NElSaKzyKKwx2DCyzAfhEe4oSY8=,C2FoQH/HZwdrnXVOeS5AifxkIIs=
-70,-52,NElSaKzyKKwx2DCyzAfhEe4oSY8=,C2FoQH/HZwdrnXVOeS5AifxkIIs=
-67,-51,NElSaKzyKKwx2DCyzAfhEe4oSY8=,9OKBFEE82WjmFMEZyLk9NJP7GPE=
-70,-51,NElSaKzyKKwx2DCyzAfhEe4oSY8=,C2FoQH/HZwdrnXVOeS5AifxkIIs=
-68,-51,NElSaKzyKKwx2DCyzAfhEe4oSY8=,9OKBFEE82WjmFMEZyLk9NJP7GPE=
-68,-52,NElSaKzyKKwx2DCyzAfhEe4oSY8=,9OKBFEE82WjmFMEZyLk9NJP7GPE=
-65,-53,NElSaKzyKKwx2DCyzAfhEe4oSY8=,w7vsBNPIw8uQFbPl8HgWXiUvyI0=
-65,-54,mxBTfelV1uiEY9H23Mr9HaVwa+Y=,w7vsBNPIw8uQFbPl8HgWXiUvyI0=
-65,-51,mxBTfelV1uiEY9H23Mr9HaVwa+Y=,9OKBFEE82WjmFMEZyLk9NJP7GPE=
-66,-53,mxBTfelV1uiEY9H23Mr9HaVwa+Y=,w7vsBNPIw8uQFbPl8HgWXiUvyI0=
-66,-54,mxBTfelV1uiEY9H23Mr9HaVwa+Y=,w7vsBNPIw8uQFbPl8HgWXiUvyI0=
-66,-51,mxBTfelV1uiEY9H23Mr9HaVwa+Y=,9OKBFEE82WjmFMEZyLk9NJP7GPE=
-65,-52,mxBTfelV1uiEY9H23Mr9HaVwa+Y=,9OKBFEE82WjmFMEZyLk9NJP7GPE=
-66,-52,mxBTfelV1uiEY9H23Mr9HaVwa+Y=,9OKBFEE82WjmFMEZyLk9NJP7GPE=
-68,-50,mxBTfelV1uiEY9H23Mr9HaVwa+Y=,9OKBFEE82WjmFMEZyLk9NJP7GPE=
-70,-49,mxBTfelV1uiEY9H23Mr9HaVwa+Y=,C2FoQH/HZwdrnXVOeS5AifxkIIs=
-69,-49,mxBTfelV1uiEY9H23Mr9HaVwa+Y=,C2FoQH/HZwdrnXVOeS5AifxkIIs=
-65,-49,X20QQ9AWWkQqJ9yBVJgxvz0P6ag=,9OKBFEE82WjmFMEZyLk9NJP7GPE=
-67,-50,mxBTfelV1uiEY9H23Mr9HaVwa+Y=,9OKBFEE82WjmFMEZyLk9NJP7GPE=
-69,-50,mxBTfelV1uiEY9H23Mr9HaVwa+Y=,C2FoQH/HZwdrnXVOeS5AifxkIIs=
-68,-49,mxBTfelV1uiEY9H23Mr9HaVwa+Y=,9OKBFEE82WjmFMEZyLk9NJP7GPE=
-65,-50,X20QQ9AWWkQqJ9yBVJgxvz0P6ag=,9OKBFEE82WjmFMEZyLk9NJP7GPE=
-66,-50,X20QQ9AWWkQqJ9yBVJgxvz0P6ag=,9OKBFEE82WjmFMEZyLk9NJP7GPE=
-70,-50,mxBTfelV1uiEY9H23Mr9HaVwa+Y=,C2FoQH/HZwdrnXVOeS5AifxkIIs=
-67,-49,mxBTfelV1uiEY9H23Mr9HaVwa+Y=,9OKBFEE82WjmFMEZyLk9NJP7GPE=
-78,-49,X20QQ9AWWkQqJ9yBVJgxvz0P6ag=,LXBb+9FHF24ZyY/B3jrcAdyt56U=
-77,-49,X20QQ9AWWkQqJ9yBVJgxvz0P6ag=,LXBb+9FHF24ZyY/B3jrcAdyt56U=
-66,-49,mxBTfelV1uiEY9H23Mr9HaVwa+Y=,9OKBFEE82WjmFMEZyLk9NJP7GPE=
-73,-49,X20QQ9AWWkQqJ9yBVJgxvz0P6ag=,UKECKjAZEc2Jd2GOBj4mAxCzxOQ=
-77,-50,X20QQ9AWWkQqJ9yBVJgxvz0P6ag=,LXBb+9FHF24ZyY/B3jrcAdyt56U=
-74,-49,X20QQ9AWWkQqJ9yBVJgxvz0P6ag=,UKECKjAZEc2Jd2GOBj4mAxCzxOQ=
-78,-50,X20QQ9AWWkQqJ9yBVJgxvz0P6ag=,LXBb+9FHF24ZyY/B3jrcAdyt56U=
-75,-49,X20QQ9AWWkQqJ9yBVJgxvz0P6ag=,UKECKjAZEc2Jd2GOBj4mAxCzxOQ=
-76,-49,X20QQ9AWWkQqJ9yBVJgxvz0P6ag=,UKECKjAZEc2Jd2GOBj4mAxCzxOQ=
-75,-50,X20QQ9AWWkQqJ9yBVJgxvz0P6ag=,UKECKjAZEc2Jd2GOBj4mAxCzxOQ=
-74,-50,X20QQ9AWWkQqJ9yBVJgxvz0P6ag=,UKECKjAZEc2Jd2GOBj4mAxCzxOQ=
-72,-49,X20QQ9AWWkQqJ9yBVJgxvz0P6ag=,C2FoQH/HZwdrnXVOeS5AifxkIIs=
-72,-50,X20QQ9AWWkQqJ9yBVJgxvz0P6ag=,C2FoQH/HZwdrnXVOeS5AifxkIIs=
-76,-50,X20QQ9AWWkQqJ9yBVJgxvz0P6ag=,UKECKjAZEc2Jd2GOBj4mAxCzxOQ=
-73,-50,X20QQ9AWWkQqJ9yBVJgxvz0P6ag=,UKECKjAZEc2Jd2GOBj4mAxCzxOQ=
-71,-49,X20QQ9AWWkQqJ9yBVJgxvz0P6ag=,C2FoQH/HZwdrnXVOeS5AifxkIIs=
-71,-50,X20QQ9AWWkQqJ9yBVJgxvz0P6ag=,C2FoQH/HZwdrnXVOeS5AifxkIIs=
-67,-64,X20QQ9AWWkQqJ9yBVJgxvz0P6ag=,FyoT1I9ai4dLRxqAEJqT+0HXybE=
-67,-63,X20QQ9AWWkQqJ9yBVJgxvz0P6ag=,FyoT1I9ai4dLRxqAEJqT+0HXybE=
-69,-64,X20QQ9AWWkQqJ9yBVJgxvz0P6ag=,4ua12Wn8rhH7WnNnAM9NCEjXxdA=
-68,-63,X20QQ9AWWkQqJ9yBVJgxvz0P6ag=,FyoT1I9ai4dLRxqAEJqT+0HXybE=
-70,-63,X20QQ9AWWkQqJ9yBVJgxvz0P6ag=,4ua12Wn8rhH7WnNnAM9NCEjXxdA=
-70,-64,X20QQ9AWWkQqJ9yBVJgxvz0P6ag=,4ua12Wn8rhH7WnNnAM9NCEjXxdA=
-68,-64,X20QQ9AWWkQqJ9yBVJgxvz0P6ag=,FyoT1I9ai4dLRxqAEJqT+0HXybE=
-69,-63,X20QQ9AWWkQqJ9yBVJgxvz0P6ag=,4ua12Wn8rhH7WnNnAM9NCEjXxdA=
-65,-55,NElSaKzyKKwx2DCyzAfhEe4oSY8=,w7vsBNPIw8uQFbPl8HgWXiUvyI0=
-65,-61,X20QQ9AWWkQqJ9yBVJgxvz0P6ag=,FyoT1I9ai4dLRxqAEJqT+0HXybE=
-66,-56,mxBTfelV1uiEY9H23Mr9HaVwa+Y=,w7vsBNPIw8uQFbPl8HgWXiUvyI0=
-65,-62,X20QQ9AWWkQqJ9yBVJgxvz0P6ag=,FyoT1I9ai4dLRxqAEJqT+0HXybE=
-65,-57,NElSaKzyKKwx2DCyzAfhEe4oSY8=,AeWg3pa1x1zDkSDDxy+V641KuuY=
-66,-55,mxBTfelV1uiEY9H23Mr9HaVwa+Y=,w7vsBNPIw8uQFbPl8HgWXiUvyI0=
-65,-60,X20QQ9AWWkQqJ9yBVJgxvz0P6ag=,AeWg3pa1x1zDkSDDxy+V641KuuY=
-66,-57,mxBTfelV1uiEY9H23Mr9HaVwa+Y=,AeWg3pa1x1zDkSDDxy+V641KuuY=
-66,-61,X20QQ9AWWkQqJ9yBVJgxvz0P6ag=,FyoT1I9ai4dLRxqAEJqT+0HXybE=
-66,-62,X20QQ9AWWkQqJ9yBVJgxvz0P6ag=,FyoT1I9ai4dLRxqAEJqT+0HXybE=
-66,-60,X20QQ9AWWkQqJ9yBVJgxvz0P6ag=,AeWg3pa1x1zDkSDDxy+V641KuuY=
-66,-59,X20QQ9AWWkQqJ9yBVJgxvz0P6ag=,AeWg3pa1x1zDkSDDxy+V641KuuY=
-65,-58,mxBTfelV1uiEY9H23Mr9HaVwa+Y=,AeWg3pa1x1zDkSDDxy+V641KuuY=
-66,-58,NElSaKzyKKwx2DCyzAfhEe4oSY8=,AeWg3pa1x1zDkSDDxy+V641KuuY=
-65,-59,X20QQ9AWWkQqJ9yBVJgxvz0P6ag=,AeWg3pa1x1zDkSDDxy+V641KuuY=
-65,-56,NElSaKzyKKwx2DCyzAfhEe4oSY8=,w7vsBNPIw8uQFbPl8HgWXiUvyI0=
-72,-64,X20QQ9AWWkQqJ9yBVJgxvz0P6ag=,4ua12Wn8rhH7WnNnAM9NCEjXxdA=
-71,-64,X20QQ9AWWkQqJ9yBVJgxvz0P6ag=,4ua12Wn8rhH7WnNnAM9NCEjXxdA=
-71,-63,X20QQ9AWWkQqJ9yBVJgxvz0P6ag=,4ua12Wn8rhH7WnNnAM9NCEjXxdA=
-72,-63,X20QQ9AWWkQqJ9yBVJgxvz0P6ag=,4ua12Wn8rhH7WnNnAM9NCEjXxdA=
-73,-64,X20QQ9AWWkQqJ9yBVJgxvz0P6ag=,/Zm2Y8zHLNenTwdtbUPmHwNYf6A=
-74,-64,X20QQ9AWWkQqJ9yBVJgxvz0P6ag=,/Zm2Y8zHLNenTwdtbUPmHwNYf6A=
-74,-63,X20QQ9AWWkQqJ9yBVJgxvz0P6ag=,/Zm2Y8zHLNenTwdtbUPmHwNYf6A=
-73,-63,X20QQ9AWWkQqJ9yBVJgxvz0P6ag=,/Zm2Y8zHLNenTwdtbUPmHwNYf6A=
-75,-64,X20QQ9AWWkQqJ9yBVJgxvz0P6ag=,/Zm2Y8zHLNenTwdtbUPmHwNYf6A=
-77,-64,6SNAYcRKrQcDfKbkFPtqSNbp9Ng=,fxgUcoCDogLYIg0DyKRbxfII9UY=
-76,-64,6SNAYcRKrQcDfKbkFPtqSNbp9Ng=,/Zm2Y8zHLNenTwdtbUPmHwNYf6A=
-76,-63,6SNAYcRKrQcDfKbkFPtqSNbp9Ng=,/Zm2Y8zHLNenTwdtbUPmHwNYf6A=
-78,-64,X20QQ9AWWkQqJ9yBVJgxvz0P6ag=,fxgUcoCDogLYIg0DyKRbxfII9UY=
-78,-63,6SNAYcRKrQcDfKbkFPtqSNbp9Ng=,fxgUcoCDogLYIg0DyKRbxfII9UY=
-75,-63,6SNAYcRKrQcDfKbkFPtqSNbp9Ng=,/Zm2Y8zHLNenTwdtbUPmHwNYf6A=
-77,-63,6SNAYcRKrQcDfKbkFPtqSNbp9Ng=,fxgUcoCDogLYIg0DyKRbxfII9UY=
-80,-59,6SNAYcRKrQcDfKbkFPtqSNbp9Ng=,WgSu5ZPLw7TZxTvibZwrgNDlLAo=
-79,-59,6SNAYcRKrQcDfKbkFPtqSNbp9Ng=,WgSu5ZPLw7TZxTvibZwrgNDlLAo=
-80,-60,6SNAYcRKrQcDfKbkFPtqSNbp9Ng=,WgSu5ZPLw7TZxTvibZwrgNDlLAo=
-79,-60,6SNAYcRKrQcDfKbkFPtqSNbp9Ng=,WgSu5ZPLw7TZxTvibZwrgNDlLAo=
-79,-62,6SNAYcRKrQcDfKbkFPtqSNbp9Ng=,fxgUcoCDogLYIg0DyKRbxfII9UY=
-79,-61,6SNAYcRKrQcDfKbkFPtqSNbp9Ng=,fxgUcoCDogLYIg0DyKRbxfII9UY=
-80,-61,6SNAYcRKrQcDfKbkFPtqSNbp9Ng=,fxgUcoCDogLYIg0DyKRbxfII9UY=
-80,-62,6SNAYcRKrQcDfKbkFPtqSNbp9Ng=,fxgUcoCDogLYIg0DyKRbxfII9UY=
-80,-58,6SNAYcRKrQcDfKbkFPtqSNbp9Ng=,WgSu5ZPLw7TZxTvibZwrgNDlLAo=
-80,-56,6SNAYcRKrQcDfKbkFPtqSNbp9Ng=,zZ0jq9PZU2nLCHEcgaI00BDsWhk=
-80,-53,6SNAYcRKrQcDfKbkFPtqSNbp9Ng=,zZ0jq9PZU2nLCHEcgaI00BDsWhk=
-79,-57,6SNAYcRKrQcDfKbkFPtqSNbp9Ng=,WgSu5ZPLw7TZxTvibZwrgNDlLAo=
-79,-54,6SNAYcRKrQcDfKbkFPtqSNbp9Ng=,zZ0jq9PZU2nLCHEcgaI00BDsWhk=
-66,-64,X20QQ9AWWkQqJ9yBVJgxvz0P6ag=,FyoT1I9ai4dLRxqAEJqT+0HXybE=
-65,-63,X20QQ9AWWkQqJ9yBVJgxvz0P6ag=,FyoT1I9ai4dLRxqAEJqT+0HXybE=
-79,-56,6SNAYcRKrQcDfKbkFPtqSNbp9Ng=,zZ0jq9PZU2nLCHEcgaI00BDsWhk=
-66,-63,X20QQ9AWWkQqJ9yBVJgxvz0P6ag=,FyoT1I9ai4dLRxqAEJqT+0HXybE=
-79,-55,6SNAYcRKrQcDfKbkFPtqSNbp9Ng=,zZ0jq9PZU2nLCHEcgaI00BDsWhk=
-65,-64,X20QQ9AWWkQqJ9yBVJgxvz0P6ag=,FyoT1I9ai4dLRxqAEJqT+0HXybE=
-79,-58,6SNAYcRKrQcDfKbkFPtqSNbp9Ng=,WgSu5ZPLw7TZxTvibZwrgNDlLAo=
-80,-57,6SNAYcRKrQcDfKbkFPtqSNbp9Ng=,WgSu5ZPLw7TZxTvibZwrgNDlLAo=
-80,-54,6SNAYcRKrQcDfKbkFPtqSNbp9Ng=,zZ0jq9PZU2nLCHEcgaI00BDsWhk=
-80,-49,6SNAYcRKrQcDfKbkFPtqSNbp9Ng=,LXBb+9FHF24ZyY/B3jrcAdyt56U=
-79,-53,6SNAYcRKrQcDfKbkFPtqSNbp9Ng=,zZ0jq9PZU2nLCHEcgaI00BDsWhk=
-79,-49,6SNAYcRKrQcDfKbkFPtqSNbp9Ng=,LXBb+9FHF24ZyY/B3jrcAdyt56U=
-79,-52,6SNAYcRKrQcDfKbkFPtqSNbp9Ng=,LXBb+9FHF24ZyY/B3jrcAdyt56U=
-80,-64,6SNAYcRKrQcDfKbkFPtqSNbp9Ng=,fxgUcoCDogLYIg0DyKRbxfII9UY=
-79,-50,6SNAYcRKrQcDfKbkFPtqSNbp9Ng=,LXBb+9FHF24ZyY/B3jrcAdyt56U=
-80,-50,6SNAYcRKrQcDfKbkFPtqSNbp9Ng=,LXBb+9FHF24ZyY/B3jrcAdyt56U=
-80,-55,6SNAYcRKrQcDfKbkFPtqSNbp9Ng=,zZ0jq9PZU2nLCHEcgaI00BDsWhk=
-80,-51,6SNAYcRKrQcDfKbkFPtqSNbp9Ng=,LXBb+9FHF24ZyY/B3jrcAdyt56U=
-79,-51,6SNAYcRKrQcDfKbkFPtqSNbp9Ng=,LXBb+9FHF24ZyY/B3jrcAdyt56U=
-80,-52,6SNAYcRKrQcDfKbkFPtqSNbp9Ng=,LXBb+9FHF24ZyY/B3jrcAdyt56U=
-80,-63,6SNAYcRKrQcDfKbkFPtqSNbp9Ng=,fxgUcoCDogLYIg0DyKRbxfII9UY=
-79,-63,6SNAYcRKrQcDfKbkFPtqSNbp9Ng=,fxgUcoCDogLYIg0DyKRbxfII9UY=
-79,-64,6SNAYcRKrQcDfKbkFPtqSNbp9Ng=,fxgUcoCDogLYIg0DyKRbxfII9UY=
-85,-62,F6F7EYq7XLGll8ycLRcZcnPdET4=,882q8B4KVTcztY5hoh5pMChq3V8=
-85,-61,F6F7EYq7XLGll8ycLRcZcnPdET4=,882q8B4KVTcztY5hoh5pMChq3V8=
-85,-60,F6F7EYq7XLGll8ycLRcZcnPdET4=,o16X93NtQQw2+GOcM0gg7Iu1NJk=
-85,-59,F6F7EYq7XLGll8ycLRcZcnPdET4=,o16X93NtQQw2+GOcM0gg7Iu1NJk=
-84,-61,F6F7EYq7XLGll8ycLRcZcnPdET4=,++x/xgwEjPATuFxikel+VYCn6hw=
-84,-62,F6F7EYq7XLGll8ycLRcZcnPdET4=,++x/xgwEjPATuFxikel+VYCn6hw=
-83,-61,F6F7EYq7XLGll8ycLRcZcnPdET4=,++x/xgwEjPATuFxikel+VYCn6hw=
-83,-62,F6F7EYq7XLGll8ycLRcZcnPdET4=,++x/xgwEjPATuFxikel+VYCn6hw=
-84,-59,F6F7EYq7XLGll8ycLRcZcnPdET4=,iV1lHPqclHeyrjy1P0TwgtTVZ3Q=
-83,-59,F6F7EYq7XLGll8ycLRcZcnPdET4=,iV1lHPqclHeyrjy1P0TwgtTVZ3Q=
-84,-60,F6F7EYq7XLGll8ycLRcZcnPdET4=,iV1lHPqclHeyrjy1P0TwgtTVZ3Q=
-83,-60,F6F7EYq7XLGll8ycLRcZcnPdET4=,iV1lHPqclHeyrjy1P0TwgtTVZ3Q=
-83,-57,UFTFnSeQChIJTvCJ7b+UXG/3Hfo=,iV1lHPqclHeyrjy1P0TwgtTVZ3Q=
-83,-56,UFTFnSeQChIJTvCJ7b+UXG/3Hfo=,bxnYRp447ei0m5p812cFRJR5btI=
-85,-58,UFTFnSeQChIJTvCJ7b+UXG/3Hfo=,o16X93NtQQw2+GOcM0gg7Iu1NJk=
-84,-55,UFTFnSeQChIJTvCJ7b+UXG/3Hfo=,bxnYRp447ei0m5p812cFRJR5btI=
-83,-55,UFTFnSeQChIJTvCJ7b+UXG/3Hfo=,bxnYRp447ei0m5p812cFRJR5btI=
-84,-56,UFTFnSeQChIJTvCJ7b+UXG/3Hfo=,bxnYRp447ei0m5p812cFRJR5btI=
-84,-58,UFTFnSeQChIJTvCJ7b+UXG/3Hfo=,iV1lHPqclHeyrjy1P0TwgtTVZ3Q=
-85,-55,UFTFnSeQChIJTvCJ7b+UXG/3Hfo=,mf9BdK5k10JsVFhXJzj9A/AHhCY=
-84,-57,UFTFnSeQChIJTvCJ7b+UXG/3Hfo=,iV1lHPqclHeyrjy1P0TwgtTVZ3Q=
-83,-58,UFTFnSeQChIJTvCJ7b+UXG/3Hfo=,iV1lHPqclHeyrjy1P0TwgtTVZ3Q=
-85,-57,UFTFnSeQChIJTvCJ7b+UXG/3Hfo=,o16X93NtQQw2+GOcM0gg7Iu1NJk=
-85,-56,UFTFnSeQChIJTvCJ7b+UXG/3Hfo=,mf9BdK5k10JsVFhXJzj9A/AHhCY=
-85,-50,UPuYhN0U/DE8m5lgtzIk6Uf1nAs=,g9iasv6vsAqvNuKNMRok7hXvOsI=
-84,-53,UPuYhN0U/DE8m5lgtzIk6Uf1nAs=,bxnYRp447ei0m5p812cFRJR5btI=
-83,-53,UPuYhN0U/DE8m5lgtzIk6Uf1nAs=,bxnYRp447ei0m5p812cFRJR5btI=
-85,-54,UPuYhN0U/DE8m5lgtzIk6Uf1nAs=,mf9BdK5k10JsVFhXJzj9A/AHhCY=
-85,-51,UPuYhN0U/DE8m5lgtzIk6Uf1nAs=,g9iasv6vsAqvNuKNMRok7hXvOsI=
-84,-54,UPuYhN0U/DE8m5lgtzIk6Uf1nAs=,bxnYRp447ei0m5p812cFRJR5btI=
-85,-52,UPuYhN0U/DE8m5lgtzIk6Uf1nAs=,g9iasv6vsAqvNuKNMRok7hXvOsI=
-84,-52,UPuYhN0U/DE8m5lgtzIk6Uf1nAs=,rkF+0iXmVJFFqXzstVkKuAFWBs4=
-83,-54,UPuYhN0U/DE8m5lgtzIk6Uf1nAs=,bxnYRp447ei0m5p812cFRJR5btI=
-83,-52,UPuYhN0U/DE8m5lgtzIk6Uf1nAs=,rkF+0iXmVJFFqXzstVkKuAFWBs4=
-85,-53,UPuYhN0U/DE8m5lgtzIk6Uf1nAs=,mf9BdK5k10JsVFhXJzj9A/AHhCY=
-84,-51,UPuYhN0U/DE8m5lgtzIk6Uf1nAs=,rkF+0iXmVJFFqXzstVkKuAFWBs4=
-85,-49,UPuYhN0U/DE8m5lgtzIk6Uf1nAs=,g9iasv6vsAqvNuKNMRok7hXvOsI=
-83,-51,UPuYhN0U/DE8m5lgtzIk6Uf1nAs=,rkF+0iXmVJFFqXzstVkKuAFWBs4=
-84,-49,UPuYhN0U/DE8m5lgtzIk6Uf1nAs=,rkF+0iXmVJFFqXzstVkKuAFWBs4=
-83,-50,UPuYhN0U/DE8m5lgtzIk6Uf1nAs=,rkF+0iXmVJFFqXzstVkKuAFWBs4=
-83,-49,UPuYhN0U/DE8m5lgtzIk6Uf1nAs=,rkF+0iXmVJFFqXzstVkKuAFWBs4=
-84,-50,UPuYhN0U/DE8m5lgtzIk6Uf1nAs=,rkF+0iXmVJFFqXzstVkKuAFWBs4=
-82,-53,UPuYhN0U/DE8m5lgtzIk6Uf1nAs=,bxnYRp447ei0m5p812cFRJR5btI=
-81,-53,UPuYhN0U/DE8m5lgtzIk6Uf1nAs=,bxnYRp447ei0m5p812cFRJR5btI=
-81,-54,UPuYhN0U/DE8m5lgtzIk6Uf1nAs=,bxnYRp447ei0m5p812cFRJR5btI=
-81,-51,UPuYhN0U/DE8m5lgtzIk6Uf1nAs=,rkF+0iXmVJFFqXzstVkKuAFWBs4=
-82,-50,UPuYhN0U/DE8m5lgtzIk6Uf1nAs=,rkF+0iXmVJFFqXzstVkKuAFWBs4=
-82,-54,UPuYhN0U/DE8m5lgtzIk6Uf1nAs=,bxnYRp447ei0m5p812cFRJR5btI=
-82,-52,UPuYhN0U/DE8m5lgtzIk6Uf1nAs=,rkF+0iXmVJFFqXzstVkKuAFWBs4=
-82,-51,UPuYhN0U/DE8m5lgtzIk6Uf1nAs=,rkF+0iXmVJFFqXzstVkKuAFWBs4=
-81,-50,UPuYhN0U/DE8m5lgtzIk6Uf1nAs=,rkF+0iXmVJFFqXzstVkKuAFWBs4=
-82,-49,UPuYhN0U/DE8m5lgtzIk6Uf1nAs=,rkF+0iXmVJFFqXzstVkKuAFWBs4=
-81,-52,UPuYhN0U/DE8m5lgtzIk6Uf1nAs=,rkF+0iXmVJFFqXzstVkKuAFWBs4=
-81,-49,UPuYhN0U/DE8m5lgtzIk6Uf1nAs=,rkF+0iXmVJFFqXzstVkKuAFWBs4=
-85,-63,83f0lT8/5706CcK5DN5wsSbkk2Q=,882q8B4KVTcztY5hoh5pMChq3V8=
-85,-64,UPuYhN0U/DE8m5lgtzIk6Uf1nAs=,882q8B4KVTcztY5hoh5pMChq3V8=
-84,-64,83f0lT8/5706CcK5DN5wsSbkk2Q=,++x/xgwEjPATuFxikel+VYCn6hw=
-83,-63,83f0lT8/5706CcK5DN5wsSbkk2Q=,++x/xgwEjPATuFxikel+VYCn6hw=
-81,-64,83f0lT8/5706CcK5DN5wsSbkk2Q=,++x/xgwEjPATuFxikel+VYCn6hw=
-84,-63,83f0lT8/5706CcK5DN5wsSbkk2Q=,++x/xgwEjPATuFxikel+VYCn6hw=
-83,-64,83f0lT8/5706CcK5DN5wsSbkk2Q=,++x/xgwEjPATuFxikel+VYCn6hw=
-82,-64,83f0lT8/5706CcK5DN5wsSbkk2Q=,++x/xgwEjPATuFxikel+VYCn6hw=
-82,-63,83f0lT8/5706CcK5DN5wsSbkk2Q=,++x/xgwEjPATuFxikel+VYCn6hw=
-81,-63,83f0lT8/5706CcK5DN5wsSbkk2Q=,++x/xgwEjPATuFxikel+VYCn6hw=
-81,-57,83f0lT8/5706CcK5DN5wsSbkk2Q=,iV1lHPqclHeyrjy1P0TwgtTVZ3Q=
-81,-56,83f0lT8/5706CcK5DN5wsSbkk2Q=,bxnYRp447ei0m5p812cFRJR5btI=
-81,-55,83f0lT8/5706CcK5DN5wsSbkk2Q=,bxnYRp447ei0m5p812cFRJR5btI=
-81,-59,83f0lT8/5706CcK5DN5wsSbkk2Q=,iV1lHPqclHeyrjy1P0TwgtTVZ3Q=
-81,-60,83f0lT8/5706CcK5DN5wsSbkk2Q=,iV1lHPqclHeyrjy1P0TwgtTVZ3Q=
-81,-58,83f0lT8/5706CcK5DN5wsSbkk2Q=,iV1lHPqclHeyrjy1P0TwgtTVZ3Q=
-82,-55,83f0lT8/5706CcK5DN5wsSbkk2Q=,bxnYRp447ei0m5p812cFRJR5btI=
-81,-61,83f0lT8/5706CcK5DN5wsSbkk2Q=,++x/xgwEjPATuFxikel+VYCn6hw=
-82,-62,83f0lT8/5706CcK5DN5wsSbkk2Q=,++x/xgwEjPATuFxikel+VYCn6hw=
-82,-59,83f0lT8/5706CcK5DN5wsSbkk2Q=,iV1lHPqclHeyrjy1P0TwgtTVZ3Q=
-82,-56,83f0lT8/5706CcK5DN5wsSbkk2Q=,bxnYRp447ei0m5p812cFRJR5btI=
-82,-58,83f0lT8/5706CcK5DN5wsSbkk2Q=,iV1lHPqclHeyrjy1P0TwgtTVZ3Q=
-82,-60,83f0lT8/5706CcK5DN5wsSbkk2Q=,iV1lHPqclHeyrjy1P0TwgtTVZ3Q=
-81,-62,83f0lT8/5706CcK5DN5wsSbkk2Q=,++x/xgwEjPATuFxikel+VYCn6hw=
-82,-57,83f0lT8/5706CcK5DN5wsSbkk2Q=,iV1lHPqclHeyrjy1P0TwgtTVZ3Q=
-82,-61,83f0lT8/5706CcK5DN5wsSbkk2Q=,++x/xgwEjPATuFxikel+VYCn6hw=
-85,-40,xdRSaASu2MzVqJl+w3OLyjUVTBE=,QhPU3JKsy854KPYIHb9XzBt5K8A=
-85,-42,xdRSaASu2MzVqJl+w3OLyjUVTBE=,aoxNY3fu/wvt/icemVMI7WIFFAk=
-84,-42,xdRSaASu2MzVqJl+w3OLyjUVTBE=,TDXI482bU6GbHCDF+PNdMMg3khM=
-85,-39,xdRSaASu2MzVqJl+w3OLyjUVTBE=,QhPU3JKsy854KPYIHb9XzBt5K8A=
-83,-39,xdRSaASu2MzVqJl+w3OLyjUVTBE=,cjfJzDlgcNkcgi2hQPcmARR9o5M=
-84,-39,xdRSaASu2MzVqJl+w3OLyjUVTBE=,cjfJzDlgcNkcgi2hQPcmARR9o5M=
-85,-41,xdRSaASu2MzVqJl+w3OLyjUVTBE=,aoxNY3fu/wvt/icemVMI7WIFFAk=
-84,-41,xdRSaASu2MzVqJl+w3OLyjUVTBE=,TDXI482bU6GbHCDF+PNdMMg3khM=
-83,-42,xdRSaASu2MzVqJl+w3OLyjUVTBE=,TDXI482bU6GbHCDF+PNdMMg3khM=
-83,-40,xdRSaASu2MzVqJl+w3OLyjUVTBE=,cjfJzDlgcNkcgi2hQPcmARR9o5M=
-83,-41,xdRSaASu2MzVqJl+w3OLyjUVTBE=,TDXI482bU6GbHCDF+PNdMMg3khM=
-84,-40,xdRSaASu2MzVqJl+w3OLyjUVTBE=,cjfJzDlgcNkcgi2hQPcmARR9o5M=
-85,-43,aqC57UyHnxqkRQoKXgOPbghQx/s=,aoxNY3fu/wvt/icemVMI7WIFFAk=
-85,-44,aqC57UyHnxqkRQoKXgOPbghQx/s=,aoxNY3fu/wvt/icemVMI7WIFFAk=
-85,-45,aqC57UyHnxqkRQoKXgOPbghQx/s=,p0r1RT5DAxVcWTNVHVfBeJd6OzA=
-85,-46,aqC57UyHnxqkRQoKXgOPbghQx/s=,p0r1RT5DAxVcWTNVHVfBeJd6OzA=
-84,-45,aqC57UyHnxqkRQoKXgOPbghQx/s=,yx70Qq+hsv73MlUyBGszD70JpuU=
-83,-46,aqC57UyHnxqkRQoKXgOPbghQx/s=,yx70Qq+hsv73MlUyBGszD70JpuU=
-83,-43,aqC57UyHnxqkRQoKXgOPbghQx/s=,TDXI482bU6GbHCDF+PNdMMg3khM=
-83,-45,aqC57UyHnxqkRQoKXgOPbghQx/s=,yx70Qq+hsv73MlUyBGszD70JpuU=
-84,-44,aqC57UyHnxqkRQoKXgOPbghQx/s=,TDXI482bU6GbHCDF+PNdMMg3khM=
-84,-43,aqC57UyHnxqkRQoKXgOPbghQx/s=,TDXI482bU6GbHCDF+PNdMMg3khM=
-83,-44,aqC57UyHnxqkRQoKXgOPbghQx/s=,TDXI482bU6GbHCDF+PNdMMg3khM=
-84,-46,aqC57UyHnxqkRQoKXgOPbghQx/s=,yx70Qq+hsv73MlUyBGszD70JpuU=
-85,-37,Dh9jKPb/dQXjgWo+6FlZ7I51V+U=,QhPU3JKsy854KPYIHb9XzBt5K8A=
-83,-37,Dh9jKPb/dQXjgWo+6FlZ7I51V+U=,cjfJzDlgcNkcgi2hQPcmARR9o5M=
-82,-37,Dh9jKPb/dQXjgWo+6FlZ7I51V+U=,cjfJzDlgcNkcgi2hQPcmARR9o5M=
-84,-37,Dh9jKPb/dQXjgWo+6FlZ7I51V+U=,cjfJzDlgcNkcgi2hQPcmARR9o5M=
-83,-38,Dh9jKPb/dQXjgWo+6FlZ7I51V+U=,cjfJzDlgcNkcgi2hQPcmARR9o5M=
-84,-38,Dh9jKPb/dQXjgWo+6FlZ7I51V+U=,cjfJzDlgcNkcgi2hQPcmARR9o5M=
-81,-37,Dh9jKPb/dQXjgWo+6FlZ7I51V+U=,cjfJzDlgcNkcgi2hQPcmARR9o5M=
-81,-38,Dh9jKPb/dQXjgWo+6FlZ7I51V+U=,cjfJzDlgcNkcgi2hQPcmARR9o5M=
-82,-38,imqtFZSQaxwRID7vwyqzDBVX4wk=,cjfJzDlgcNkcgi2hQPcmARR9o5M=
-85,-38,Dh9jKPb/dQXjgWo+6FlZ7I51V+U=,QhPU3JKsy854KPYIHb9XzBt5K8A=
-84,-35,imqtFZSQaxwRID7vwyqzDBVX4wk=,gQmw+ef72GvkdTomI2T4tEVF050=
-84,-36,imqtFZSQaxwRID7vwyqzDBVX4wk=,gQmw+ef72GvkdTomI2T4tEVF050=
-85,-34,Dh9jKPb/dQXjgWo+6FlZ7I51V+U=,7q26HCAwCQT+JdfyFGfUuKFkacg=
-82,-34,Dh9jKPb/dQXjgWo+6FlZ7I51V+U=,gQmw+ef72GvkdTomI2T4tEVF050=
-83,-34,imqtFZSQaxwRID7vwyqzDBVX4wk=,gQmw+ef72GvkdTomI2T4tEVF050=
-84,-34,Dh9jKPb/dQXjgWo+6FlZ7I51V+U=,gQmw+ef72GvkdTomI2T4tEVF050=
-82,-36,Dh9jKPb/dQXjgWo+6FlZ7I51V+U=,gQmw+ef72GvkdTomI2T4tEVF050=
-83,-33,Dh9jKPb/dQXjgWo+6FlZ7I51V+U=,gQmw+ef72GvkdTomI2T4tEVF050=
-83,-36,Dh9jKPb/dQXjgWo+6FlZ7I51V+U=,gQmw+ef72GvkdTomI2T4tEVF050=
-81,-36,imqtFZSQaxwRID7vwyqzDBVX4wk=,gQmw+ef72GvkdTomI2T4tEVF050=
-85,-33,Dh9jKPb/dQXjgWo+6FlZ7I51V+U=,7q26HCAwCQT+JdfyFGfUuKFkacg=
-85,-36,imqtFZSQaxwRID7vwyqzDBVX4wk=,7q26HCAwCQT+JdfyFGfUuKFkacg=
-82,-35,imqtFZSQaxwRID7vwyqzDBVX4wk=,gQmw+ef72GvkdTomI2T4tEVF050=
-85,-35,Dh9jKPb/dQXjgWo+6FlZ7I51V+U=,7q26HCAwCQT+JdfyFGfUuKFkacg=
-84,-33,imqtFZSQaxwRID7vwyqzDBVX4wk=,gQmw+ef72GvkdTomI2T4tEVF050=
-82,-33,Dh9jKPb/dQXjgWo+6FlZ7I51V+U=,gQmw+ef72GvkdTomI2T4tEVF050=
-83,-35,imqtFZSQaxwRID7vwyqzDBVX4wk=,gQmw+ef72GvkdTomI2T4tEVF050=
-81,-33,imqtFZSQaxwRID7vwyqzDBVX4wk=,gQmw+ef72GvkdTomI2T4tEVF050=
-81,-35,Dh9jKPb/dQXjgWo+6FlZ7I51V+U=,gQmw+ef72GvkdTomI2T4tEVF050=
-81,-34,Dh9jKPb/dQXjgWo+6FlZ7I51V+U=,gQmw+ef72GvkdTomI2T4tEVF050=
-84,-47,imqtFZSQaxwRID7vwyqzDBVX4wk=,yx70Qq+hsv73MlUyBGszD70JpuU=
-85,-48,imqtFZSQaxwRID7vwyqzDBVX4wk=,p0r1RT5DAxVcWTNVHVfBeJd6OzA=
-83,-48,imqtFZSQaxwRID7vwyqzDBVX4wk=,yx70Qq+hsv73MlUyBGszD70JpuU=
-85,-47,imqtFZSQaxwRID7vwyqzDBVX4wk=,p0r1RT5DAxVcWTNVHVfBeJd6OzA=
-84,-48,imqtFZSQaxwRID7vwyqzDBVX4wk=,yx70Qq+hsv73MlUyBGszD70JpuU=
-83,-47,imqtFZSQaxwRID7vwyqzDBVX4wk=,yx70Qq+hsv73MlUyBGszD70JpuU=
-82,-48,imqtFZSQaxwRID7vwyqzDBVX4wk=,yx70Qq+hsv73MlUyBGszD70JpuU=
-81,-48,imqtFZSQaxwRID7vwyqzDBVX4wk=,yx70Qq+hsv73MlUyBGszD70JpuU=
-82,-47,imqtFZSQaxwRID7vwyqzDBVX4wk=,yx70Qq+hsv73MlUyBGszD70JpuU=
-81,-45,imqtFZSQaxwRID7vwyqzDBVX4wk=,yx70Qq+hsv73MlUyBGszD70JpuU=
-81,-47,imqtFZSQaxwRID7vwyqzDBVX4wk=,yx70Qq+hsv73MlUyBGszD70JpuU=
-81,-46,imqtFZSQaxwRID7vwyqzDBVX4wk=,yx70Qq+hsv73MlUyBGszD70JpuU=
-82,-43,imqtFZSQaxwRID7vwyqzDBVX4wk=,TDXI482bU6GbHCDF+PNdMMg3khM=
-81,-41,imqtFZSQaxwRID7vwyqzDBVX4wk=,TDXI482bU6GbHCDF+PNdMMg3khM=
-81,-39,imqtFZSQaxwRID7vwyqzDBVX4wk=,cjfJzDlgcNkcgi2hQPcmARR9o5M=
-82,-46,imqtFZSQaxwRID7vwyqzDBVX4wk=,yx70Qq+hsv73MlUyBGszD70JpuU=
-81,-44,imqtFZSQaxwRID7vwyqzDBVX4wk=,TDXI482bU6GbHCDF+PNdMMg3khM=
-82,-42,imqtFZSQaxwRID7vwyqzDBVX4wk=,TDXI482bU6GbHCDF+PNdMMg3khM=
-81,-43,imqtFZSQaxwRID7vwyqzDBVX4wk=,TDXI482bU6GbHCDF+PNdMMg3khM=
-82,-39,imqtFZSQaxwRID7vwyqzDBVX4wk=,cjfJzDlgcNkcgi2hQPcmARR9o5M=
-81,-42,imqtFZSQaxwRID7vwyqzDBVX4wk=,TDXI482bU6GbHCDF+PNdMMg3khM=
-82,-45,imqtFZSQaxwRID7vwyqzDBVX4wk=,yx70Qq+hsv73MlUyBGszD70JpuU=
-82,-41,imqtFZSQaxwRID7vwyqzDBVX4wk=,TDXI482bU6GbHCDF+PNdMMg3khM=
-81,-40,imqtFZSQaxwRID7vwyqzDBVX4wk=,cjfJzDlgcNkcgi2hQPcmARR9o5M=
-82,-40,imqtFZSQaxwRID7vwyqzDBVX4wk=,cjfJzDlgcNkcgi2hQPcmARR9o5M=
-82,-44,imqtFZSQaxwRID7vwyqzDBVX4wk=,TDXI482bU6GbHCDF+PNdMMg3khM=
