23,-104,JgxfjdwZweK9dVUFCYZGB3oAUrU=,a/Usbr/+TJIe8Ou+PMs1SNQ4yr8=
20,-105,JgxfjdwZweK9dVUFCYZGB3oAUrU=,RLelWvnT6B8vzaKtmEyvkeg4ME0=
23,-105,JgxfjdwZweK9dVUFCYZGB3oAUrU=,RLelWvnT6B8vzaKtmEyvkeg4ME0=
21,-105,JgxfjdwZweK9dVUFCYZGB3oAUrU=,RLelWvnT6B8vzaKtmEyvkeg4ME0=
22,-106,JgxfjdwZweK9dVUFCYZGB3oAUrU=,RLelWvnT6B8vzaKtmEyvkeg4ME0=
22,-105,JgxfjdwZweK9dVUFCYZGB3oAUrU=,RLelWvnT6B8vzaKtmEyvkeg4ME0=
20,-106,2jdJn0EYXkTotcDkmA+oP6zoZlI=,RLelWvnT6B8vzaKtmEyvkeg4ME0=
21,-106,JgxfjdwZweK9dVUFCYZGB3oAUrU=,RLelWvnT6B8vzaKtmEyvkeg4ME0=
20,-108,2jdJn0EYXkTotcDkmA+oP6zoZlI=,RLelWvnT6B8vzaKtmEyvkeg4ME0=
22,-107,2jdJn0EYXkTotcDkmA+oP6zoZlI=,RLelWvnT6B8vzaKtmEyvkeg4ME0=
21,-108,2jdJn0EYXkTotcDkmA+oP6zoZlI=,RLelWvnT6B8vzaKtmEyvkeg4ME0=
22,-108,2jdJn0EYXkTotcDkmA+oP6zoZlI=,RLelWvnT6B8vzaKtmEyvkeg4ME0=
20,-107,2jdJn0EYXkTotcDkmA+oP6zoZlI=,RLelWvnT6B8vzaKtmEyvkeg4ME0=
21,-107,2jdJn0EYXkTotcDkmA+oP6zoZlI=,RLelWvnT6B8vzaKtmEyvkeg4ME0=
23,-106,JgxfjdwZweK9dVUFCYZGB3oAUrU=,RLelWvnT6B8vzaKtmEyvkeg4ME0=
23,-107,JgxfjdwZweK9dVUFCYZGB3oAUrU=,RLelWvnT6B8vzaKtmEyvkeg4ME0=
24,-107,2jdJn0EYXkTotcDkmA+oP6zoZlI=,8SxWIbAgagC8jSlw8+MGo23XUPE=
27,-108,2jdJn0EYXkTotcDkmA+oP6zoZlI=,8SxWIbAgagC8jSlw8+MGo23XUPE=
25,-107,2jdJn0EYXkTotcDkmA+oP6zoZlI=,8SxWIbAgagC8jSlw8+MGo23XUPE=
25,-102,gMvG+OMXdByzf3DdQXanoKI4+fI=,J5n3UBiwtKNIZLs5GMSbktA9Rn8=
26,-107,2jdJn0EYXkTotcDkmA+oP6zoZlI=,8SxWIbAgagC8jSlw8+MGo23XUPE=
26,-108,2jdJn0EYXkTotcDkmA+oP6zoZlI=,8SxWIbAgagC8jSlw8+MGo23XUPE=
27,-107,2jdJn0EYXkTotcDkmA+oP6zoZlI=,8SxWIbAgagC8jSlw8+MGo23XUPE=
24,-108,2jdJn0EYXkTotcDkmA+oP6zoZlI=,8SxWIbAgagC8jSlw8+MGo23XUPE=
25,-108,2jdJn0EYXkTotcDkmA+oP6zoZlI=,8SxWIbAgagC8jSlw8+MGo23XUPE=
24,-106,2jdJn0EYXkTotcDkmA+oP6zoZlI=,8SxWIbAgagC8jSlw8+MGo23XUPE=
23,-108,JgxfjdwZweK9dVUFCYZGB3oAUrU=,RLelWvnT6B8vzaKtmEyvkeg4ME0=
25,-106,2jdJn0EYXkTotcDkmA+oP6zoZlI=,8SxWIbAgagC8jSlw8+MGo23XUPE=
26,-106,2jdJn0EYXkTotcDkmA+oP6zoZlI=,8SxWIbAgagC8jSlw8+MGo23XUPE=
26,-102,2jdJn0EYXkTotcDkmA+oP6zoZlI=,J5n3UBiwtKNIZLs5GMSbktA9Rn8=
25,-101,2jdJn0EYXkTotcDkmA+oP6zoZlI=,J5n3UBiwtKNIZLs5GMSbktA9Rn8=
27,-106,2jdJn0EYXkTotcDkmA+oP6zoZlI=,8SxWIbAgagC8jSlw8+MGo23XUPE=
27,-102,2jdJn0EYXkTotcDkmA+oP6zoZlI=,J5n3UBiwtKNIZLs5GMSbktA9Rn8=
26,-104,Q6+Fa+Pu3KArxTCNfcYBq7AQkJw=,J5n3UBiwtKNIZLs5GMSbktA9Rn8=
24,-105,gMvG+OMXdByzf3DdQXanoKI4+fI=,8SxWIbAgagC8jSlw8+MGo23XUPE=
26,-101,2jdJn0EYXkTotcDkmA+oP6zoZlI=,J5n3UBiwtKNIZLs5GMSbktA9Rn8=
25,-105,Q6+Fa+Pu3KArxTCNfcYBq7AQkJw=,8SxWIbAgagC8jSlw8+MGo23XUPE=
26,-105,Q6+Fa+Pu3KArxTCNfcYBq7AQkJw=,8SxWIbAgagC8jSlw8+MGo23XUPE=
27,-105,Q6+Fa+Pu3KArxTCNfcYBq7AQkJw=,8SxWIbAgagC8jSlw8+MGo23XUPE=
22,-104,2jdJn0EYXkTotcDkmA+oP6zoZlI=,a/Usbr/+TJIe8Ou+PMs1SNQ4yr8=
20,-104,2jdJn0EYXkTotcDkmA+oP6zoZlI=,a/Usbr/+TJIe8Ou+PMs1SNQ4yr8=
21,-104,2jdJn0EYXkTotcDkmA+oP6zoZlI=,a/Usbr/+TJIe8Ou+PMs1SNQ4yr8=
20,-103,2jdJn0EYXkTotcDkmA+oP6zoZlI=,a/Usbr/+TJIe8Ou+PMs1SNQ4yr8=
21,-103,2jdJn0EYXkTotcDkmA+oP6zoZlI=,a/Usbr/+TJIe8Ou+PMs1SNQ4yr8=
22,-103,2jdJn0EYXkTotcDkmA+oP6zoZlI=,a/Usbr/+TJIe8Ou+PMs1SNQ4yr8=
27,-104,Q6+Fa+Pu3KArxTCNfcYBq7AQkJw=,J5n3UBiwtKNIZLs5GMSbktA9Rn8=
24,-104,gMvG+OMXdByzf3DdQXanoKI4+fI=,J5n3UBiwtKNIZLs5GMSbktA9Rn8=
23,-103,2jdJn0EYXkTotcDkmA+oP6zoZlI=,a/Usbr/+TJIe8Ou+PMs1SNQ4yr8=
25,-104,2jdJn0EYXkTotcDkmA+oP6zoZlI=,J5n3UBiwtKNIZLs5GMSbktA9Rn8=
20,-102,2jdJn0EYXkTotcDkmA+oP6zoZlI=,a/Usbr/+TJIe8Ou+PMs1SNQ4yr8=
23,-101,2jdJn0EYXkTotcDkmA+oP6zoZlI=,a/Usbr/+TJIe8Ou+PMs1SNQ4yr8=
21,-102,2jdJn0EYXkTotcDkmA+oP6zoZlI=,a/Usbr/+TJIe8Ou+PMs1SNQ4yr8=
24,-101,Q6+Fa+Pu3KArxTCNfcYBq7AQkJw=,J5n3UBiwtKNIZLs5GMSbktA9Rn8=
22,-101,2jdJn0EYXkTotcDkmA+oP6zoZlI=,a/Usbr/+TJIe8Ou+PMs1SNQ4yr8=
22,-102,2jdJn0EYXkTotcDkmA+oP6zoZlI=,a/Usbr/+TJIe8Ou+PMs1SNQ4yr8=
20,-101,2jdJn0EYXkTotcDkmA+oP6zoZlI=,a/Usbr/+TJIe8Ou+PMs1SNQ4yr8=
21,-101,2jdJn0EYXkTotcDkmA+oP6zoZlI=,a/Usbr/+TJIe8Ou+PMs1SNQ4yr8=
24,-102,Q6+Fa+Pu3KArxTCNfcYBq7AQkJw=,J5n3UBiwtKNIZLs5GMSbktA9Rn8=
23,-102,2jdJn0EYXkTotcDkmA+oP6zoZlI=,a/Usbr/+TJIe8Ou+PMs1SNQ4yr8=
24,-103,gMvG+OMXdByzf3DdQXanoKI4+fI=,J5n3UBiwtKNIZLs5GMSbktA9Rn8=
27,-103,2jdJn0EYXkTotcDkmA+oP6zoZlI=,J5n3UBiwtKNIZLs5GMSbktA9Rn8=
27,-101,2jdJn0EYXkTotcDkmA+oP6zoZlI=,J5n3UBiwtKNIZLs5GMSbktA9Rn8=
25,-103,2jdJn0EYXkTotcDkmA+oP6zoZlI=,J5n3UBiwtKNIZLs5GMSbktA9Rn8=
26,-103,2jdJn0EYXkTotcDkmA+oP6zoZlI=,J5n3UBiwtKNIZLs5GMSbktA9Rn8=
31,-112,nB0VNJQPJmmvdHMXlm95h27Jx2k=,8SxWIbAgagC8jSlw8+MGo23XUPE=
29,-110,nB0VNJQPJmmvdHMXlm95h27Jx2k=,8SxWIbAgagC8jSlw8+MGo23XUPE=
30,-110,nB0VNJQPJmmvdHMXlm95h27Jx2k=,8SxWIbAgagC8jSlw8+MGo23XUPE=
28,-111,nB0VNJQPJmmvdHMXlm95h27Jx2k=,8SxWIbAgagC8jSlw8+MGo23XUPE=
28,-109,nB0VNJQPJmmvdHMXlm95h27Jx2k=,8SxWIbAgagC8jSlw8+MGo23XUPE=
30,-111,nB0VNJQPJmmvdHMXlm95h27Jx2k=,8SxWIbAgagC8jSlw8+MGo23XUPE=
29,-111,nB0VNJQPJmmvdHMXlm95h27Jx2k=,8SxWIbAgagC8jSlw8+MGo23XUPE=
30,-112,nB0VNJQPJmmvdHMXlm95h27Jx2k=,8SxWIbAgagC8jSlw8+MGo23XUPE=
29,-109,nB0VNJQPJmmvdHMXlm95h27Jx2k=,8SxWIbAgagC8jSlw8+MGo23XUPE=
30,-109,nB0VNJQPJmmvdHMXlm95h27Jx2k=,8SxWIbAgagC8jSlw8+MGo23XUPE=
28,-110,nB0VNJQPJmmvdHMXlm95h27Jx2k=,8SxWIbAgagC8jSlw8+MGo23XUPE=
29,-112,nB0VNJQPJmmvdHMXlm95h27Jx2k=,8SxWIbAgagC8jSlw8+MGo23XUPE=
31,-109,nB0VNJQPJmmvdHMXlm95h27Jx2k=,8SxWIbAgagC8jSlw8+MGo23XUPE=
28,-112,nB0VNJQPJmmvdHMXlm95h27Jx2k=,8SxWIbAgagC8jSlw8+MGo23XUPE=
31,-111,nB0VNJQPJmmvdHMXlm95h27Jx2k=,8SxWIbAgagC8jSlw8+MGo23XUPE=
31,-110,nB0VNJQPJmmvdHMXlm95h27Jx2k=,8SxWIbAgagC8jSlw8+MGo23XUPE=
28,-108,nB0VNJQPJmmvdHMXlm95h27Jx2k=,8SxWIbAgagC8jSlw8+MGo23XUPE=
31,-105,nB0VNJQPJmmvdHMXlm95h27Jx2k=,8SxWIbAgagC8jSlw8+MGo23XUPE=
24,-112,nB0VNJQPJmmvdHMXlm95h27Jx2k=,8SxWIbAgagC8jSlw8+MGo23XUPE=
29,-108,nB0VNJQPJmmvdHMXlm95h27Jx2k=,8SxWIbAgagC8jSlw8+MGo23XUPE=
25,-109,TtBhYK6q4sKbI4MXVtX6OUjSBc4=,8SxWIbAgagC8jSlw8+MGo23XUPE=
24,-109,Q6+Fa+Pu3KArxTCNfcYBq7AQkJw=,8SxWIbAgagC8jSlw8+MGo23XUPE=
31,-104,nB0VNJQPJmmvdHMXlm95h27Jx2k=,J5n3UBiwtKNIZLs5GMSbktA9Rn8=
30,-108,nB0VNJQPJmmvdHMXlm95h27Jx2k=,8SxWIbAgagC8jSlw8+MGo23XUPE=
30,-103,nB0VNJQPJmmvdHMXlm95h27Jx2k=,J5n3UBiwtKNIZLs5GMSbktA9Rn8=
26,-109,TtBhYK6q4sKbI4MXVtX6OUjSBc4=,8SxWIbAgagC8jSlw8+MGo23XUPE=
31,-102,Nj/5CYtFfYCGg4ZTlvNQYwCQzDk=,J5n3UBiwtKNIZLs5GMSbktA9Rn8=
23,-97,nB0VNJQPJmmvdHMXlm95h27Jx2k=,a/Usbr/+TJIe8Ou+PMs1SNQ4yr8=
28,-107,nB0VNJQPJmmvdHMXlm95h27Jx2k=,8SxWIbAgagC8jSlw8+MGo23XUPE=
27,-109,Nj/5CYtFfYCGg4ZTlvNQYwCQzDk=,8SxWIbAgagC8jSlw8+MGo23XUPE=
31,-101,TtBhYK6q4sKbI4MXVtX6OUjSBc4=,J5n3UBiwtKNIZLs5GMSbktA9Rn8=
29,-107,nB0VNJQPJmmvdHMXlm95h27Jx2k=,8SxWIbAgagC8jSlw8+MGo23XUPE=
22,-97,nB0VNJQPJmmvdHMXlm95h27Jx2k=,a/Usbr/+TJIe8Ou+PMs1SNQ4yr8=
25,-112,Nj/5CYtFfYCGg4ZTlvNQYwCQzDk=,8SxWIbAgagC8jSlw8+MGo23XUPE=
31,-103,TtBhYK6q4sKbI4MXVtX6OUjSBc4=,J5n3UBiwtKNIZLs5GMSbktA9Rn8=
20,-100,nB0VNJQPJmmvdHMXlm95h27Jx2k=,a/Usbr/+TJIe8Ou+PMs1SNQ4yr8=
26,-112,Nj/5CYtFfYCGg4ZTlvNQYwCQzDk=,8SxWIbAgagC8jSlw8+MGo23XUPE=
29,-104,Nj/5CYtFfYCGg4ZTlvNQYwCQzDk=,J5n3UBiwtKNIZLs5GMSbktA9Rn8=
30,-107,nB0VNJQPJmmvdHMXlm95h27Jx2k=,8SxWIbAgagC8jSlw8+MGo23XUPE=
21,-100,nB0VNJQPJmmvdHMXlm95h27Jx2k=,a/Usbr/+TJIe8Ou+PMs1SNQ4yr8=
27,-112,Nj/5CYtFfYCGg4ZTlvNQYwCQzDk=,8SxWIbAgagC8jSlw8+MGo23XUPE=
28,-106,nB0VNJQPJmmvdHMXlm95h27Jx2k=,8SxWIbAgagC8jSlw8+MGo23XUPE=
21,-97,nB0VNJQPJmmvdHMXlm95h27Jx2k=,a/Usbr/+TJIe8Ou+PMs1SNQ4yr8=
27,-110,nB0VNJQPJmmvdHMXlm95h27Jx2k=,8SxWIbAgagC8jSlw8+MGo23XUPE=
30,-104,Nj/5CYtFfYCGg4ZTlvNQYwCQzDk=,J5n3UBiwtKNIZLs5GMSbktA9Rn8=
22,-100,nB0VNJQPJmmvdHMXlm95h27Jx2k=,a/Usbr/+TJIe8Ou+PMs1SNQ4yr8=
29,-106,nB0VNJQPJmmvdHMXlm95h27Jx2k=,8SxWIbAgagC8jSlw8+MGo23XUPE=
26,-110,nB0VNJQPJmmvdHMXlm95h27Jx2k=,8SxWIbAgagC8jSlw8+MGo23XUPE=
28,-104,TtBhYK6q4sKbI4MXVtX6OUjSBc4=,J5n3UBiwtKNIZLs5GMSbktA9Rn8=
30,-106,nB0VNJQPJmmvdHMXlm95h27Jx2k=,8SxWIbAgagC8jSlw8+MGo23XUPE=
23,-100,nB0VNJQPJmmvdHMXlm95h27Jx2k=,a/Usbr/+TJIe8Ou+PMs1SNQ4yr8=
25,-110,nB0VNJQPJmmvdHMXlm95h27Jx2k=,8SxWIbAgagC8jSlw8+MGo23XUPE=
23,-109,Nj/5CYtFfYCGg4ZTlvNQYwCQzDk=,RLelWvnT6B8vzaKtmEyvkeg4ME0=
29,-101,nB0VNJQPJmmvdHMXlm95h27Jx2k=,J5n3UBiwtKNIZLs5GMSbktA9Rn8=
30,-101,nB0VNJQPJmmvdHMXlm95h27Jx2k=,J5n3UBiwtKNIZLs5GMSbktA9Rn8=
28,-105,nB0VNJQPJmmvdHMXlm95h27Jx2k=,8SxWIbAgagC8jSlw8+MGo23XUPE=
20,-97,nB0VNJQPJmmvdHMXlm95h27Jx2k=,a/Usbr/+TJIe8Ou+PMs1SNQ4yr8=
24,-110,nB0VNJQPJmmvdHMXlm95h27Jx2k=,8SxWIbAgagC8jSlw8+MGo23XUPE=
23,-110,Nj/5CYtFfYCGg4ZTlvNQYwCQzDk=,RLelWvnT6B8vzaKtmEyvkeg4ME0=
27,-111,nB0VNJQPJmmvdHMXlm95h27Jx2k=,8SxWIbAgagC8jSlw8+MGo23XUPE=
31,-106,nB0VNJQPJmmvdHMXlm95h27Jx2k=,8SxWIbAgagC8jSlw8+MGo23XUPE=
29,-103,nB0VNJQPJmmvdHMXlm95h27Jx2k=,J5n3UBiwtKNIZLs5GMSbktA9Rn8=
23,-98,nB0VNJQPJmmvdHMXlm95h27Jx2k=,a/Usbr/+TJIe8Ou+PMs1SNQ4yr8=
23,-112,Nj/5CYtFfYCGg4ZTlvNQYwCQzDk=,RLelWvnT6B8vzaKtmEyvkeg4ME0=
23,-111,Nj/5CYtFfYCGg4ZTlvNQYwCQzDk=,RLelWvnT6B8vzaKtmEyvkeg4ME0=
26,-111,nB0VNJQPJmmvdHMXlm95h27Jx2k=,8SxWIbAgagC8jSlw8+MGo23XUPE=
22,-98,nB0VNJQPJmmvdHMXlm95h27Jx2k=,a/Usbr/+TJIe8Ou+PMs1SNQ4yr8=
22,-112,TtBhYK6q4sKbI4MXVtX6OUjSBc4=,RLelWvnT6B8vzaKtmEyvkeg4ME0=
31,-107,nB0VNJQPJmmvdHMXlm95h27Jx2k=,8SxWIbAgagC8jSlw8+MGo23XUPE=
30,-102,nB0VNJQPJmmvdHMXlm95h27Jx2k=,J5n3UBiwtKNIZLs5GMSbktA9Rn8=
20,-109,nB0VNJQPJmmvdHMXlm95h27Jx2k=,RLelWvnT6B8vzaKtmEyvkeg4ME0=
25,-111,nB0VNJQPJmmvdHMXlm95h27Jx2k=,8SxWIbAgagC8jSlw8+MGo23XUPE=
21,-98,nB0VNJQPJmmvdHMXlm95h27Jx2k=,a/Usbr/+TJIe8Ou+PMs1SNQ4yr8=
20,-111,nB0VNJQPJmmvdHMXlm95h27Jx2k=,RLelWvnT6B8vzaKtmEyvkeg4ME0=
31,-108,nB0VNJQPJmmvdHMXlm95h27Jx2k=,8SxWIbAgagC8jSlw8+MGo23XUPE=
28,-101,nB0VNJQPJmmvdHMXlm95h27Jx2k=,J5n3UBiwtKNIZLs5GMSbktA9Rn8=
24,-111,nB0VNJQPJmmvdHMXlm95h27Jx2k=,8SxWIbAgagC8jSlw8+MGo23XUPE=
20,-99,nB0VNJQPJmmvdHMXlm95h27Jx2k=,a/Usbr/+TJIe8Ou+PMs1SNQ4yr8=
21,-109,nB0VNJQPJmmvdHMXlm95h27Jx2k=,RLelWvnT6B8vzaKtmEyvkeg4ME0=
28,-102,nB0VNJQPJmmvdHMXlm95h27Jx2k=,J5n3UBiwtKNIZLs5GMSbktA9Rn8=
29,-105,nB0VNJQPJmmvdHMXlm95h27Jx2k=,8SxWIbAgagC8jSlw8+MGo23XUPE=
20,-112,TtBhYK6q4sKbI4MXVtX6OUjSBc4=,RLelWvnT6B8vzaKtmEyvkeg4ME0=
29,-102,nB0VNJQPJmmvdHMXlm95h27Jx2k=,J5n3UBiwtKNIZLs5GMSbktA9Rn8=
22,-110,nB0VNJQPJmmvdHMXlm95h27Jx2k=,RLelWvnT6B8vzaKtmEyvkeg4ME0=
20,-98,nB0VNJQPJmmvdHMXlm95h27Jx2k=,a/Usbr/+TJIe8Ou+PMs1SNQ4yr8=
22,-109,nB0VNJQPJmmvdHMXlm95h27Jx2k=,RLelWvnT6B8vzaKtmEyvkeg4ME0=
30,-105,nB0VNJQPJmmvdHMXlm95h27Jx2k=,8SxWIbAgagC8jSlw8+MGo23XUPE=
21,-111,nB0VNJQPJmmvdHMXlm95h27Jx2k=,RLelWvnT6B8vzaKtmEyvkeg4ME0=
21,-99,nB0VNJQPJmmvdHMXlm95h27Jx2k=,a/Usbr/+TJIe8Ou+PMs1SNQ4yr8=
21,-112,TtBhYK6q4sKbI4MXVtX6OUjSBc4=,RLelWvnT6B8vzaKtmEyvkeg4ME0=
21,-110,nB0VNJQPJmmvdHMXlm95h27Jx2k=,RLelWvnT6B8vzaKtmEyvkeg4ME0=
20,-110,nB0VNJQPJmmvdHMXlm95h27Jx2k=,RLelWvnT6B8vzaKtmEyvkeg4ME0=
28,-97,nB0VNJQPJmmvdHMXlm95h27Jx2k=,J5n3UBiwtKNIZLs5GMSbktA9Rn8=
22,-99,nB0VNJQPJmmvdHMXlm95h27Jx2k=,a/Usbr/+TJIe8Ou+PMs1SNQ4yr8=
28,-100,nB0VNJQPJmmvdHMXlm95h27Jx2k=,J5n3UBiwtKNIZLs5GMSbktA9Rn8=
27,-97,nB0VNJQPJmmvdHMXlm95h27Jx2k=,J5n3UBiwtKNIZLs5GMSbktA9Rn8=
29,-97,nB0VNJQPJmmvdHMXlm95h27Jx2k=,J5n3UBiwtKNIZLs5GMSbktA9Rn8=
29,-100,nB0VNJQPJmmvdHMXlm95h27Jx2k=,J5n3UBiwtKNIZLs5GMSbktA9Rn8=
23,-99,nB0VNJQPJmmvdHMXlm95h27Jx2k=,a/Usbr/+TJIe8Ou+PMs1SNQ4yr8=
30,-99,nB0VNJQPJmmvdHMXlm95h27Jx2k=,J5n3UBiwtKNIZLs5GMSbktA9Rn8=
25,-98,nB0VNJQPJmmvdHMXlm95h27Jx2k=,J5n3UBiwtKNIZLs5GMSbktA9Rn8=
27,-98,nB0VNJQPJmmvdHMXlm95h27Jx2k=,J5n3UBiwtKNIZLs5GMSbktA9Rn8=
22,-111,nB0VNJQPJmmvdHMXlm95h27Jx2k=,RLelWvnT6B8vzaKtmEyvkeg4ME0=
30,-97,nB0VNJQPJmmvdHMXlm95h27Jx2k=,J5n3UBiwtKNIZLs5GMSbktA9Rn8=
25,-99,nB0VNJQPJmmvdHMXlm95h27Jx2k=,J5n3UBiwtKNIZLs5GMSbktA9Rn8=
30,-100,nB0VNJQPJmmvdHMXlm95h27Jx2k=,J5n3UBiwtKNIZLs5GMSbktA9Rn8=
28,-98,nB0VNJQPJmmvdHMXlm95h27Jx2k=,J5n3UBiwtKNIZLs5GMSbktA9Rn8=
31,-97,nB0VNJQPJmmvdHMXlm95h27Jx2k=,J5n3UBiwtKNIZLs5GMSbktA9Rn8=
28,-99,nB0VNJQPJmmvdHMXlm95h27Jx2k=,J5n3UBiwtKNIZLs5GMSbktA9Rn8=
26,-99,nB0VNJQPJmmvdHMXlm95h27Jx2k=,J5n3UBiwtKNIZLs5GMSbktA9Rn8=
26,-98,nB0VNJQPJmmvdHMXlm95h27Jx2k=,J5n3UBiwtKNIZLs5GMSbktA9Rn8=
27,-99,nB0VNJQPJmmvdHMXlm95h27Jx2k=,J5n3UBiwtKNIZLs5GMSbktA9Rn8=
28,-103,nB0VNJQPJmmvdHMXlm95h27Jx2k=,J5n3UBiwtKNIZLs5GMSbktA9Rn8=
29,-98,nB0VNJQPJmmvdHMXlm95h27Jx2k=,J5n3UBiwtKNIZLs5GMSbktA9Rn8=
26,-97,nB0VNJQPJmmvdHMXlm95h27Jx2k=,J5n3UBiwtKNIZLs5GMSbktA9Rn8=
29,-99,nB0VNJQPJmmvdHMXlm95h27Jx2k=,J5n3UBiwtKNIZLs5GMSbktA9Rn8=
30,-98,nB0VNJQPJmmvdHMXlm95h27Jx2k=,J5n3UBiwtKNIZLs5GMSbktA9Rn8=
25,-100,nB0VNJQPJmmvdHMXlm95h27Jx2k=,J5n3UBiwtKNIZLs5GMSbktA9Rn8=
25,-97,nB0VNJQPJmmvdHMXlm95h27Jx2k=,J5n3UBiwtKNIZLs5GMSbktA9Rn8=
27,-100,nB0VNJQPJmmvdHMXlm95h27Jx2k=,J5n3UBiwtKNIZLs5GMSbktA9Rn8=
26,-100,nB0VNJQPJmmvdHMXlm95h27Jx2k=,J5n3UBiwtKNIZLs5GMSbktA9Rn8=
24,-100,nB0VNJQPJmmvdHMXlm95h27Jx2k=,J5n3UBiwtKNIZLs5GMSbktA9Rn8=
24,-99,nB0VNJQPJmmvdHMXlm95h27Jx2k=,J5n3UBiwtKNIZLs5GMSbktA9Rn8=
24,-98,nB0VNJQPJmmvdHMXlm95h27Jx2k=,J5n3UBiwtKNIZLs5GMSbktA9Rn8=
24,-97,nB0VNJQPJmmvdHMXlm95h27Jx2k=,J5n3UBiwtKNIZLs5GMSbktA9Rn8=
31,-99,nB0VNJQPJmmvdHMXlm95h27Jx2k=,J5n3UBiwtKNIZLs5GMSbktA9Rn8=
31,-98,nB0VNJQPJmmvdHMXlm95h27Jx2k=,J5n3UBiwtKNIZLs5GMSbktA9Rn8=
31,-100,nB0VNJQPJmmvdHMXlm95h27Jx2k=,J5n3UBiwtKNIZLs5GMSbktA9Rn8=
18,-98,nB0VNJQPJmmvdHMXlm95h27Jx2k=,a/Usbr/+TJIe8Ou+PMs1SNQ4yr8=
19,-98,nB0VNJQPJmmvdHMXlm95h27Jx2k=,a/Usbr/+TJIe8Ou+PMs1SNQ4yr8=
16,-98,nB0VNJQPJmmvdHMXlm95h27Jx2k=,a/Usbr/+TJIe8Ou+PMs1SNQ4yr8=
16,-97,nB0VNJQPJmmvdHMXlm95h27Jx2k=,a/Usbr/+TJIe8Ou+PMs1SNQ4yr8=
17,-98,nB0VNJQPJmmvdHMXlm95h27Jx2k=,a/Usbr/+TJIe8Ou+PMs1SNQ4yr8=
18,-99,nB0VNJQPJmmvdHMXlm95h27Jx2k=,a/Usbr/+TJIe8Ou+PMs1SNQ4yr8=
19,-99,nB0VNJQPJmmvdHMXlm95h27Jx2k=,a/Usbr/+TJIe8Ou+PMs1SNQ4yr8=
16,-99,nB0VNJQPJmmvdHMXlm95h27Jx2k=,a/Usbr/+TJIe8Ou+PMs1SNQ4yr8=
18,-97,nB0VNJQPJmmvdHMXlm95h27Jx2k=,a/Usbr/+TJIe8Ou+PMs1SNQ4yr8=
17,-99,nB0VNJQPJmmvdHMXlm95h27Jx2k=,a/Usbr/+TJIe8Ou+PMs1SNQ4yr8=
16,-100,nB0VNJQPJmmvdHMXlm95h27Jx2k=,a/Usbr/+TJIe8Ou+PMs1SNQ4yr8=
19,-97,nB0VNJQPJmmvdHMXlm95h27Jx2k=,a/Usbr/+TJIe8Ou+PMs1SNQ4yr8=
17,-97,nB0VNJQPJmmvdHMXlm95h27Jx2k=,a/Usbr/+TJIe8Ou+PMs1SNQ4yr8=
18,-100,nB0VNJQPJmmvdHMXlm95h27Jx2k=,a/Usbr/+TJIe8Ou+PMs1SNQ4yr8=
19,-100,nB0VNJQPJmmvdHMXlm95h27Jx2k=,a/Usbr/+TJIe8Ou+PMs1SNQ4yr8=
17,-100,nB0VNJQPJmmvdHMXlm95h27Jx2k=,a/Usbr/+TJIe8Ou+PMs1SNQ4yr8=
16,-112,nB0VNJQPJmmvdHMXlm95h27Jx2k=,RLelWvnT6B8vzaKtmEyvkeg4ME0=
16,-108,Nj/5CYtFfYCGg4ZTlvNQYwCQzDk=,RLelWvnT6B8vzaKtmEyvkeg4ME0=
16,-109,Nj/5CYtFfYCGg4ZTlvNQYwCQzDk=,RLelWvnT6B8vzaKtmEyvkeg4ME0=
16,-106,Nj/5CYtFfYCGg4ZTlvNQYwCQzDk=,RLelWvnT6B8vzaKtmEyvkeg4ME0=
16,-105,TtBhYK6q4sKbI4MXVtX6OUjSBc4=,RLelWvnT6B8vzaKtmEyvkeg4ME0=
19,-111,nB0VNJQPJmmvdHMXlm95h27Jx2k=,RLelWvnT6B8vzaKtmEyvkeg4ME0=
16,-107,Nj/5CYtFfYCGg4ZTlvNQYwCQzDk=,RLelWvnT6B8vzaKtmEyvkeg4ME0=
16,-110,nB0VNJQPJmmvdHMXlm95h27Jx2k=,RLelWvnT6B8vzaKtmEyvkeg4ME0=
18,-111,nB0VNJQPJmmvdHMXlm95h27Jx2k=,RLelWvnT6B8vzaKtmEyvkeg4ME0=
17,-111,nB0VNJQPJmmvdHMXlm95h27Jx2k=,RLelWvnT6B8vzaKtmEyvkeg4ME0=
19,-106,nB0VNJQPJmmvdHMXlm95h27Jx2k=,RLelWvnT6B8vzaKtmEyvkeg4ME0=
18,-106,nB0VNJQPJmmvdHMXlm95h27Jx2k=,RLelWvnT6B8vzaKtmEyvkeg4ME0=
16,-111,nB0VNJQPJmmvdHMXlm95h27Jx2k=,RLelWvnT6B8vzaKtmEyvkeg4ME0=
17,-106,nB0VNJQPJmmvdHMXlm95h27Jx2k=,RLelWvnT6B8vzaKtmEyvkeg4ME0=
17,-110,nB0VNJQPJmmvdHMXlm95h27Jx2k=,RLelWvnT6B8vzaKtmEyvkeg4ME0=
18,-110,nB0VNJQPJmmvdHMXlm95h27Jx2k=,RLelWvnT6B8vzaKtmEyvkeg4ME0=
16,-104,nB0VNJQPJmmvdHMXlm95h27Jx2k=,a/Usbr/+TJIe8Ou+PMs1SNQ4yr8=
19,-107,nB0VNJQPJmmvdHMXlm95h27Jx2k=,RLelWvnT6B8vzaKtmEyvkeg4ME0=
19,-110,nB0VNJQPJmmvdHMXlm95h27Jx2k=,RLelWvnT6B8vzaKtmEyvkeg4ME0=
17,-107,nB0VNJQPJmmvdHMXlm95h27Jx2k=,RLelWvnT6B8vzaKtmEyvkeg4ME0=
18,-107,nB0VNJQPJmmvdHMXlm95h27Jx2k=,RLelWvnT6B8vzaKtmEyvkeg4ME0=
19,-112,nB0VNJQPJmmvdHMXlm95h27Jx2k=,RLelWvnT6B8vzaKtmEyvkeg4ME0=
19,-108,nB0VNJQPJmmvdHMXlm95h27Jx2k=,RLelWvnT6B8vzaKtmEyvkeg4ME0=
18,-108,nB0VNJQPJmmvdHMXlm95h27Jx2k=,RLelWvnT6B8vzaKtmEyvkeg4ME0=
17,-108,nB0VNJQPJmmvdHMXlm95h27Jx2k=,RLelWvnT6B8vzaKtmEyvkeg4ME0=
19,-109,nB0VNJQPJmmvdHMXlm95h27Jx2k=,RLelWvnT6B8vzaKtmEyvkeg4ME0=
18,-109,nB0VNJQPJmmvdHMXlm95h27Jx2k=,RLelWvnT6B8vzaKtmEyvkeg4ME0=
18,-112,nB0VNJQPJmmvdHMXlm95h27Jx2k=,RLelWvnT6B8vzaKtmEyvkeg4ME0=
17,-104,nB0VNJQPJmmvdHMXlm95h27Jx2k=,a/Usbr/+TJIe8Ou+PMs1SNQ4yr8=
17,-109,nB0VNJQPJmmvdHMXlm95h27Jx2k=,RLelWvnT6B8vzaKtmEyvkeg4ME0=
18,-104,nB0VNJQPJmmvdHMXlm95h27Jx2k=,a/Usbr/+TJIe8Ou+PMs1SNQ4yr8=
18,-103,nB0VNJQPJmmvdHMXlm95h27Jx2k=,a/Usbr/+TJIe8Ou+PMs1SNQ4yr8=
17,-112,nB0VNJQPJmmvdHMXlm95h27Jx2k=,RLelWvnT6B8vzaKtmEyvkeg4ME0=
19,-104,nB0VNJQPJmmvdHMXlm95h27Jx2k=,a/Usbr/+TJIe8Ou+PMs1SNQ4yr8=
19,-103,nB0VNJQPJmmvdHMXlm95h27Jx2k=,a/Usbr/+TJIe8Ou+PMs1SNQ4yr8=
17,-103,nB0VNJQPJmmvdHMXlm95h27Jx2k=,a/Usbr/+TJIe8Ou+PMs1SNQ4yr8=
19,-105,nB0VNJQPJmmvdHMXlm95h27Jx2k=,RLelWvnT6B8vzaKtmEyvkeg4ME0=
18,-105,nB0VNJQPJmmvdHMXlm95h27Jx2k=,RLelWvnT6B8vzaKtmEyvkeg4ME0=
17,-105,nB0VNJQPJmmvdHMXlm95h27Jx2k=,RLelWvnT6B8vzaKtmEyvkeg4ME0=
16,-101,nB0VNJQPJmmvdHMXlm95h27Jx2k=,a/Usbr/+TJIe8Ou+PMs1SNQ4yr8=
16,-102,nB0VNJQPJmmvdHMXlm95h27Jx2k=,a/Usbr/+TJIe8Ou+PMs1SNQ4yr8=
17,-102,nB0VNJQPJmmvdHMXlm95h27Jx2k=,a/Usbr/+TJIe8Ou+PMs1SNQ4yr8=
18,-102,nB0VNJQPJmmvdHMXlm95h27Jx2k=,a/Usbr/+TJIe8Ou+PMs1SNQ4yr8=
19,-102,nB0VNJQPJmmvdHMXlm95h27Jx2k=,a/Usbr/+TJIe8Ou+PMs1SNQ4yr8=
19,-101,nB0VNJQPJmmvdHMXlm95h27Jx2k=,a/Usbr/+TJIe8Ou+PMs1SNQ4yr8=
18,-101,nB0VNJQPJmmvdHMXlm95h27Jx2k=,a/Usbr/+TJIe8Ou+PMs1SNQ4yr8=
16,-103,nB0VNJQPJmmvdHMXlm95h27Jx2k=,a/Usbr/+TJIe8Ou+PMs1SNQ4yr8=
17,-101,nB0VNJQPJmmvdHMXlm95h27Jx2k=,a/Usbr/+TJIe8Ou+PMs1SNQ4yr8=
20,-121,V3Kf1axCGIBGJP8Z3gmsj6nqp84=,kHGL+ngT61vwb7pmAr7aspj6iUI=
21,-121,V3Kf1axCGIBGJP8Z3gmsj6nqp84=,kHGL+ngT61vwb7pmAr7aspj6iUI=
22,-121,V3Kf1axCGIBGJP8Z3gmsj6nqp84=,kHGL+ngT61vwb7pmAr7aspj6iUI=
23,-121,V3Kf1axCGIBGJP8Z3gmsj6nqp84=,kHGL+ngT61vwb7pmAr7aspj6iUI=
24,-121,V3Kf1axCGIBGJP8Z3gmsj6nqp84=,0575KLrgaSRTU88QoUheuazc2uU=
25,-121,WNi9OfXIlSjwvRYV5x44PuvGJ30=,0575KLrgaSRTU88QoUheuazc2uU=
26,-121,9pkr+C0sUSFkW6E8ceIZZakAZkk=,0575KLrgaSRTU88QoUheuazc2uU=
27,-121,WNi9OfXIlSjwvRYV5x44PuvGJ30=,0575KLrgaSRTU88QoUheuazc2uU=
24,-122,WNi9OfXIlSjwvRYV5x44PuvGJ30=,0575KLrgaSRTU88QoUheuazc2uU=
24,-123,WNi9OfXIlSjwvRYV5x44PuvGJ30=,0575KLrgaSRTU88QoUheuazc2uU=
24,-124,WJ2/26EX5G5brms5QkWMfvMj0Hk=,0575KLrgaSRTU88QoUheuazc2uU=
27,-122,WNi9OfXIlSjwvRYV5x44PuvGJ30=,0575KLrgaSRTU88QoUheuazc2uU=
26,-122,o78/x3mGoiYwvXNUKZm5NcHN/GU=,0575KLrgaSRTU88QoUheuazc2uU=
25,-122,V3Kf1axCGIBGJP8Z3gmsj6nqp84=,0575KLrgaSRTU88QoUheuazc2uU=
23,-120,WJ2/26EX5G5brms5QkWMfvMj0Hk=,EJGNvc9A0VsUroEIdAMdMz7zIRY=
27,-123,V3Kf1axCGIBGJP8Z3gmsj6nqp84=,0575KLrgaSRTU88QoUheuazc2uU=
20,-120,3oU2TBGXWFMsFS2kl9m7u+97Y3c=,EJGNvc9A0VsUroEIdAMdMz7zIRY=
24,-118,3oU2TBGXWFMsFS2kl9m7u+97Y3c=,XFKl9LMI631etnX/uPOHP7rKR2o=
26,-123,V3Kf1axCGIBGJP8Z3gmsj6nqp84=,0575KLrgaSRTU88QoUheuazc2uU=
25,-118,3oU2TBGXWFMsFS2kl9m7u+97Y3c=,XFKl9LMI631etnX/uPOHP7rKR2o=
25,-123,V3Kf1axCGIBGJP8Z3gmsj6nqp84=,0575KLrgaSRTU88QoUheuazc2uU=
26,-118,3oU2TBGXWFMsFS2kl9m7u+97Y3c=,XFKl9LMI631etnX/uPOHP7rKR2o=
27,-124,V3Kf1axCGIBGJP8Z3gmsj6nqp84=,0575KLrgaSRTU88QoUheuazc2uU=
23,-119,3oU2TBGXWFMsFS2kl9m7u+97Y3c=,EJGNvc9A0VsUroEIdAMdMz7zIRY=
26,-124,V3Kf1axCGIBGJP8Z3gmsj6nqp84=,0575KLrgaSRTU88QoUheuazc2uU=
24,-119,3oU2TBGXWFMsFS2kl9m7u+97Y3c=,XFKl9LMI631etnX/uPOHP7rKR2o=
25,-124,V3Kf1axCGIBGJP8Z3gmsj6nqp84=,0575KLrgaSRTU88QoUheuazc2uU=
25,-119,3oU2TBGXWFMsFS2kl9m7u+97Y3c=,XFKl9LMI631etnX/uPOHP7rKR2o=
22,-117,g79oa1JR+ebty8fWmp6mGS++4GY=,EJGNvc9A0VsUroEIdAMdMz7zIRY=
21,-117,g79oa1JR+ebty8fWmp6mGS++4GY=,EJGNvc9A0VsUroEIdAMdMz7zIRY=
23,-118,g79oa1JR+ebty8fWmp6mGS++4GY=,EJGNvc9A0VsUroEIdAMdMz7zIRY=
20,-124,3oU2TBGXWFMsFS2kl9m7u+97Y3c=,kHGL+ngT61vwb7pmAr7aspj6iUI=
26,-119,3oU2TBGXWFMsFS2kl9m7u+97Y3c=,XFKl9LMI631etnX/uPOHP7rKR2o=
20,-117,3oU2TBGXWFMsFS2kl9m7u+97Y3c=,EJGNvc9A0VsUroEIdAMdMz7zIRY=
27,-118,3oU2TBGXWFMsFS2kl9m7u+97Y3c=,XFKl9LMI631etnX/uPOHP7rKR2o=
22,-118,3oU2TBGXWFMsFS2kl9m7u+97Y3c=,EJGNvc9A0VsUroEIdAMdMz7zIRY=
21,-120,WJ2/26EX5G5brms5QkWMfvMj0Hk=,EJGNvc9A0VsUroEIdAMdMz7zIRY=
25,-120,o78/x3mGoiYwvXNUKZm5NcHN/GU=,XFKl9LMI631etnX/uPOHP7rKR2o=
23,-117,g79oa1JR+ebty8fWmp6mGS++4GY=,EJGNvc9A0VsUroEIdAMdMz7zIRY=
21,-118,3oU2TBGXWFMsFS2kl9m7u+97Y3c=,EJGNvc9A0VsUroEIdAMdMz7zIRY=
21,-124,3oU2TBGXWFMsFS2kl9m7u+97Y3c=,kHGL+ngT61vwb7pmAr7aspj6iUI=
22,-124,g79oa1JR+ebty8fWmp6mGS++4GY=,kHGL+ngT61vwb7pmAr7aspj6iUI=
24,-117,9pkr+C0sUSFkW6E8ceIZZakAZkk=,XFKl9LMI631etnX/uPOHP7rKR2o=
26,-120,V3Kf1axCGIBGJP8Z3gmsj6nqp84=,XFKl9LMI631etnX/uPOHP7rKR2o=
20,-123,WNi9OfXIlSjwvRYV5x44PuvGJ30=,kHGL+ngT61vwb7pmAr7aspj6iUI=
23,-124,9pkr+C0sUSFkW6E8ceIZZakAZkk=,kHGL+ngT61vwb7pmAr7aspj6iUI=
20,-118,3oU2TBGXWFMsFS2kl9m7u+97Y3c=,EJGNvc9A0VsUroEIdAMdMz7zIRY=
26,-117,3oU2TBGXWFMsFS2kl9m7u+97Y3c=,XFKl9LMI631etnX/uPOHP7rKR2o=
22,-119,3oU2TBGXWFMsFS2kl9m7u+97Y3c=,EJGNvc9A0VsUroEIdAMdMz7zIRY=
22,-123,WNi9OfXIlSjwvRYV5x44PuvGJ30=,kHGL+ngT61vwb7pmAr7aspj6iUI=
21,-123,WNi9OfXIlSjwvRYV5x44PuvGJ30=,kHGL+ngT61vwb7pmAr7aspj6iUI=
25,-117,3oU2TBGXWFMsFS2kl9m7u+97Y3c=,XFKl9LMI631etnX/uPOHP7rKR2o=
21,-119,3oU2TBGXWFMsFS2kl9m7u+97Y3c=,EJGNvc9A0VsUroEIdAMdMz7zIRY=
23,-123,o78/x3mGoiYwvXNUKZm5NcHN/GU=,kHGL+ngT61vwb7pmAr7aspj6iUI=
20,-119,3oU2TBGXWFMsFS2kl9m7u+97Y3c=,EJGNvc9A0VsUroEIdAMdMz7zIRY=
27,-120,9pkr+C0sUSFkW6E8ceIZZakAZkk=,XFKl9LMI631etnX/uPOHP7rKR2o=
21,-122,V3Kf1axCGIBGJP8Z3gmsj6nqp84=,kHGL+ngT61vwb7pmAr7aspj6iUI=
22,-120,3ANv1/IHHe5h+T4XXTLj44VnMCo=,EJGNvc9A0VsUroEIdAMdMz7zIRY=
24,-120,WJ2/26EX5G5brms5QkWMfvMj0Hk=,XFKl9LMI631etnX/uPOHP7rKR2o=
27,-119,3oU2TBGXWFMsFS2kl9m7u+97Y3c=,XFKl9LMI631etnX/uPOHP7rKR2o=
20,-122,V3Kf1axCGIBGJP8Z3gmsj6nqp84=,kHGL+ngT61vwb7pmAr7aspj6iUI=
22,-122,V3Kf1axCGIBGJP8Z3gmsj6nqp84=,kHGL+ngT61vwb7pmAr7aspj6iUI=
27,-117,3oU2TBGXWFMsFS2kl9m7u+97Y3c=,XFKl9LMI631etnX/uPOHP7rKR2o=
23,-122,V3Kf1axCGIBGJP8Z3gmsj6nqp84=,kHGL+ngT61vwb7pmAr7aspj6iUI=
24,-113,V3Kf1axCGIBGJP8Z3gmsj6nqp84=,XFKl9LMI631etnX/uPOHP7rKR2o=
23,-113,V3Kf1axCGIBGJP8Z3gmsj6nqp84=,EJGNvc9A0VsUroEIdAMdMz7zIRY=
27,-116,V3Kf1axCGIBGJP8Z3gmsj6nqp84=,XFKl9LMI631etnX/uPOHP7rKR2o=
24,-114,V3Kf1axCGIBGJP8Z3gmsj6nqp84=,XFKl9LMI631etnX/uPOHP7rKR2o=
23,-116,V3Kf1axCGIBGJP8Z3gmsj6nqp84=,EJGNvc9A0VsUroEIdAMdMz7zIRY=
25,-113,V3Kf1axCGIBGJP8Z3gmsj6nqp84=,XFKl9LMI631etnX/uPOHP7rKR2o=
26,-116,V3Kf1axCGIBGJP8Z3gmsj6nqp84=,XFKl9LMI631etnX/uPOHP7rKR2o=
25,-116,V3Kf1axCGIBGJP8Z3gmsj6nqp84=,XFKl9LMI631etnX/uPOHP7rKR2o=
23,-115,V3Kf1axCGIBGJP8Z3gmsj6nqp84=,EJGNvc9A0VsUroEIdAMdMz7zIRY=
26,-113,V3Kf1axCGIBGJP8Z3gmsj6nqp84=,XFKl9LMI631etnX/uPOHP7rKR2o=
24,-116,V3Kf1axCGIBGJP8Z3gmsj6nqp84=,XFKl9LMI631etnX/uPOHP7rKR2o=
27,-115,V3Kf1axCGIBGJP8Z3gmsj6nqp84=,XFKl9LMI631etnX/uPOHP7rKR2o=
23,-114,V3Kf1axCGIBGJP8Z3gmsj6nqp84=,EJGNvc9A0VsUroEIdAMdMz7zIRY=
27,-113,V3Kf1axCGIBGJP8Z3gmsj6nqp84=,XFKl9LMI631etnX/uPOHP7rKR2o=
20,-114,V3Kf1axCGIBGJP8Z3gmsj6nqp84=,EJGNvc9A0VsUroEIdAMdMz7zIRY=
25,-115,V3Kf1axCGIBGJP8Z3gmsj6nqp84=,XFKl9LMI631etnX/uPOHP7rKR2o=
22,-113,V3Kf1axCGIBGJP8Z3gmsj6nqp84=,EJGNvc9A0VsUroEIdAMdMz7zIRY=
26,-115,V3Kf1axCGIBGJP8Z3gmsj6nqp84=,XFKl9LMI631etnX/uPOHP7rKR2o=
25,-114,V3Kf1axCGIBGJP8Z3gmsj6nqp84=,XFKl9LMI631etnX/uPOHP7rKR2o=
21,-113,V3Kf1axCGIBGJP8Z3gmsj6nqp84=,EJGNvc9A0VsUroEIdAMdMz7zIRY=
31,-120,V3Kf1axCGIBGJP8Z3gmsj6nqp84=,XFKl9LMI631etnX/uPOHP7rKR2o=
27,-114,V3Kf1axCGIBGJP8Z3gmsj6nqp84=,XFKl9LMI631etnX/uPOHP7rKR2o=
24,-115,V3Kf1axCGIBGJP8Z3gmsj6nqp84=,XFKl9LMI631etnX/uPOHP7rKR2o=
28,-117,V3Kf1axCGIBGJP8Z3gmsj6nqp84=,XFKl9LMI631etnX/uPOHP7rKR2o=
26,-114,V3Kf1axCGIBGJP8Z3gmsj6nqp84=,XFKl9LMI631etnX/uPOHP7rKR2o=
28,-118,V3Kf1axCGIBGJP8Z3gmsj6nqp84=,XFKl9LMI631etnX/uPOHP7rKR2o=
21,-114,V3Kf1axCGIBGJP8Z3gmsj6nqp84=,EJGNvc9A0VsUroEIdAMdMz7zIRY=
31,-126,V3Kf1axCGIBGJP8Z3gmsj6nqp84=,0575KLrgaSRTU88QoUheuazc2uU=
28,-121,V3Kf1axCGIBGJP8Z3gmsj6nqp84=,0575KLrgaSRTU88QoUheuazc2uU=
29,-118,V3Kf1axCGIBGJP8Z3gmsj6nqp84=,XFKl9LMI631etnX/uPOHP7rKR2o=
20,-113,V3Kf1axCGIBGJP8Z3gmsj6nqp84=,EJGNvc9A0VsUroEIdAMdMz7zIRY=
29,-121,V3Kf1axCGIBGJP8Z3gmsj6nqp84=,0575KLrgaSRTU88QoUheuazc2uU=
31,-127,V3Kf1axCGIBGJP8Z3gmsj6nqp84=,0575KLrgaSRTU88QoUheuazc2uU=
30,-128,V3Kf1axCGIBGJP8Z3gmsj6nqp84=,0575KLrgaSRTU88QoUheuazc2uU=
20,-116,V3Kf1axCGIBGJP8Z3gmsj6nqp84=,EJGNvc9A0VsUroEIdAMdMz7zIRY=
30,-121,V3Kf1axCGIBGJP8Z3gmsj6nqp84=,0575KLrgaSRTU88QoUheuazc2uU=
22,-116,V3Kf1axCGIBGJP8Z3gmsj6nqp84=,EJGNvc9A0VsUroEIdAMdMz7zIRY=
29,-128,V3Kf1axCGIBGJP8Z3gmsj6nqp84=,0575KLrgaSRTU88QoUheuazc2uU=
31,-121,V3Kf1axCGIBGJP8Z3gmsj6nqp84=,0575KLrgaSRTU88QoUheuazc2uU=
21,-116,V3Kf1axCGIBGJP8Z3gmsj6nqp84=,EJGNvc9A0VsUroEIdAMdMz7zIRY=
30,-122,V3Kf1axCGIBGJP8Z3gmsj6nqp84=,0575KLrgaSRTU88QoUheuazc2uU=
28,-128,V3Kf1axCGIBGJP8Z3gmsj6nqp84=,0575KLrgaSRTU88QoUheuazc2uU=
20,-115,V3Kf1axCGIBGJP8Z3gmsj6nqp84=,EJGNvc9A0VsUroEIdAMdMz7zIRY=
22,-114,V3Kf1axCGIBGJP8Z3gmsj6nqp84=,EJGNvc9A0VsUroEIdAMdMz7zIRY=
29,-122,V3Kf1axCGIBGJP8Z3gmsj6nqp84=,0575KLrgaSRTU88QoUheuazc2uU=
28,-124,V3Kf1axCGIBGJP8Z3gmsj6nqp84=,0575KLrgaSRTU88QoUheuazc2uU=
21,-115,V3Kf1axCGIBGJP8Z3gmsj6nqp84=,EJGNvc9A0VsUroEIdAMdMz7zIRY=
30,-125,V3Kf1axCGIBGJP8Z3gmsj6nqp84=,0575KLrgaSRTU88QoUheuazc2uU=
31,-122,V3Kf1axCGIBGJP8Z3gmsj6nqp84=,0575KLrgaSRTU88QoUheuazc2uU=
22,-115,V3Kf1axCGIBGJP8Z3gmsj6nqp84=,EJGNvc9A0VsUroEIdAMdMz7zIRY=
28,-122,V3Kf1axCGIBGJP8Z3gmsj6nqp84=,0575KLrgaSRTU88QoUheuazc2uU=
29,-125,V3Kf1axCGIBGJP8Z3gmsj6nqp84=,0575KLrgaSRTU88QoUheuazc2uU=
31,-123,V3Kf1axCGIBGJP8Z3gmsj6nqp84=,0575KLrgaSRTU88QoUheuazc2uU=
30,-123,V3Kf1axCGIBGJP8Z3gmsj6nqp84=,0575KLrgaSRTU88QoUheuazc2uU=
30,-118,V3Kf1axCGIBGJP8Z3gmsj6nqp84=,XFKl9LMI631etnX/uPOHP7rKR2o=
31,-128,V3Kf1axCGIBGJP8Z3gmsj6nqp84=,0575KLrgaSRTU88QoUheuazc2uU=
28,-113,V3Kf1axCGIBGJP8Z3gmsj6nqp84=,XFKl9LMI631etnX/uPOHP7rKR2o=
28,-125,V3Kf1axCGIBGJP8Z3gmsj6nqp84=,0575KLrgaSRTU88QoUheuazc2uU=
28,-127,V3Kf1axCGIBGJP8Z3gmsj6nqp84=,0575KLrgaSRTU88QoUheuazc2uU=
29,-123,V3Kf1axCGIBGJP8Z3gmsj6nqp84=,0575KLrgaSRTU88QoUheuazc2uU=
29,-113,V3Kf1axCGIBGJP8Z3gmsj6nqp84=,XFKl9LMI631etnX/uPOHP7rKR2o=
28,-123,V3Kf1axCGIBGJP8Z3gmsj6nqp84=,0575KLrgaSRTU88QoUheuazc2uU=
30,-126,V3Kf1axCGIBGJP8Z3gmsj6nqp84=,0575KLrgaSRTU88QoUheuazc2uU=
30,-119,V3Kf1axCGIBGJP8Z3gmsj6nqp84=,XFKl9LMI631etnX/uPOHP7rKR2o=
30,-113,V3Kf1axCGIBGJP8Z3gmsj6nqp84=,XFKl9LMI631etnX/uPOHP7rKR2o=
29,-117,V3Kf1axCGIBGJP8Z3gmsj6nqp84=,XFKl9LMI631etnX/uPOHP7rKR2o=
30,-124,V3Kf1axCGIBGJP8Z3gmsj6nqp84=,0575KLrgaSRTU88QoUheuazc2uU=
29,-126,V3Kf1axCGIBGJP8Z3gmsj6nqp84=,0575KLrgaSRTU88QoUheuazc2uU=
30,-117,V3Kf1axCGIBGJP8Z3gmsj6nqp84=,XFKl9LMI631etnX/uPOHP7rKR2o=
28,-114,V3Kf1axCGIBGJP8Z3gmsj6nqp84=,XFKl9LMI631etnX/uPOHP7rKR2o=
28,-119,V3Kf1axCGIBGJP8Z3gmsj6nqp84=,XFKl9LMI631etnX/uPOHP7rKR2o=
28,-126,V3Kf1axCGIBGJP8Z3gmsj6nqp84=,0575KLrgaSRTU88QoUheuazc2uU=
29,-124,V3Kf1axCGIBGJP8Z3gmsj6nqp84=,0575KLrgaSRTU88QoUheuazc2uU=
29,-119,V3Kf1axCGIBGJP8Z3gmsj6nqp84=,XFKl9LMI631etnX/uPOHP7rKR2o=
29,-114,V3Kf1axCGIBGJP8Z3gmsj6nqp84=,XFKl9LMI631etnX/uPOHP7rKR2o=
30,-127,V3Kf1axCGIBGJP8Z3gmsj6nqp84=,0575KLrgaSRTU88QoUheuazc2uU=
31,-119,V3Kf1axCGIBGJP8Z3gmsj6nqp84=,XFKl9LMI631etnX/uPOHP7rKR2o=
31,-117,V3Kf1axCGIBGJP8Z3gmsj6nqp84=,XFKl9LMI631etnX/uPOHP7rKR2o=
30,-114,V3Kf1axCGIBGJP8Z3gmsj6nqp84=,XFKl9LMI631etnX/uPOHP7rKR2o=
30,-120,V3Kf1axCGIBGJP8Z3gmsj6nqp84=,XFKl9LMI631etnX/uPOHP7rKR2o=
31,-118,V3Kf1axCGIBGJP8Z3gmsj6nqp84=,XFKl9LMI631etnX/uPOHP7rKR2o=
29,-127,V3Kf1axCGIBGJP8Z3gmsj6nqp84=,0575KLrgaSRTU88QoUheuazc2uU=
28,-115,V3Kf1axCGIBGJP8Z3gmsj6nqp84=,XFKl9LMI631etnX/uPOHP7rKR2o=
28,-120,V3Kf1axCGIBGJP8Z3gmsj6nqp84=,XFKl9LMI631etnX/uPOHP7rKR2o=
29,-120,V3Kf1axCGIBGJP8Z3gmsj6nqp84=,XFKl9LMI631etnX/uPOHP7rKR2o=
31,-125,V3Kf1axCGIBGJP8Z3gmsj6nqp84=,0575KLrgaSRTU88QoUheuazc2uU=
31,-124,V3Kf1axCGIBGJP8Z3gmsj6nqp84=,0575KLrgaSRTU88QoUheuazc2uU=
29,-115,V3Kf1axCGIBGJP8Z3gmsj6nqp84=,XFKl9LMI631etnX/uPOHP7rKR2o=
28,-116,V3Kf1axCGIBGJP8Z3gmsj6nqp84=,XFKl9LMI631etnX/uPOHP7rKR2o=
29,-116,V3Kf1axCGIBGJP8Z3gmsj6nqp84=,XFKl9LMI631etnX/uPOHP7rKR2o=
31,-113,V3Kf1axCGIBGJP8Z3gmsj6nqp84=,XFKl9LMI631etnX/uPOHP7rKR2o=
30,-115,V3Kf1axCGIBGJP8Z3gmsj6nqp84=,XFKl9LMI631etnX/uPOHP7rKR2o=
31,-115,V3Kf1axCGIBGJP8Z3gmsj6nqp84=,XFKl9LMI631etnX/uPOHP7rKR2o=
16,-121,V3Kf1axCGIBGJP8Z3gmsj6nqp84=,kHGL+ngT61vwb7pmAr7aspj6iUI=
31,-114,V3Kf1axCGIBGJP8Z3gmsj6nqp84=,XFKl9LMI631etnX/uPOHP7rKR2o=
31,-116,V3Kf1axCGIBGJP8Z3gmsj6nqp84=,XFKl9LMI631etnX/uPOHP7rKR2o=
30,-116,V3Kf1axCGIBGJP8Z3gmsj6nqp84=,XFKl9LMI631etnX/uPOHP7rKR2o=
16,-122,V3Kf1axCGIBGJP8Z3gmsj6nqp84=,kHGL+ngT61vwb7pmAr7aspj6iUI=
16,-123,V3Kf1axCGIBGJP8Z3gmsj6nqp84=,kHGL+ngT61vwb7pmAr7aspj6iUI=
16,-124,V3Kf1axCGIBGJP8Z3gmsj6nqp84=,kHGL+ngT61vwb7pmAr7aspj6iUI=
16,-120,V3Kf1axCGIBGJP8Z3gmsj6nqp84=,EJGNvc9A0VsUroEIdAMdMz7zIRY=
16,-117,V3Kf1axCGIBGJP8Z3gmsj6nqp84=,EJGNvc9A0VsUroEIdAMdMz7zIRY=
16,-118,V3Kf1axCGIBGJP8Z3gmsj6nqp84=,EJGNvc9A0VsUroEIdAMdMz7zIRY=
16,-119,V3Kf1axCGIBGJP8Z3gmsj6nqp84=,EJGNvc9A0VsUroEIdAMdMz7zIRY=
17,-119,V3Kf1axCGIBGJP8Z3gmsj6nqp84=,EJGNvc9A0VsUroEIdAMdMz7zIRY=
18,-119,V3Kf1axCGIBGJP8Z3gmsj6nqp84=,EJGNvc9A0VsUroEIdAMdMz7zIRY=
16,-113,V3Kf1axCGIBGJP8Z3gmsj6nqp84=,EJGNvc9A0VsUroEIdAMdMz7zIRY=
19,-119,V3Kf1axCGIBGJP8Z3gmsj6nqp84=,EJGNvc9A0VsUroEIdAMdMz7zIRY=
16,-114,V3Kf1axCGIBGJP8Z3gmsj6nqp84=,EJGNvc9A0VsUroEIdAMdMz7zIRY=
17,-118,V3Kf1axCGIBGJP8Z3gmsj6nqp84=,EJGNvc9A0VsUroEIdAMdMz7zIRY=
18,-118,V3Kf1axCGIBGJP8Z3gmsj6nqp84=,EJGNvc9A0VsUroEIdAMdMz7zIRY=
18,-114,V3Kf1axCGIBGJP8Z3gmsj6nqp84=,EJGNvc9A0VsUroEIdAMdMz7zIRY=
19,-114,V3Kf1axCGIBGJP8Z3gmsj6nqp84=,EJGNvc9A0VsUroEIdAMdMz7zIRY=
24,-128,V3Kf1axCGIBGJP8Z3gmsj6nqp84=,0575KLrgaSRTU88QoUheuazc2uU=
16,-115,V3Kf1axCGIBGJP8Z3gmsj6nqp84=,EJGNvc9A0VsUroEIdAMdMz7zIRY=
19,-118,V3Kf1axCGIBGJP8Z3gmsj6nqp84=,EJGNvc9A0VsUroEIdAMdMz7zIRY=
17,-124,V3Kf1axCGIBGJP8Z3gmsj6nqp84=,kHGL+ngT61vwb7pmAr7aspj6iUI=
27,-128,V3Kf1axCGIBGJP8Z3gmsj6nqp84=,0575KLrgaSRTU88QoUheuazc2uU=
16,-116,V3Kf1axCGIBGJP8Z3gmsj6nqp84=,EJGNvc9A0VsUroEIdAMdMz7zIRY=
17,-114,V3Kf1axCGIBGJP8Z3gmsj6nqp84=,EJGNvc9A0VsUroEIdAMdMz7zIRY=
17,-117,V3Kf1axCGIBGJP8Z3gmsj6nqp84=,EJGNvc9A0VsUroEIdAMdMz7zIRY=
17,-113,V3Kf1axCGIBGJP8Z3gmsj6nqp84=,EJGNvc9A0VsUroEIdAMdMz7zIRY=
16,-127,V3Kf1axCGIBGJP8Z3gmsj6nqp84=,kHGL+ngT61vwb7pmAr7aspj6iUI=
26,-128,V3Kf1axCGIBGJP8Z3gmsj6nqp84=,0575KLrgaSRTU88QoUheuazc2uU=
17,-116,V3Kf1axCGIBGJP8Z3gmsj6nqp84=,EJGNvc9A0VsUroEIdAMdMz7zIRY=
23,-128,V3Kf1axCGIBGJP8Z3gmsj6nqp84=,kHGL+ngT61vwb7pmAr7aspj6iUI=
18,-117,V3Kf1axCGIBGJP8Z3gmsj6nqp84=,EJGNvc9A0VsUroEIdAMdMz7zIRY=
16,-125,V3Kf1axCGIBGJP8Z3gmsj6nqp84=,kHGL+ngT61vwb7pmAr7aspj6iUI=
25,-128,V3Kf1axCGIBGJP8Z3gmsj6nqp84=,0575KLrgaSRTU88QoUheuazc2uU=
18,-116,V3Kf1axCGIBGJP8Z3gmsj6nqp84=,EJGNvc9A0VsUroEIdAMdMz7zIRY=
19,-117,V3Kf1axCGIBGJP8Z3gmsj6nqp84=,EJGNvc9A0VsUroEIdAMdMz7zIRY=
16,-126,V3Kf1axCGIBGJP8Z3gmsj6nqp84=,kHGL+ngT61vwb7pmAr7aspj6iUI=
24,-125,V3Kf1axCGIBGJP8Z3gmsj6nqp84=,0575KLrgaSRTU88QoUheuazc2uU=
17,-121,V3Kf1axCGIBGJP8Z3gmsj6nqp84=,kHGL+ngT61vwb7pmAr7aspj6iUI=
18,-124,V3Kf1axCGIBGJP8Z3gmsj6nqp84=,kHGL+ngT61vwb7pmAr7aspj6iUI=
19,-116,V3Kf1axCGIBGJP8Z3gmsj6nqp84=,EJGNvc9A0VsUroEIdAMdMz7zIRY=
19,-127,V3Kf1axCGIBGJP8Z3gmsj6nqp84=,kHGL+ngT61vwb7pmAr7aspj6iUI=
24,-126,V3Kf1axCGIBGJP8Z3gmsj6nqp84=,0575KLrgaSRTU88QoUheuazc2uU=
18,-121,V3Kf1axCGIBGJP8Z3gmsj6nqp84=,kHGL+ngT61vwb7pmAr7aspj6iUI=
19,-124,V3Kf1axCGIBGJP8Z3gmsj6nqp84=,kHGL+ngT61vwb7pmAr7aspj6iUI=
24,-127,V3Kf1axCGIBGJP8Z3gmsj6nqp84=,0575KLrgaSRTU88QoUheuazc2uU=
18,-127,V3Kf1axCGIBGJP8Z3gmsj6nqp84=,kHGL+ngT61vwb7pmAr7aspj6iUI=
19,-113,V3Kf1axCGIBGJP8Z3gmsj6nqp84=,EJGNvc9A0VsUroEIdAMdMz7zIRY=
19,-120,V3Kf1axCGIBGJP8Z3gmsj6nqp84=,EJGNvc9A0VsUroEIdAMdMz7zIRY=
17,-123,V3Kf1axCGIBGJP8Z3gmsj6nqp84=,kHGL+ngT61vwb7pmAr7aspj6iUI=
18,-113,V3Kf1axCGIBGJP8Z3gmsj6nqp84=,EJGNvc9A0VsUroEIdAMdMz7zIRY=
22,-128,V3Kf1axCGIBGJP8Z3gmsj6nqp84=,kHGL+ngT61vwb7pmAr7aspj6iUI=
27,-125,V3Kf1axCGIBGJP8Z3gmsj6nqp84=,0575KLrgaSRTU88QoUheuazc2uU=
18,-120,V3Kf1axCGIBGJP8Z3gmsj6nqp84=,EJGNvc9A0VsUroEIdAMdMz7zIRY=
17,-115,V3Kf1axCGIBGJP8Z3gmsj6nqp84=,EJGNvc9A0VsUroEIdAMdMz7zIRY=
26,-125,V3Kf1axCGIBGJP8Z3gmsj6nqp84=,0575KLrgaSRTU88QoUheuazc2uU=
21,-128,V3Kf1axCGIBGJP8Z3gmsj6nqp84=,kHGL+ngT61vwb7pmAr7aspj6iUI=
17,-127,V3Kf1axCGIBGJP8Z3gmsj6nqp84=,kHGL+ngT61vwb7pmAr7aspj6iUI=
19,-121,V3Kf1axCGIBGJP8Z3gmsj6nqp84=,kHGL+ngT61vwb7pmAr7aspj6iUI=
18,-115,V3Kf1axCGIBGJP8Z3gmsj6nqp84=,EJGNvc9A0VsUroEIdAMdMz7zIRY=
25,-125,V3Kf1axCGIBGJP8Z3gmsj6nqp84=,0575KLrgaSRTU88QoUheuazc2uU=
18,-123,V3Kf1axCGIBGJP8Z3gmsj6nqp84=,kHGL+ngT61vwb7pmAr7aspj6iUI=
17,-120,V3Kf1axCGIBGJP8Z3gmsj6nqp84=,EJGNvc9A0VsUroEIdAMdMz7zIRY=
19,-115,V3Kf1axCGIBGJP8Z3gmsj6nqp84=,EJGNvc9A0VsUroEIdAMdMz7zIRY=
23,-125,V3Kf1axCGIBGJP8Z3gmsj6nqp84=,kHGL+ngT61vwb7pmAr7aspj6iUI=
27,-126,V3Kf1axCGIBGJP8Z3gmsj6nqp84=,0575KLrgaSRTU88QoUheuazc2uU=
20,-128,V3Kf1axCGIBGJP8Z3gmsj6nqp84=,kHGL+ngT61vwb7pmAr7aspj6iUI=
19,-122,V3Kf1axCGIBGJP8Z3gmsj6nqp84=,kHGL+ngT61vwb7pmAr7aspj6iUI=
26,-126,V3Kf1axCGIBGJP8Z3gmsj6nqp84=,0575KLrgaSRTU88QoUheuazc2uU=
22,-125,V3Kf1axCGIBGJP8Z3gmsj6nqp84=,kHGL+ngT61vwb7pmAr7aspj6iUI=
19,-128,V3Kf1axCGIBGJP8Z3gmsj6nqp84=,kHGL+ngT61vwb7pmAr7aspj6iUI=
18,-122,V3Kf1axCGIBGJP8Z3gmsj6nqp84=,kHGL+ngT61vwb7pmAr7aspj6iUI=
18,-128,V3Kf1axCGIBGJP8Z3gmsj6nqp84=,kHGL+ngT61vwb7pmAr7aspj6iUI=
25,-126,V3Kf1axCGIBGJP8Z3gmsj6nqp84=,0575KLrgaSRTU88QoUheuazc2uU=
17,-122,V3Kf1axCGIBGJP8Z3gmsj6nqp84=,kHGL+ngT61vwb7pmAr7aspj6iUI=
20,-127,V3Kf1axCGIBGJP8Z3gmsj6nqp84=,kHGL+ngT61vwb7pmAr7aspj6iUI=
21,-125,V3Kf1axCGIBGJP8Z3gmsj6nqp84=,kHGL+ngT61vwb7pmAr7aspj6iUI=
17,-128,V3Kf1axCGIBGJP8Z3gmsj6nqp84=,kHGL+ngT61vwb7pmAr7aspj6iUI=
27,-127,V3Kf1axCGIBGJP8Z3gmsj6nqp84=,0575KLrgaSRTU88QoUheuazc2uU=
19,-123,V3Kf1axCGIBGJP8Z3gmsj6nqp84=,kHGL+ngT61vwb7pmAr7aspj6iUI=
25,-127,V3Kf1axCGIBGJP8Z3gmsj6nqp84=,0575KLrgaSRTU88QoUheuazc2uU=
20,-125,V3Kf1axCGIBGJP8Z3gmsj6nqp84=,kHGL+ngT61vwb7pmAr7aspj6iUI=
16,-128,V3Kf1axCGIBGJP8Z3gmsj6nqp84=,kHGL+ngT61vwb7pmAr7aspj6iUI=
19,-125,V3Kf1axCGIBGJP8Z3gmsj6nqp84=,kHGL+ngT61vwb7pmAr7aspj6iUI=
22,-127,V3Kf1axCGIBGJP8Z3gmsj6nqp84=,kHGL+ngT61vwb7pmAr7aspj6iUI=
26,-127,V3Kf1axCGIBGJP8Z3gmsj6nqp84=,0575KLrgaSRTU88QoUheuazc2uU=
23,-127,V3Kf1axCGIBGJP8Z3gmsj6nqp84=,kHGL+ngT61vwb7pmAr7aspj6iUI=
18,-125,V3Kf1axCGIBGJP8Z3gmsj6nqp84=,kHGL+ngT61vwb7pmAr7aspj6iUI=
17,-126,V3Kf1axCGIBGJP8Z3gmsj6nqp84=,kHGL+ngT61vwb7pmAr7aspj6iUI=
18,-126,V3Kf1axCGIBGJP8Z3gmsj6nqp84=,kHGL+ngT61vwb7pmAr7aspj6iUI=
21,-127,V3Kf1axCGIBGJP8Z3gmsj6nqp84=,kHGL+ngT61vwb7pmAr7aspj6iUI=
19,-126,V3Kf1axCGIBGJP8Z3gmsj6nqp84=,kHGL+ngT61vwb7pmAr7aspj6iUI=
17,-125,V3Kf1axCGIBGJP8Z3gmsj6nqp84=,kHGL+ngT61vwb7pmAr7aspj6iUI=
20,-126,V3Kf1axCGIBGJP8Z3gmsj6nqp84=,kHGL+ngT61vwb7pmAr7aspj6iUI=
22,-126,V3Kf1axCGIBGJP8Z3gmsj6nqp84=,kHGL+ngT61vwb7pmAr7aspj6iUI=
21,-126,V3Kf1axCGIBGJP8Z3gmsj6nqp84=,kHGL+ngT61vwb7pmAr7aspj6iUI=
23,-126,V3Kf1axCGIBGJP8Z3gmsj6nqp84=,kHGL+ngT61vwb7pmAr7aspj6iUI=
7,-120,0AKuMLAPHgb6b19FbMpgHDw8ymw=,u9otjTBXDXOtDFbZegX7At9iUuY=
7,-121,M8WHjUuildlIyKzKQgHxvU9eJTk=,N0RzuDDl/Iv/Bi+AXoaQxsUlGAo=
7,-122,NfEqK0ttX1/R2p+d98JJM3OkX0w=,N0RzuDDl/Iv/Bi+AXoaQxsUlGAo=
4,-124,ND1z06sIzbuNm1deFv/DbHzeYys=,N0RzuDDl/Iv/Bi+AXoaQxsUlGAo=
6,-121,NfEqK0ttX1/R2p+d98JJM3OkX0w=,N0RzuDDl/Iv/Bi+AXoaQxsUlGAo=
5,-124,ND1z06sIzbuNm1deFv/DbHzeYys=,N0RzuDDl/Iv/Bi+AXoaQxsUlGAo=
5,-121,NfEqK0ttX1/R2p+d98JJM3OkX0w=,N0RzuDDl/Iv/Bi+AXoaQxsUlGAo=
7,-123,NfEqK0ttX1/R2p+d98JJM3OkX0w=,N0RzuDDl/Iv/Bi+AXoaQxsUlGAo=
6,-124,ND1z06sIzbuNm1deFv/DbHzeYys=,N0RzuDDl/Iv/Bi+AXoaQxsUlGAo=
4,-123,3W9GMaDkDwjM07THIL+scsYGkkU=,N0RzuDDl/Iv/Bi+AXoaQxsUlGAo=
6,-123,3W9GMaDkDwjM07THIL+scsYGkkU=,N0RzuDDl/Iv/Bi+AXoaQxsUlGAo=
5,-123,3W9GMaDkDwjM07THIL+scsYGkkU=,N0RzuDDl/Iv/Bi+AXoaQxsUlGAo=
4,-121,NfEqK0ttX1/R2p+d98JJM3OkX0w=,N0RzuDDl/Iv/Bi+AXoaQxsUlGAo=
4,-122,3W9GMaDkDwjM07THIL+scsYGkkU=,N0RzuDDl/Iv/Bi+AXoaQxsUlGAo=
6,-122,0AKuMLAPHgb6b19FbMpgHDw8ymw=,N0RzuDDl/Iv/Bi+AXoaQxsUlGAo=
9,-120,M8WHjUuildlIyKzKQgHxvU9eJTk=,P/9tSjq8TlbycfW3bSRRNWizmZ8=
9,-117,M8WHjUuildlIyKzKQgHxvU9eJTk=,P/9tSjq8TlbycfW3bSRRNWizmZ8=
10,-117,b2Myo4YjCbMdjkjFRWknckQqV60=,P/9tSjq8TlbycfW3bSRRNWizmZ8=
7,-124,NfEqK0ttX1/R2p+d98JJM3OkX0w=,N0RzuDDl/Iv/Bi+AXoaQxsUlGAo=
5,-122,3W9GMaDkDwjM07THIL+scsYGkkU=,N0RzuDDl/Iv/Bi+AXoaQxsUlGAo=
11,-122,0AKuMLAPHgb6b19FbMpgHDw8ymw=,7m38mRS0EoQYyzsoeHJxLyrOHN0=
11,-117,b2Myo4YjCbMdjkjFRWknckQqV60=,P/9tSjq8TlbycfW3bSRRNWizmZ8=
9,-118,b2Myo4YjCbMdjkjFRWknckQqV60=,P/9tSjq8TlbycfW3bSRRNWizmZ8=
11,-121,ND1z06sIzbuNm1deFv/DbHzeYys=,7m38mRS0EoQYyzsoeHJxLyrOHN0=
9,-119,b2Myo4YjCbMdjkjFRWknckQqV60=,P/9tSjq8TlbycfW3bSRRNWizmZ8=
10,-122,emhTp3DdVZ0/JxXaORx+i/WP2AE=,7m38mRS0EoQYyzsoeHJxLyrOHN0=
9,-121,3W9GMaDkDwjM07THIL+scsYGkkU=,7m38mRS0EoQYyzsoeHJxLyrOHN0=
8,-121,0AKuMLAPHgb6b19FbMpgHDw8ymw=,7m38mRS0EoQYyzsoeHJxLyrOHN0=
8,-120,M8WHjUuildlIyKzKQgHxvU9eJTk=,P/9tSjq8TlbycfW3bSRRNWizmZ8=
10,-118,M8WHjUuildlIyKzKQgHxvU9eJTk=,P/9tSjq8TlbycfW3bSRRNWizmZ8=
10,-119,M8WHjUuildlIyKzKQgHxvU9eJTk=,P/9tSjq8TlbycfW3bSRRNWizmZ8=
9,-122,0AKuMLAPHgb6b19FbMpgHDw8ymw=,7m38mRS0EoQYyzsoeHJxLyrOHN0=
11,-119,M8WHjUuildlIyKzKQgHxvU9eJTk=,P/9tSjq8TlbycfW3bSRRNWizmZ8=
5,-120,ND1z06sIzbuNm1deFv/DbHzeYys=,u9otjTBXDXOtDFbZegX7At9iUuY=
8,-122,0AKuMLAPHgb6b19FbMpgHDw8ymw=,7m38mRS0EoQYyzsoeHJxLyrOHN0=
6,-120,ND1z06sIzbuNm1deFv/DbHzeYys=,u9otjTBXDXOtDFbZegX7At9iUuY=
8,-117,M8WHjUuildlIyKzKQgHxvU9eJTk=,P/9tSjq8TlbycfW3bSRRNWizmZ8=
10,-121,ND1z06sIzbuNm1deFv/DbHzeYys=,7m38mRS0EoQYyzsoeHJxLyrOHN0=
11,-118,M8WHjUuildlIyKzKQgHxvU9eJTk=,P/9tSjq8TlbycfW3bSRRNWizmZ8=
4,-120,ND1z06sIzbuNm1deFv/DbHzeYys=,u9otjTBXDXOtDFbZegX7At9iUuY=
8,-118,b2Myo4YjCbMdjkjFRWknckQqV60=,P/9tSjq8TlbycfW3bSRRNWizmZ8=
4,-119,ND1z06sIzbuNm1deFv/DbHzeYys=,u9otjTBXDXOtDFbZegX7At9iUuY=
6,-119,CqiFArAkT2ksAhdHquw6DmOcMdU=,u9otjTBXDXOtDFbZegX7At9iUuY=
8,-119,b2Myo4YjCbMdjkjFRWknckQqV60=,P/9tSjq8TlbycfW3bSRRNWizmZ8=
5,-119,CqiFArAkT2ksAhdHquw6DmOcMdU=,u9otjTBXDXOtDFbZegX7At9iUuY=
7,-119,M8WHjUuildlIyKzKQgHxvU9eJTk=,u9otjTBXDXOtDFbZegX7At9iUuY=
10,-120,CqiFArAkT2ksAhdHquw6DmOcMdU=,P/9tSjq8TlbycfW3bSRRNWizmZ8=
8,-124,CqiFArAkT2ksAhdHquw6DmOcMdU=,7m38mRS0EoQYyzsoeHJxLyrOHN0=
7,-113,M8WHjUuildlIyKzKQgHxvU9eJTk=,u9otjTBXDXOtDFbZegX7At9iUuY=
11,-123,0AKuMLAPHgb6b19FbMpgHDw8ymw=,7m38mRS0EoQYyzsoeHJxLyrOHN0=
9,-124,CqiFArAkT2ksAhdHquw6DmOcMdU=,7m38mRS0EoQYyzsoeHJxLyrOHN0=
4,-118,CqiFArAkT2ksAhdHquw6DmOcMdU=,u9otjTBXDXOtDFbZegX7At9iUuY=
11,-120,ND1z06sIzbuNm1deFv/DbHzeYys=,P/9tSjq8TlbycfW3bSRRNWizmZ8=
10,-124,CqiFArAkT2ksAhdHquw6DmOcMdU=,7m38mRS0EoQYyzsoeHJxLyrOHN0=
10,-123,0AKuMLAPHgb6b19FbMpgHDw8ymw=,7m38mRS0EoQYyzsoeHJxLyrOHN0=
11,-113,M8WHjUuildlIyKzKQgHxvU9eJTk=,P/9tSjq8TlbycfW3bSRRNWizmZ8=
11,-124,ND1z06sIzbuNm1deFv/DbHzeYys=,7m38mRS0EoQYyzsoeHJxLyrOHN0=
8,-123,ND1z06sIzbuNm1deFv/DbHzeYys=,7m38mRS0EoQYyzsoeHJxLyrOHN0=
9,-123,3W9GMaDkDwjM07THIL+scsYGkkU=,7m38mRS0EoQYyzsoeHJxLyrOHN0=
5,-118,CqiFArAkT2ksAhdHquw6DmOcMdU=,u9otjTBXDXOtDFbZegX7At9iUuY=
6,-118,CqiFArAkT2ksAhdHquw6DmOcMdU=,u9otjTBXDXOtDFbZegX7At9iUuY=
9,-114,b2Myo4YjCbMdjkjFRWknckQqV60=,P/9tSjq8TlbycfW3bSRRNWizmZ8=
10,-113,M8WHjUuildlIyKzKQgHxvU9eJTk=,P/9tSjq8TlbycfW3bSRRNWizmZ8=
7,-118,M8WHjUuildlIyKzKQgHxvU9eJTk=,u9otjTBXDXOtDFbZegX7At9iUuY=
10,-114,b2Myo4YjCbMdjkjFRWknckQqV60=,P/9tSjq8TlbycfW3bSRRNWizmZ8=
4,-114,b2Myo4YjCbMdjkjFRWknckQqV60=,u9otjTBXDXOtDFbZegX7At9iUuY=
5,-114,b2Myo4YjCbMdjkjFRWknckQqV60=,u9otjTBXDXOtDFbZegX7At9iUuY=
9,-113,M8WHjUuildlIyKzKQgHxvU9eJTk=,P/9tSjq8TlbycfW3bSRRNWizmZ8=
11,-114,b2Myo4YjCbMdjkjFRWknckQqV60=,P/9tSjq8TlbycfW3bSRRNWizmZ8=
6,-114,b2Myo4YjCbMdjkjFRWknckQqV60=,u9otjTBXDXOtDFbZegX7At9iUuY=
10,-116,b2Myo4YjCbMdjkjFRWknckQqV60=,P/9tSjq8TlbycfW3bSRRNWizmZ8=
9,-116,b2Myo4YjCbMdjkjFRWknckQqV60=,P/9tSjq8TlbycfW3bSRRNWizmZ8=
9,-115,b2Myo4YjCbMdjkjFRWknckQqV60=,P/9tSjq8TlbycfW3bSRRNWizmZ8=
8,-113,b2Myo4YjCbMdjkjFRWknckQqV60=,P/9tSjq8TlbycfW3bSRRNWizmZ8=
10,-115,b2Myo4YjCbMdjkjFRWknckQqV60=,P/9tSjq8TlbycfW3bSRRNWizmZ8=
8,-115,b2Myo4YjCbMdjkjFRWknckQqV60=,P/9tSjq8TlbycfW3bSRRNWizmZ8=
8,-116,b2Myo4YjCbMdjkjFRWknckQqV60=,P/9tSjq8TlbycfW3bSRRNWizmZ8=
11,-115,b2Myo4YjCbMdjkjFRWknckQqV60=,P/9tSjq8TlbycfW3bSRRNWizmZ8=
7,-114,M8WHjUuildlIyKzKQgHxvU9eJTk=,u9otjTBXDXOtDFbZegX7At9iUuY=
8,-114,b2Myo4YjCbMdjkjFRWknckQqV60=,P/9tSjq8TlbycfW3bSRRNWizmZ8=
11,-116,b2Myo4YjCbMdjkjFRWknckQqV60=,P/9tSjq8TlbycfW3bSRRNWizmZ8=
4,-113,b2Myo4YjCbMdjkjFRWknckQqV60=,u9otjTBXDXOtDFbZegX7At9iUuY=
6,-113,b2Myo4YjCbMdjkjFRWknckQqV60=,u9otjTBXDXOtDFbZegX7At9iUuY=
5,-113,b2Myo4YjCbMdjkjFRWknckQqV60=,u9otjTBXDXOtDFbZegX7At9iUuY=
4,-116,b2Myo4YjCbMdjkjFRWknckQqV60=,u9otjTBXDXOtDFbZegX7At9iUuY=
7,-115,M8WHjUuildlIyKzKQgHxvU9eJTk=,u9otjTBXDXOtDFbZegX7At9iUuY=
5,-116,b2Myo4YjCbMdjkjFRWknckQqV60=,u9otjTBXDXOtDFbZegX7At9iUuY=
4,-117,CqiFArAkT2ksAhdHquw6DmOcMdU=,u9otjTBXDXOtDFbZegX7At9iUuY=
6,-116,b2Myo4YjCbMdjkjFRWknckQqV60=,u9otjTBXDXOtDFbZegX7At9iUuY=
7,-116,M8WHjUuildlIyKzKQgHxvU9eJTk=,u9otjTBXDXOtDFbZegX7At9iUuY=
6,-115,b2Myo4YjCbMdjkjFRWknckQqV60=,u9otjTBXDXOtDFbZegX7At9iUuY=
4,-115,b2Myo4YjCbMdjkjFRWknckQqV60=,u9otjTBXDXOtDFbZegX7At9iUuY=
7,-117,b2Myo4YjCbMdjkjFRWknckQqV60=,u9otjTBXDXOtDFbZegX7At9iUuY=
6,-117,CqiFArAkT2ksAhdHquw6DmOcMdU=,u9otjTBXDXOtDFbZegX7At9iUuY=
5,-117,NfEqK0ttX1/R2p+d98JJM3OkX0w=,u9otjTBXDXOtDFbZegX7At9iUuY=
1,-123,b2Myo4YjCbMdjkjFRWknckQqV60=,N0RzuDDl/Iv/Bi+AXoaQxsUlGAo=
5,-115,b2Myo4YjCbMdjkjFRWknckQqV60=,u9otjTBXDXOtDFbZegX7At9iUuY=
2,-124,b2Myo4YjCbMdjkjFRWknckQqV60=,N0RzuDDl/Iv/Bi+AXoaQxsUlGAo=
0,-121,b2Myo4YjCbMdjkjFRWknckQqV60=,N0RzuDDl/Iv/Bi+AXoaQxsUlGAo=
1,-124,b2Myo4YjCbMdjkjFRWknckQqV60=,N0RzuDDl/Iv/Bi+AXoaQxsUlGAo=
3,-124,b2Myo4YjCbMdjkjFRWknckQqV60=,N0RzuDDl/Iv/Bi+AXoaQxsUlGAo=
0,-122,b2Myo4YjCbMdjkjFRWknckQqV60=,N0RzuDDl/Iv/Bi+AXoaQxsUlGAo=
2,-123,b2Myo4YjCbMdjkjFRWknckQqV60=,N0RzuDDl/Iv/Bi+AXoaQxsUlGAo=
3,-123,b2Myo4YjCbMdjkjFRWknckQqV60=,N0RzuDDl/Iv/Bi+AXoaQxsUlGAo=
2,-122,b2Myo4YjCbMdjkjFRWknckQqV60=,N0RzuDDl/Iv/Bi+AXoaQxsUlGAo=
1,-122,b2Myo4YjCbMdjkjFRWknckQqV60=,N0RzuDDl/Iv/Bi+AXoaQxsUlGAo=
0,-123,b2Myo4YjCbMdjkjFRWknckQqV60=,N0RzuDDl/Iv/Bi+AXoaQxsUlGAo=
3,-122,b2Myo4YjCbMdjkjFRWknckQqV60=,N0RzuDDl/Iv/Bi+AXoaQxsUlGAo=
2,-120,b2Myo4YjCbMdjkjFRWknckQqV60=,u9otjTBXDXOtDFbZegX7At9iUuY=
1,-120,b2Myo4YjCbMdjkjFRWknckQqV60=,u9otjTBXDXOtDFbZegX7At9iUuY=
0,-124,b2Myo4YjCbMdjkjFRWknckQqV60=,N0RzuDDl/Iv/Bi+AXoaQxsUlGAo=
3,-120,b2Myo4YjCbMdjkjFRWknckQqV60=,u9otjTBXDXOtDFbZegX7At9iUuY=
1,-119,b2Myo4YjCbMdjkjFRWknckQqV60=,u9otjTBXDXOtDFbZegX7At9iUuY=
1,-118,b2Myo4YjCbMdjkjFRWknckQqV60=,u9otjTBXDXOtDFbZegX7At9iUuY=
2,-119,b2Myo4YjCbMdjkjFRWknckQqV60=,u9otjTBXDXOtDFbZegX7At9iUuY=
0,-120,b2Myo4YjCbMdjkjFRWknckQqV60=,u9otjTBXDXOtDFbZegX7At9iUuY=
3,-119,b2Myo4YjCbMdjkjFRWknckQqV60=,u9otjTBXDXOtDFbZegX7At9iUuY=
2,-118,b2Myo4YjCbMdjkjFRWknckQqV60=,u9otjTBXDXOtDFbZegX7At9iUuY=
1,-117,b2Myo4YjCbMdjkjFRWknckQqV60=,u9otjTBXDXOtDFbZegX7At9iUuY=
3,-118,b2Myo4YjCbMdjkjFRWknckQqV60=,u9otjTBXDXOtDFbZegX7At9iUuY=
0,-117,b2Myo4YjCbMdjkjFRWknckQqV60=,u9otjTBXDXOtDFbZegX7At9iUuY=
12,-120,b2Myo4YjCbMdjkjFRWknckQqV60=,P/9tSjq8TlbycfW3bSRRNWizmZ8=
8,-128,b2Myo4YjCbMdjkjFRWknckQqV60=,7m38mRS0EoQYyzsoeHJxLyrOHN0=
2,-117,b2Myo4YjCbMdjkjFRWknckQqV60=,u9otjTBXDXOtDFbZegX7At9iUuY=
0,-118,b2Myo4YjCbMdjkjFRWknckQqV60=,u9otjTBXDXOtDFbZegX7At9iUuY=
13,-120,b2Myo4YjCbMdjkjFRWknckQqV60=,P/9tSjq8TlbycfW3bSRRNWizmZ8=
15,-128,b2Myo4YjCbMdjkjFRWknckQqV60=,7m38mRS0EoQYyzsoeHJxLyrOHN0=
11,-128,b2Myo4YjCbMdjkjFRWknckQqV60=,7m38mRS0EoQYyzsoeHJxLyrOHN0=
0,-119,b2Myo4YjCbMdjkjFRWknckQqV60=,u9otjTBXDXOtDFbZegX7At9iUuY=
14,-120,b2Myo4YjCbMdjkjFRWknckQqV60=,P/9tSjq8TlbycfW3bSRRNWizmZ8=
15,-122,b2Myo4YjCbMdjkjFRWknckQqV60=,7m38mRS0EoQYyzsoeHJxLyrOHN0=
10,-128,b2Myo4YjCbMdjkjFRWknckQqV60=,7m38mRS0EoQYyzsoeHJxLyrOHN0=
15,-117,b2Myo4YjCbMdjkjFRWknckQqV60=,P/9tSjq8TlbycfW3bSRRNWizmZ8=
3,-121,b2Myo4YjCbMdjkjFRWknckQqV60=,N0RzuDDl/Iv/Bi+AXoaQxsUlGAo=
15,-123,b2Myo4YjCbMdjkjFRWknckQqV60=,7m38mRS0EoQYyzsoeHJxLyrOHN0=
9,-128,b2Myo4YjCbMdjkjFRWknckQqV60=,7m38mRS0EoQYyzsoeHJxLyrOHN0=
15,-119,b2Myo4YjCbMdjkjFRWknckQqV60=,P/9tSjq8TlbycfW3bSRRNWizmZ8=
15,-124,b2Myo4YjCbMdjkjFRWknckQqV60=,7m38mRS0EoQYyzsoeHJxLyrOHN0=
15,-120,b2Myo4YjCbMdjkjFRWknckQqV60=,P/9tSjq8TlbycfW3bSRRNWizmZ8=
2,-121,b2Myo4YjCbMdjkjFRWknckQqV60=,N0RzuDDl/Iv/Bi+AXoaQxsUlGAo=
15,-125,b2Myo4YjCbMdjkjFRWknckQqV60=,7m38mRS0EoQYyzsoeHJxLyrOHN0=
12,-127,b2Myo4YjCbMdjkjFRWknckQqV60=,7m38mRS0EoQYyzsoeHJxLyrOHN0=
11,-125,b2Myo4YjCbMdjkjFRWknckQqV60=,7m38mRS0EoQYyzsoeHJxLyrOHN0=
1,-121,b2Myo4YjCbMdjkjFRWknckQqV60=,N0RzuDDl/Iv/Bi+AXoaQxsUlGAo=
15,-118,b2Myo4YjCbMdjkjFRWknckQqV60=,P/9tSjq8TlbycfW3bSRRNWizmZ8=
15,-126,b2Myo4YjCbMdjkjFRWknckQqV60=,7m38mRS0EoQYyzsoeHJxLyrOHN0=
10,-125,b2Myo4YjCbMdjkjFRWknckQqV60=,7m38mRS0EoQYyzsoeHJxLyrOHN0=
14,-117,b2Myo4YjCbMdjkjFRWknckQqV60=,P/9tSjq8TlbycfW3bSRRNWizmZ8=
15,-127,b2Myo4YjCbMdjkjFRWknckQqV60=,7m38mRS0EoQYyzsoeHJxLyrOHN0=
3,-117,b2Myo4YjCbMdjkjFRWknckQqV60=,u9otjTBXDXOtDFbZegX7At9iUuY=
14,-128,b2Myo4YjCbMdjkjFRWknckQqV60=,7m38mRS0EoQYyzsoeHJxLyrOHN0=
9,-125,b2Myo4YjCbMdjkjFRWknckQqV60=,7m38mRS0EoQYyzsoeHJxLyrOHN0=
13,-127,b2Myo4YjCbMdjkjFRWknckQqV60=,7m38mRS0EoQYyzsoeHJxLyrOHN0=
13,-118,b2Myo4YjCbMdjkjFRWknckQqV60=,P/9tSjq8TlbycfW3bSRRNWizmZ8=
15,-121,b2Myo4YjCbMdjkjFRWknckQqV60=,7m38mRS0EoQYyzsoeHJxLyrOHN0=
13,-128,b2Myo4YjCbMdjkjFRWknckQqV60=,7m38mRS0EoQYyzsoeHJxLyrOHN0=
14,-127,b2Myo4YjCbMdjkjFRWknckQqV60=,7m38mRS0EoQYyzsoeHJxLyrOHN0=
14,-118,b2Myo4YjCbMdjkjFRWknckQqV60=,P/9tSjq8TlbycfW3bSRRNWizmZ8=
8,-125,b2Myo4YjCbMdjkjFRWknckQqV60=,7m38mRS0EoQYyzsoeHJxLyrOHN0=
12,-126,b2Myo4YjCbMdjkjFRWknckQqV60=,7m38mRS0EoQYyzsoeHJxLyrOHN0=
12,-118,b2Myo4YjCbMdjkjFRWknckQqV60=,P/9tSjq8TlbycfW3bSRRNWizmZ8=
12,-128,b2Myo4YjCbMdjkjFRWknckQqV60=,7m38mRS0EoQYyzsoeHJxLyrOHN0=
13,-126,b2Myo4YjCbMdjkjFRWknckQqV60=,7m38mRS0EoQYyzsoeHJxLyrOHN0=
13,-117,b2Myo4YjCbMdjkjFRWknckQqV60=,P/9tSjq8TlbycfW3bSRRNWizmZ8=
11,-126,b2Myo4YjCbMdjkjFRWknckQqV60=,7m38mRS0EoQYyzsoeHJxLyrOHN0=
13,-119,b2Myo4YjCbMdjkjFRWknckQqV60=,P/9tSjq8TlbycfW3bSRRNWizmZ8=
14,-122,b2Myo4YjCbMdjkjFRWknckQqV60=,7m38mRS0EoQYyzsoeHJxLyrOHN0=
12,-119,b2Myo4YjCbMdjkjFRWknckQqV60=,P/9tSjq8TlbycfW3bSRRNWizmZ8=
12,-117,b2Myo4YjCbMdjkjFRWknckQqV60=,P/9tSjq8TlbycfW3bSRRNWizmZ8=
14,-126,b2Myo4YjCbMdjkjFRWknckQqV60=,7m38mRS0EoQYyzsoeHJxLyrOHN0=
10,-126,b2Myo4YjCbMdjkjFRWknckQqV60=,7m38mRS0EoQYyzsoeHJxLyrOHN0=
12,-121,b2Myo4YjCbMdjkjFRWknckQqV60=,7m38mRS0EoQYyzsoeHJxLyrOHN0=
14,-119,b2Myo4YjCbMdjkjFRWknckQqV60=,P/9tSjq8TlbycfW3bSRRNWizmZ8=
13,-125,b2Myo4YjCbMdjkjFRWknckQqV60=,7m38mRS0EoQYyzsoeHJxLyrOHN0=
13,-121,b2Myo4YjCbMdjkjFRWknckQqV60=,7m38mRS0EoQYyzsoeHJxLyrOHN0=
12,-124,b2Myo4YjCbMdjkjFRWknckQqV60=,7m38mRS0EoQYyzsoeHJxLyrOHN0=
9,-126,b2Myo4YjCbMdjkjFRWknckQqV60=,7m38mRS0EoQYyzsoeHJxLyrOHN0=
14,-124,b2Myo4YjCbMdjkjFRWknckQqV60=,7m38mRS0EoQYyzsoeHJxLyrOHN0=
13,-124,b2Myo4YjCbMdjkjFRWknckQqV60=,7m38mRS0EoQYyzsoeHJxLyrOHN0=
12,-125,b2Myo4YjCbMdjkjFRWknckQqV60=,7m38mRS0EoQYyzsoeHJxLyrOHN0=
8,-126,b2Myo4YjCbMdjkjFRWknckQqV60=,7m38mRS0EoQYyzsoeHJxLyrOHN0=
14,-121,b2Myo4YjCbMdjkjFRWknckQqV60=,7m38mRS0EoQYyzsoeHJxLyrOHN0=
7,-128,b2Myo4YjCbMdjkjFRWknckQqV60=,N0RzuDDl/Iv/Bi+AXoaQxsUlGAo=
13,-123,b2Myo4YjCbMdjkjFRWknckQqV60=,7m38mRS0EoQYyzsoeHJxLyrOHN0=
12,-123,b2Myo4YjCbMdjkjFRWknckQqV60=,7m38mRS0EoQYyzsoeHJxLyrOHN0=
13,-122,b2Myo4YjCbMdjkjFRWknckQqV60=,7m38mRS0EoQYyzsoeHJxLyrOHN0=
11,-127,b2Myo4YjCbMdjkjFRWknckQqV60=,7m38mRS0EoQYyzsoeHJxLyrOHN0=
7,-125,b2Myo4YjCbMdjkjFRWknckQqV60=,N0RzuDDl/Iv/Bi+AXoaQxsUlGAo=
14,-123,b2Myo4YjCbMdjkjFRWknckQqV60=,7m38mRS0EoQYyzsoeHJxLyrOHN0=
14,-125,b2Myo4YjCbMdjkjFRWknckQqV60=,7m38mRS0EoQYyzsoeHJxLyrOHN0=
6,-128,b2Myo4YjCbMdjkjFRWknckQqV60=,N0RzuDDl/Iv/Bi+AXoaQxsUlGAo=
4,-127,b2Myo4YjCbMdjkjFRWknckQqV60=,N0RzuDDl/Iv/Bi+AXoaQxsUlGAo=
4,-126,b2Myo4YjCbMdjkjFRWknckQqV60=,N0RzuDDl/Iv/Bi+AXoaQxsUlGAo=
12,-122,b2Myo4YjCbMdjkjFRWknckQqV60=,7m38mRS0EoQYyzsoeHJxLyrOHN0=
5,-127,b2Myo4YjCbMdjkjFRWknckQqV60=,N0RzuDDl/Iv/Bi+AXoaQxsUlGAo=
10,-127,b2Myo4YjCbMdjkjFRWknckQqV60=,7m38mRS0EoQYyzsoeHJxLyrOHN0=
5,-126,b2Myo4YjCbMdjkjFRWknckQqV60=,N0RzuDDl/Iv/Bi+AXoaQxsUlGAo=
7,-126,b2Myo4YjCbMdjkjFRWknckQqV60=,N0RzuDDl/Iv/Bi+AXoaQxsUlGAo=
5,-128,b2Myo4YjCbMdjkjFRWknckQqV60=,N0RzuDDl/Iv/Bi+AXoaQxsUlGAo=
6,-127,b2Myo4YjCbMdjkjFRWknckQqV60=,N0RzuDDl/Iv/Bi+AXoaQxsUlGAo=
9,-127,b2Myo4YjCbMdjkjFRWknckQqV60=,7m38mRS0EoQYyzsoeHJxLyrOHN0=
4,-125,b2Myo4YjCbMdjkjFRWknckQqV60=,N0RzuDDl/Iv/Bi+AXoaQxsUlGAo=
4,-128,b2Myo4YjCbMdjkjFRWknckQqV60=,N0RzuDDl/Iv/Bi+AXoaQxsUlGAo=
7,-127,b2Myo4YjCbMdjkjFRWknckQqV60=,N0RzuDDl/Iv/Bi+AXoaQxsUlGAo=
6,-126,b2Myo4YjCbMdjkjFRWknckQqV60=,N0RzuDDl/Iv/Bi+AXoaQxsUlGAo=
5,-125,b2Myo4YjCbMdjkjFRWknckQqV60=,N0RzuDDl/Iv/Bi+AXoaQxsUlGAo=
8,-127,b2Myo4YjCbMdjkjFRWknckQqV60=,7m38mRS0EoQYyzsoeHJxLyrOHN0=
6,-125,b2Myo4YjCbMdjkjFRWknckQqV60=,N0RzuDDl/Iv/Bi+AXoaQxsUlGAo=
0,-128,b2Myo4YjCbMdjkjFRWknckQqV60=,N0RzuDDl/Iv/Bi+AXoaQxsUlGAo=
2,-126,b2Myo4YjCbMdjkjFRWknckQqV60=,N0RzuDDl/Iv/Bi+AXoaQxsUlGAo=
3,-128,b2Myo4YjCbMdjkjFRWknckQqV60=,N0RzuDDl/Iv/Bi+AXoaQxsUlGAo=
1,-126,b2Myo4YjCbMdjkjFRWknckQqV60=,N0RzuDDl/Iv/Bi+AXoaQxsUlGAo=
2,-128,b2Myo4YjCbMdjkjFRWknckQqV60=,N0RzuDDl/Iv/Bi+AXoaQxsUlGAo=
2,-125,b2Myo4YjCbMdjkjFRWknckQqV60=,N0RzuDDl/Iv/Bi+AXoaQxsUlGAo=
3,-126,b2Myo4YjCbMdjkjFRWknckQqV60=,N0RzuDDl/Iv/Bi+AXoaQxsUlGAo=
1,-125,b2Myo4YjCbMdjkjFRWknckQqV60=,N0RzuDDl/Iv/Bi+AXoaQxsUlGAo=
3,-125,b2Myo4YjCbMdjkjFRWknckQqV60=,N0RzuDDl/Iv/Bi+AXoaQxsUlGAo=
1,-128,b2Myo4YjCbMdjkjFRWknckQqV60=,N0RzuDDl/Iv/Bi+AXoaQxsUlGAo=
1,-127,b2Myo4YjCbMdjkjFRWknckQqV60=,N0RzuDDl/Iv/Bi+AXoaQxsUlGAo=
0,-127,b2Myo4YjCbMdjkjFRWknckQqV60=,N0RzuDDl/Iv/Bi+AXoaQxsUlGAo=
3,-127,b2Myo4YjCbMdjkjFRWknckQqV60=,N0RzuDDl/Iv/Bi+AXoaQxsUlGAo=
2,-127,b2Myo4YjCbMdjkjFRWknckQqV60=,N0RzuDDl/Iv/Bi+AXoaQxsUlGAo=
0,-125,b2Myo4YjCbMdjkjFRWknckQqV60=,N0RzuDDl/Iv/Bi+AXoaQxsUlGAo=
0,-126,b2Myo4YjCbMdjkjFRWknckQqV60=,N0RzuDDl/Iv/Bi+AXoaQxsUlGAo=
12,-113,b2Myo4YjCbMdjkjFRWknckQqV60=,P/9tSjq8TlbycfW3bSRRNWizmZ8=
13,-116,b2Myo4YjCbMdjkjFRWknckQqV60=,P/9tSjq8TlbycfW3bSRRNWizmZ8=
14,-115,b2Myo4YjCbMdjkjFRWknckQqV60=,P/9tSjq8TlbycfW3bSRRNWizmZ8=
15,-113,b2Myo4YjCbMdjkjFRWknckQqV60=,P/9tSjq8TlbycfW3bSRRNWizmZ8=
12,-116,b2Myo4YjCbMdjkjFRWknckQqV60=,P/9tSjq8TlbycfW3bSRRNWizmZ8=
13,-113,b2Myo4YjCbMdjkjFRWknckQqV60=,P/9tSjq8TlbycfW3bSRRNWizmZ8=
14,-116,b2Myo4YjCbMdjkjFRWknckQqV60=,P/9tSjq8TlbycfW3bSRRNWizmZ8=
13,-114,b2Myo4YjCbMdjkjFRWknckQqV60=,P/9tSjq8TlbycfW3bSRRNWizmZ8=
12,-114,b2Myo4YjCbMdjkjFRWknckQqV60=,P/9tSjq8TlbycfW3bSRRNWizmZ8=
14,-114,b2Myo4YjCbMdjkjFRWknckQqV60=,P/9tSjq8TlbycfW3bSRRNWizmZ8=
13,-115,b2Myo4YjCbMdjkjFRWknckQqV60=,P/9tSjq8TlbycfW3bSRRNWizmZ8=
12,-115,b2Myo4YjCbMdjkjFRWknckQqV60=,P/9tSjq8TlbycfW3bSRRNWizmZ8=
14,-113,b2Myo4YjCbMdjkjFRWknckQqV60=,P/9tSjq8TlbycfW3bSRRNWizmZ8=
15,-114,b2Myo4YjCbMdjkjFRWknckQqV60=,P/9tSjq8TlbycfW3bSRRNWizmZ8=
15,-115,b2Myo4YjCbMdjkjFRWknckQqV60=,P/9tSjq8TlbycfW3bSRRNWizmZ8=
15,-116,b2Myo4YjCbMdjkjFRWknckQqV60=,P/9tSjq8TlbycfW3bSRRNWizmZ8=
0,-113,b2Myo4YjCbMdjkjFRWknckQqV60=,u9otjTBXDXOtDFbZegX7At9iUuY=
2,-113,b2Myo4YjCbMdjkjFRWknckQqV60=,u9otjTBXDXOtDFbZegX7At9iUuY=
1,-116,b2Myo4YjCbMdjkjFRWknckQqV60=,u9otjTBXDXOtDFbZegX7At9iUuY=
1,-113,b2Myo4YjCbMdjkjFRWknckQqV60=,u9otjTBXDXOtDFbZegX7At9iUuY=
3,-113,b2Myo4YjCbMdjkjFRWknckQqV60=,u9otjTBXDXOtDFbZegX7At9iUuY=
0,-114,b2Myo4YjCbMdjkjFRWknckQqV60=,u9otjTBXDXOtDFbZegX7At9iUuY=
2,-116,b2Myo4YjCbMdjkjFRWknckQqV60=,u9otjTBXDXOtDFbZegX7At9iUuY=
1,-115,b2Myo4YjCbMdjkjFRWknckQqV60=,u9otjTBXDXOtDFbZegX7At9iUuY=
3,-116,b2Myo4YjCbMdjkjFRWknckQqV60=,u9otjTBXDXOtDFbZegX7At9iUuY=
3,-115,b2Myo4YjCbMdjkjFRWknckQqV60=,u9otjTBXDXOtDFbZegX7At9iUuY=
2,-115,b2Myo4YjCbMdjkjFRWknckQqV60=,u9otjTBXDXOtDFbZegX7At9iUuY=
1,-114,b2Myo4YjCbMdjkjFRWknckQqV60=,u9otjTBXDXOtDFbZegX7At9iUuY=
0,-115,b2Myo4YjCbMdjkjFRWknckQqV60=,u9otjTBXDXOtDFbZegX7At9iUuY=
2,-114,b2Myo4YjCbMdjkjFRWknckQqV60=,u9otjTBXDXOtDFbZegX7At9iUuY=
0,-116,b2Myo4YjCbMdjkjFRWknckQqV60=,u9otjTBXDXOtDFbZegX7At9iUuY=
3,-114,b2Myo4YjCbMdjkjFRWknckQqV60=,u9otjTBXDXOtDFbZegX7At9iUuY=
8,-106,zBM5juZeEfK0PGUVrv+PomUbOh0=,3xWV3LuC503KHBsafKKbzZdZuK8=
7,-107,rk9O7HSh2TZwk1JuhB2txPJYqhE=,FjNkPTXGm9Bp92OxXSK75ijPKdw=
6,-107,ESsxnQs+ITF+Z7RayvR79xOCe6M=,FjNkPTXGm9Bp92OxXSK75ijPKdw=
5,-107,ESsxnQs+ITF+Z7RayvR79xOCe6M=,FjNkPTXGm9Bp92OxXSK75ijPKdw=
4,-107,ESsxnQs+ITF+Z7RayvR79xOCe6M=,FjNkPTXGm9Bp92OxXSK75ijPKdw=
7,-108,ESsxnQs+ITF+Z7RayvR79xOCe6M=,FjNkPTXGm9Bp92OxXSK75ijPKdw=
6,-108,ESsxnQs+ITF+Z7RayvR79xOCe6M=,FjNkPTXGm9Bp92OxXSK75ijPKdw=
5,-108,ESsxnQs+ITF+Z7RayvR79xOCe6M=,FjNkPTXGm9Bp92OxXSK75ijPKdw=
4,-108,VaJSireP/MGb/T9Lsxtf8LUUH70=,FjNkPTXGm9Bp92OxXSK75ijPKdw=
8,-105,ESsxnQs+ITF+Z7RayvR79xOCe6M=,3xWV3LuC503KHBsafKKbzZdZuK8=
9,-106,VYazS0YTkWKhUD01iZskstxpCyw=,3xWV3LuC503KHBsafKKbzZdZuK8=
10,-106,VYazS0YTkWKhUD01iZskstxpCyw=,3xWV3LuC503KHBsafKKbzZdZuK8=
11,-106,VYazS0YTkWKhUD01iZskstxpCyw=,3xWV3LuC503KHBsafKKbzZdZuK8=
11,-107,zBM5juZeEfK0PGUVrv+PomUbOh0=,3xWV3LuC503KHBsafKKbzZdZuK8=
10,-107,zBM5juZeEfK0PGUVrv+PomUbOh0=,3xWV3LuC503KHBsafKKbzZdZuK8=
9,-107,zBM5juZeEfK0PGUVrv+PomUbOh0=,3xWV3LuC503KHBsafKKbzZdZuK8=
11,-108,zBM5juZeEfK0PGUVrv+PomUbOh0=,3xWV3LuC503KHBsafKKbzZdZuK8=
9,-108,zBM5juZeEfK0PGUVrv+PomUbOh0=,3xWV3LuC503KHBsafKKbzZdZuK8=
10,-108,zBM5juZeEfK0PGUVrv+PomUbOh0=,3xWV3LuC503KHBsafKKbzZdZuK8=
10,-102,zBM5juZeEfK0PGUVrv+PomUbOh0=,q5o9wO9O8BVfEpGTJTWbUtC1ZGk=
11,-104,ESsxnQs+ITF+Z7RayvR79xOCe6M=,q5o9wO9O8BVfEpGTJTWbUtC1ZGk=
11,-102,zBM5juZeEfK0PGUVrv+PomUbOh0=,q5o9wO9O8BVfEpGTJTWbUtC1ZGk=
9,-102,zBM5juZeEfK0PGUVrv+PomUbOh0=,q5o9wO9O8BVfEpGTJTWbUtC1ZGk=
11,-101,zBM5juZeEfK0PGUVrv+PomUbOh0=,q5o9wO9O8BVfEpGTJTWbUtC1ZGk=
10,-101,ESsxnQs+ITF+Z7RayvR79xOCe6M=,q5o9wO9O8BVfEpGTJTWbUtC1ZGk=
9,-101,zBM5juZeEfK0PGUVrv+PomUbOh0=,q5o9wO9O8BVfEpGTJTWbUtC1ZGk=
9,-104,ESsxnQs+ITF+Z7RayvR79xOCe6M=,q5o9wO9O8BVfEpGTJTWbUtC1ZGk=
9,-105,ESsxnQs+ITF+Z7RayvR79xOCe6M=,3xWV3LuC503KHBsafKKbzZdZuK8=
10,-105,VYazS0YTkWKhUD01iZskstxpCyw=,3xWV3LuC503KHBsafKKbzZdZuK8=
11,-105,VYazS0YTkWKhUD01iZskstxpCyw=,3xWV3LuC503KHBsafKKbzZdZuK8=
11,-103,zBM5juZeEfK0PGUVrv+PomUbOh0=,q5o9wO9O8BVfEpGTJTWbUtC1ZGk=
10,-104,ESsxnQs+ITF+Z7RayvR79xOCe6M=,q5o9wO9O8BVfEpGTJTWbUtC1ZGk=
10,-103,zBM5juZeEfK0PGUVrv+PomUbOh0=,q5o9wO9O8BVfEpGTJTWbUtC1ZGk=
9,-103,zBM5juZeEfK0PGUVrv+PomUbOh0=,q5o9wO9O8BVfEpGTJTWbUtC1ZGk=
8,-103,zBM5juZeEfK0PGUVrv+PomUbOh0=,q5o9wO9O8BVfEpGTJTWbUtC1ZGk=
8,-102,EAA3gsULT0Q17pFR8F6x/xdBk1g=,q5o9wO9O8BVfEpGTJTWbUtC1ZGk=
4,-103,ESsxnQs+ITF+Z7RayvR79xOCe6M=,3OrOLYi/Zmh4Ls+D3KJ+X8epchM=
7,-103,ESsxnQs+ITF+Z7RayvR79xOCe6M=,3OrOLYi/Zmh4Ls+D3KJ+X8epchM=
5,-103,ESsxnQs+ITF+Z7RayvR79xOCe6M=,3OrOLYi/Zmh4Ls+D3KJ+X8epchM=
6,-103,ESsxnQs+ITF+Z7RayvR79xOCe6M=,3OrOLYi/Zmh4Ls+D3KJ+X8epchM=
4,-102,ESsxnQs+ITF+Z7RayvR79xOCe6M=,3OrOLYi/Zmh4Ls+D3KJ+X8epchM=
7,-102,VaJSireP/MGb/T9Lsxtf8LUUH70=,3OrOLYi/Zmh4Ls+D3KJ+X8epchM=
5,-102,ESsxnQs+ITF+Z7RayvR79xOCe6M=,3OrOLYi/Zmh4Ls+D3KJ+X8epchM=
6,-102,VaJSireP/MGb/T9Lsxtf8LUUH70=,3OrOLYi/Zmh4Ls+D3KJ+X8epchM=
4,-101,ESsxnQs+ITF+Z7RayvR79xOCe6M=,3OrOLYi/Zmh4Ls+D3KJ+X8epchM=
8,-101,zBM5juZeEfK0PGUVrv+PomUbOh0=,q5o9wO9O8BVfEpGTJTWbUtC1ZGk=
5,-101,ESsxnQs+ITF+Z7RayvR79xOCe6M=,3OrOLYi/Zmh4Ls+D3KJ+X8epchM=
6,-101,ESsxnQs+ITF+Z7RayvR79xOCe6M=,3OrOLYi/Zmh4Ls+D3KJ+X8epchM=
7,-101,ESsxnQs+ITF+Z7RayvR79xOCe6M=,3OrOLYi/Zmh4Ls+D3KJ+X8epchM=
7,-105,VaJSireP/MGb/T9Lsxtf8LUUH70=,FjNkPTXGm9Bp92OxXSK75ijPKdw=
6,-105,ESsxnQs+ITF+Z7RayvR79xOCe6M=,FjNkPTXGm9Bp92OxXSK75ijPKdw=
4,-104,ESsxnQs+ITF+Z7RayvR79xOCe6M=,3OrOLYi/Zmh4Ls+D3KJ+X8epchM=
5,-105,VaJSireP/MGb/T9Lsxtf8LUUH70=,FjNkPTXGm9Bp92OxXSK75ijPKdw=
4,-105,VaJSireP/MGb/T9Lsxtf8LUUH70=,FjNkPTXGm9Bp92OxXSK75ijPKdw=
5,-104,ESsxnQs+ITF+Z7RayvR79xOCe6M=,3OrOLYi/Zmh4Ls+D3KJ+X8epchM=
6,-104,ESsxnQs+ITF+Z7RayvR79xOCe6M=,3OrOLYi/Zmh4Ls+D3KJ+X8epchM=
8,-108,zBM5juZeEfK0PGUVrv+PomUbOh0=,3xWV3LuC503KHBsafKKbzZdZuK8=
8,-104,zBM5juZeEfK0PGUVrv+PomUbOh0=,q5o9wO9O8BVfEpGTJTWbUtC1ZGk=
7,-106,VaJSireP/MGb/T9Lsxtf8LUUH70=,FjNkPTXGm9Bp92OxXSK75ijPKdw=
6,-106,ESsxnQs+ITF+Z7RayvR79xOCe6M=,FjNkPTXGm9Bp92OxXSK75ijPKdw=
7,-104,VaJSireP/MGb/T9Lsxtf8LUUH70=,3OrOLYi/Zmh4Ls+D3KJ+X8epchM=
5,-106,ESsxnQs+ITF+Z7RayvR79xOCe6M=,FjNkPTXGm9Bp92OxXSK75ijPKdw=
4,-106,ESsxnQs+ITF+Z7RayvR79xOCe6M=,FjNkPTXGm9Bp92OxXSK75ijPKdw=
8,-107,zBM5juZeEfK0PGUVrv+PomUbOh0=,3xWV3LuC503KHBsafKKbzZdZuK8=
0,-105,xsPnJWFNvnRgJdwOfZrhR6pzt8Y=,FjNkPTXGm9Bp92OxXSK75ijPKdw=
1,-103,xsPnJWFNvnRgJdwOfZrhR6pzt8Y=,3OrOLYi/Zmh4Ls+D3KJ+X8epchM=
2,-103,xsPnJWFNvnRgJdwOfZrhR6pzt8Y=,3OrOLYi/Zmh4Ls+D3KJ+X8epchM=
3,-103,xsPnJWFNvnRgJdwOfZrhR6pzt8Y=,3OrOLYi/Zmh4Ls+D3KJ+X8epchM=
0,-106,xsPnJWFNvnRgJdwOfZrhR6pzt8Y=,FjNkPTXGm9Bp92OxXSK75ijPKdw=
1,-102,xsPnJWFNvnRgJdwOfZrhR6pzt8Y=,3OrOLYi/Zmh4Ls+D3KJ+X8epchM=
3,-102,xsPnJWFNvnRgJdwOfZrhR6pzt8Y=,3OrOLYi/Zmh4Ls+D3KJ+X8epchM=
2,-102,xsPnJWFNvnRgJdwOfZrhR6pzt8Y=,3OrOLYi/Zmh4Ls+D3KJ+X8epchM=
1,-101,xsPnJWFNvnRgJdwOfZrhR6pzt8Y=,3OrOLYi/Zmh4Ls+D3KJ+X8epchM=
0,-107,xsPnJWFNvnRgJdwOfZrhR6pzt8Y=,FjNkPTXGm9Bp92OxXSK75ijPKdw=
2,-101,xsPnJWFNvnRgJdwOfZrhR6pzt8Y=,3OrOLYi/Zmh4Ls+D3KJ+X8epchM=
3,-101,xsPnJWFNvnRgJdwOfZrhR6pzt8Y=,3OrOLYi/Zmh4Ls+D3KJ+X8epchM=
0,-108,xsPnJWFNvnRgJdwOfZrhR6pzt8Y=,FjNkPTXGm9Bp92OxXSK75ijPKdw=
0,-103,xsPnJWFNvnRgJdwOfZrhR6pzt8Y=,3OrOLYi/Zmh4Ls+D3KJ+X8epchM=
1,-108,xsPnJWFNvnRgJdwOfZrhR6pzt8Y=,FjNkPTXGm9Bp92OxXSK75ijPKdw=
0,-104,xsPnJWFNvnRgJdwOfZrhR6pzt8Y=,3OrOLYi/Zmh4Ls+D3KJ+X8epchM=
0,-102,xsPnJWFNvnRgJdwOfZrhR6pzt8Y=,3OrOLYi/Zmh4Ls+D3KJ+X8epchM=
2,-108,xsPnJWFNvnRgJdwOfZrhR6pzt8Y=,FjNkPTXGm9Bp92OxXSK75ijPKdw=
0,-101,xsPnJWFNvnRgJdwOfZrhR6pzt8Y=,3OrOLYi/Zmh4Ls+D3KJ+X8epchM=
3,-104,xsPnJWFNvnRgJdwOfZrhR6pzt8Y=,3OrOLYi/Zmh4Ls+D3KJ+X8epchM=
3,-108,xsPnJWFNvnRgJdwOfZrhR6pzt8Y=,FjNkPTXGm9Bp92OxXSK75ijPKdw=
1,-104,xsPnJWFNvnRgJdwOfZrhR6pzt8Y=,3OrOLYi/Zmh4Ls+D3KJ+X8epchM=
2,-104,xsPnJWFNvnRgJdwOfZrhR6pzt8Y=,3OrOLYi/Zmh4Ls+D3KJ+X8epchM=
1,-107,xsPnJWFNvnRgJdwOfZrhR6pzt8Y=,FjNkPTXGm9Bp92OxXSK75ijPKdw=
3,-105,xsPnJWFNvnRgJdwOfZrhR6pzt8Y=,FjNkPTXGm9Bp92OxXSK75ijPKdw=
2,-105,xsPnJWFNvnRgJdwOfZrhR6pzt8Y=,FjNkPTXGm9Bp92OxXSK75ijPKdw=
15,-103,xsPnJWFNvnRgJdwOfZrhR6pzt8Y=,q5o9wO9O8BVfEpGTJTWbUtC1ZGk=
2,-107,xsPnJWFNvnRgJdwOfZrhR6pzt8Y=,FjNkPTXGm9Bp92OxXSK75ijPKdw=
15,-104,EAA3gsULT0Q17pFR8F6x/xdBk1g=,q5o9wO9O8BVfEpGTJTWbUtC1ZGk=
15,-105,EAA3gsULT0Q17pFR8F6x/xdBk1g=,3xWV3LuC503KHBsafKKbzZdZuK8=
12,-101,EAA3gsULT0Q17pFR8F6x/xdBk1g=,q5o9wO9O8BVfEpGTJTWbUtC1ZGk=
13,-101,xsPnJWFNvnRgJdwOfZrhR6pzt8Y=,q5o9wO9O8BVfEpGTJTWbUtC1ZGk=
15,-102,irqiRzIitrCeiNT8VBTRrqS1whE=,q5o9wO9O8BVfEpGTJTWbUtC1ZGk=
3,-107,xsPnJWFNvnRgJdwOfZrhR6pzt8Y=,FjNkPTXGm9Bp92OxXSK75ijPKdw=
1,-106,xsPnJWFNvnRgJdwOfZrhR6pzt8Y=,FjNkPTXGm9Bp92OxXSK75ijPKdw=
15,-106,irqiRzIitrCeiNT8VBTRrqS1whE=,3xWV3LuC503KHBsafKKbzZdZuK8=
14,-101,xsPnJWFNvnRgJdwOfZrhR6pzt8Y=,q5o9wO9O8BVfEpGTJTWbUtC1ZGk=
12,-102,xsPnJWFNvnRgJdwOfZrhR6pzt8Y=,q5o9wO9O8BVfEpGTJTWbUtC1ZGk=
15,-101,xsPnJWFNvnRgJdwOfZrhR6pzt8Y=,q5o9wO9O8BVfEpGTJTWbUtC1ZGk=
2,-106,xsPnJWFNvnRgJdwOfZrhR6pzt8Y=,FjNkPTXGm9Bp92OxXSK75ijPKdw=
15,-107,xsPnJWFNvnRgJdwOfZrhR6pzt8Y=,3xWV3LuC503KHBsafKKbzZdZuK8=
13,-104,xsPnJWFNvnRgJdwOfZrhR6pzt8Y=,q5o9wO9O8BVfEpGTJTWbUtC1ZGk=
14,-104,EAA3gsULT0Q17pFR8F6x/xdBk1g=,q5o9wO9O8BVfEpGTJTWbUtC1ZGk=
12,-104,xsPnJWFNvnRgJdwOfZrhR6pzt8Y=,q5o9wO9O8BVfEpGTJTWbUtC1ZGk=
3,-106,xsPnJWFNvnRgJdwOfZrhR6pzt8Y=,FjNkPTXGm9Bp92OxXSK75ijPKdw=
15,-108,xsPnJWFNvnRgJdwOfZrhR6pzt8Y=,3xWV3LuC503KHBsafKKbzZdZuK8=
1,-105,xsPnJWFNvnRgJdwOfZrhR6pzt8Y=,FjNkPTXGm9Bp92OxXSK75ijPKdw=
14,-103,EAA3gsULT0Q17pFR8F6x/xdBk1g=,q5o9wO9O8BVfEpGTJTWbUtC1ZGk=
14,-102,xsPnJWFNvnRgJdwOfZrhR6pzt8Y=,q5o9wO9O8BVfEpGTJTWbUtC1ZGk=
13,-106,xsPnJWFNvnRgJdwOfZrhR6pzt8Y=,3xWV3LuC503KHBsafKKbzZdZuK8=
14,-106,xsPnJWFNvnRgJdwOfZrhR6pzt8Y=,3xWV3LuC503KHBsafKKbzZdZuK8=
14,-105,xsPnJWFNvnRgJdwOfZrhR6pzt8Y=,3xWV3LuC503KHBsafKKbzZdZuK8=
13,-102,xsPnJWFNvnRgJdwOfZrhR6pzt8Y=,q5o9wO9O8BVfEpGTJTWbUtC1ZGk=
12,-106,xsPnJWFNvnRgJdwOfZrhR6pzt8Y=,3xWV3LuC503KHBsafKKbzZdZuK8=
13,-103,xsPnJWFNvnRgJdwOfZrhR6pzt8Y=,q5o9wO9O8BVfEpGTJTWbUtC1ZGk=
14,-107,xsPnJWFNvnRgJdwOfZrhR6pzt8Y=,3xWV3LuC503KHBsafKKbzZdZuK8=
13,-105,xsPnJWFNvnRgJdwOfZrhR6pzt8Y=,3xWV3LuC503KHBsafKKbzZdZuK8=
12,-103,xsPnJWFNvnRgJdwOfZrhR6pzt8Y=,q5o9wO9O8BVfEpGTJTWbUtC1ZGk=
12,-107,xsPnJWFNvnRgJdwOfZrhR6pzt8Y=,3xWV3LuC503KHBsafKKbzZdZuK8=
12,-105,xsPnJWFNvnRgJdwOfZrhR6pzt8Y=,3xWV3LuC503KHBsafKKbzZdZuK8=
14,-108,xsPnJWFNvnRgJdwOfZrhR6pzt8Y=,3xWV3LuC503KHBsafKKbzZdZuK8=
13,-107,xsPnJWFNvnRgJdwOfZrhR6pzt8Y=,3xWV3LuC503KHBsafKKbzZdZuK8=
12,-108,EAA3gsULT0Q17pFR8F6x/xdBk1g=,3xWV3LuC503KHBsafKKbzZdZuK8=
13,-108,EAA3gsULT0Q17pFR8F6x/xdBk1g=,3xWV3LuC503KHBsafKKbzZdZuK8=
7,-97,xsPnJWFNvnRgJdwOfZrhR6pzt8Y=,3OrOLYi/Zmh4Ls+D3KJ+X8epchM=
11,-97,xsPnJWFNvnRgJdwOfZrhR6pzt8Y=,q5o9wO9O8BVfEpGTJTWbUtC1ZGk=
10,-97,xsPnJWFNvnRgJdwOfZrhR6pzt8Y=,q5o9wO9O8BVfEpGTJTWbUtC1ZGk=
4,-100,xsPnJWFNvnRgJdwOfZrhR6pzt8Y=,3OrOLYi/Zmh4Ls+D3KJ+X8epchM=
13,-98,xsPnJWFNvnRgJdwOfZrhR6pzt8Y=,q5o9wO9O8BVfEpGTJTWbUtC1ZGk=
9,-97,xsPnJWFNvnRgJdwOfZrhR6pzt8Y=,q5o9wO9O8BVfEpGTJTWbUtC1ZGk=
12,-97,xsPnJWFNvnRgJdwOfZrhR6pzt8Y=,q5o9wO9O8BVfEpGTJTWbUtC1ZGk=
12,-98,xsPnJWFNvnRgJdwOfZrhR6pzt8Y=,q5o9wO9O8BVfEpGTJTWbUtC1ZGk=
5,-100,xsPnJWFNvnRgJdwOfZrhR6pzt8Y=,3OrOLYi/Zmh4Ls+D3KJ+X8epchM=
13,-97,xsPnJWFNvnRgJdwOfZrhR6pzt8Y=,q5o9wO9O8BVfEpGTJTWbUtC1ZGk=
14,-97,xsPnJWFNvnRgJdwOfZrhR6pzt8Y=,q5o9wO9O8BVfEpGTJTWbUtC1ZGk=
6,-100,xsPnJWFNvnRgJdwOfZrhR6pzt8Y=,3OrOLYi/Zmh4Ls+D3KJ+X8epchM=
7,-100,xsPnJWFNvnRgJdwOfZrhR6pzt8Y=,3OrOLYi/Zmh4Ls+D3KJ+X8epchM=
15,-97,xsPnJWFNvnRgJdwOfZrhR6pzt8Y=,q5o9wO9O8BVfEpGTJTWbUtC1ZGk=
4,-99,xsPnJWFNvnRgJdwOfZrhR6pzt8Y=,3OrOLYi/Zmh4Ls+D3KJ+X8epchM=
8,-97,xsPnJWFNvnRgJdwOfZrhR6pzt8Y=,q5o9wO9O8BVfEpGTJTWbUtC1ZGk=
5,-99,xsPnJWFNvnRgJdwOfZrhR6pzt8Y=,3OrOLYi/Zmh4Ls+D3KJ+X8epchM=
14,-98,xsPnJWFNvnRgJdwOfZrhR6pzt8Y=,q5o9wO9O8BVfEpGTJTWbUtC1ZGk=
15,-100,xsPnJWFNvnRgJdwOfZrhR6pzt8Y=,q5o9wO9O8BVfEpGTJTWbUtC1ZGk=
6,-99,xsPnJWFNvnRgJdwOfZrhR6pzt8Y=,3OrOLYi/Zmh4Ls+D3KJ+X8epchM=
4,-98,xsPnJWFNvnRgJdwOfZrhR6pzt8Y=,3OrOLYi/Zmh4Ls+D3KJ+X8epchM=
13,-99,xsPnJWFNvnRgJdwOfZrhR6pzt8Y=,q5o9wO9O8BVfEpGTJTWbUtC1ZGk=
11,-98,xsPnJWFNvnRgJdwOfZrhR6pzt8Y=,q5o9wO9O8BVfEpGTJTWbUtC1ZGk=
7,-99,xsPnJWFNvnRgJdwOfZrhR6pzt8Y=,3OrOLYi/Zmh4Ls+D3KJ+X8epchM=
14,-100,xsPnJWFNvnRgJdwOfZrhR6pzt8Y=,q5o9wO9O8BVfEpGTJTWbUtC1ZGk=
15,-99,xsPnJWFNvnRgJdwOfZrhR6pzt8Y=,q5o9wO9O8BVfEpGTJTWbUtC1ZGk=
14,-99,xsPnJWFNvnRgJdwOfZrhR6pzt8Y=,q5o9wO9O8BVfEpGTJTWbUtC1ZGk=
6,-97,xsPnJWFNvnRgJdwOfZrhR6pzt8Y=,3OrOLYi/Zmh4Ls+D3KJ+X8epchM=
13,-100,xsPnJWFNvnRgJdwOfZrhR6pzt8Y=,q5o9wO9O8BVfEpGTJTWbUtC1ZGk=
9,-100,xsPnJWFNvnRgJdwOfZrhR6pzt8Y=,q5o9wO9O8BVfEpGTJTWbUtC1ZGk=
5,-98,xsPnJWFNvnRgJdwOfZrhR6pzt8Y=,3OrOLYi/Zmh4Ls+D3KJ+X8epchM=
11,-99,xsPnJWFNvnRgJdwOfZrhR6pzt8Y=,q5o9wO9O8BVfEpGTJTWbUtC1ZGk=
15,-98,xsPnJWFNvnRgJdwOfZrhR6pzt8Y=,q5o9wO9O8BVfEpGTJTWbUtC1ZGk=
5,-97,xsPnJWFNvnRgJdwOfZrhR6pzt8Y=,3OrOLYi/Zmh4Ls+D3KJ+X8epchM=
12,-99,xsPnJWFNvnRgJdwOfZrhR6pzt8Y=,q5o9wO9O8BVfEpGTJTWbUtC1ZGk=
4,-97,xsPnJWFNvnRgJdwOfZrhR6pzt8Y=,3OrOLYi/Zmh4Ls+D3KJ+X8epchM=
8,-98,xsPnJWFNvnRgJdwOfZrhR6pzt8Y=,q5o9wO9O8BVfEpGTJTWbUtC1ZGk=
10,-98,xsPnJWFNvnRgJdwOfZrhR6pzt8Y=,q5o9wO9O8BVfEpGTJTWbUtC1ZGk=
7,-98,xsPnJWFNvnRgJdwOfZrhR6pzt8Y=,3OrOLYi/Zmh4Ls+D3KJ+X8epchM=
10,-99,xsPnJWFNvnRgJdwOfZrhR6pzt8Y=,q5o9wO9O8BVfEpGTJTWbUtC1ZGk=
6,-98,xsPnJWFNvnRgJdwOfZrhR6pzt8Y=,3OrOLYi/Zmh4Ls+D3KJ+X8epchM=
8,-100,xsPnJWFNvnRgJdwOfZrhR6pzt8Y=,q5o9wO9O8BVfEpGTJTWbUtC1ZGk=
8,-99,xsPnJWFNvnRgJdwOfZrhR6pzt8Y=,q5o9wO9O8BVfEpGTJTWbUtC1ZGk=
10,-100,xsPnJWFNvnRgJdwOfZrhR6pzt8Y=,q5o9wO9O8BVfEpGTJTWbUtC1ZGk=
9,-99,xsPnJWFNvnRgJdwOfZrhR6pzt8Y=,q5o9wO9O8BVfEpGTJTWbUtC1ZGk=
12,-100,xsPnJWFNvnRgJdwOfZrhR6pzt8Y=,q5o9wO9O8BVfEpGTJTWbUtC1ZGk=
11,-100,xsPnJWFNvnRgJdwOfZrhR6pzt8Y=,q5o9wO9O8BVfEpGTJTWbUtC1ZGk=
9,-98,xsPnJWFNvnRgJdwOfZrhR6pzt8Y=,q5o9wO9O8BVfEpGTJTWbUtC1ZGk=
1,-110,xsPnJWFNvnRgJdwOfZrhR6pzt8Y=,FjNkPTXGm9Bp92OxXSK75ijPKdw=
0,-112,xsPnJWFNvnRgJdwOfZrhR6pzt8Y=,FjNkPTXGm9Bp92OxXSK75ijPKdw=
3,-111,xsPnJWFNvnRgJdwOfZrhR6pzt8Y=,FjNkPTXGm9Bp92OxXSK75ijPKdw=
2,-111,xsPnJWFNvnRgJdwOfZrhR6pzt8Y=,FjNkPTXGm9Bp92OxXSK75ijPKdw=
0,-111,xsPnJWFNvnRgJdwOfZrhR6pzt8Y=,FjNkPTXGm9Bp92OxXSK75ijPKdw=
2,-110,xsPnJWFNvnRgJdwOfZrhR6pzt8Y=,FjNkPTXGm9Bp92OxXSK75ijPKdw=
0,-109,xsPnJWFNvnRgJdwOfZrhR6pzt8Y=,FjNkPTXGm9Bp92OxXSK75ijPKdw=
1,-111,xsPnJWFNvnRgJdwOfZrhR6pzt8Y=,FjNkPTXGm9Bp92OxXSK75ijPKdw=
3,-110,xsPnJWFNvnRgJdwOfZrhR6pzt8Y=,FjNkPTXGm9Bp92OxXSK75ijPKdw=
1,-109,xsPnJWFNvnRgJdwOfZrhR6pzt8Y=,FjNkPTXGm9Bp92OxXSK75ijPKdw=
0,-110,xsPnJWFNvnRgJdwOfZrhR6pzt8Y=,FjNkPTXGm9Bp92OxXSK75ijPKdw=
2,-109,xsPnJWFNvnRgJdwOfZrhR6pzt8Y=,FjNkPTXGm9Bp92OxXSK75ijPKdw=
3,-109,xsPnJWFNvnRgJdwOfZrhR6pzt8Y=,FjNkPTXGm9Bp92OxXSK75ijPKdw=
1,-112,xsPnJWFNvnRgJdwOfZrhR6pzt8Y=,FjNkPTXGm9Bp92OxXSK75ijPKdw=
2,-112,xsPnJWFNvnRgJdwOfZrhR6pzt8Y=,FjNkPTXGm9Bp92OxXSK75ijPKdw=
3,-112,xsPnJWFNvnRgJdwOfZrhR6pzt8Y=,FjNkPTXGm9Bp92OxXSK75ijPKdw=
4,-109,xsPnJWFNvnRgJdwOfZrhR6pzt8Y=,FjNkPTXGm9Bp92OxXSK75ijPKdw=
9,-111,xsPnJWFNvnRgJdwOfZrhR6pzt8Y=,3xWV3LuC503KHBsafKKbzZdZuK8=
7,-112,xsPnJWFNvnRgJdwOfZrhR6pzt8Y=,FjNkPTXGm9Bp92OxXSK75ijPKdw=
14,-112,xsPnJWFNvnRgJdwOfZrhR6pzt8Y=,3xWV3LuC503KHBsafKKbzZdZuK8=
5,-109,xsPnJWFNvnRgJdwOfZrhR6pzt8Y=,FjNkPTXGm9Bp92OxXSK75ijPKdw=
4,-111,xsPnJWFNvnRgJdwOfZrhR6pzt8Y=,FjNkPTXGm9Bp92OxXSK75ijPKdw=
5,-111,xsPnJWFNvnRgJdwOfZrhR6pzt8Y=,FjNkPTXGm9Bp92OxXSK75ijPKdw=
15,-112,xsPnJWFNvnRgJdwOfZrhR6pzt8Y=,3xWV3LuC503KHBsafKKbzZdZuK8=
6,-109,xsPnJWFNvnRgJdwOfZrhR6pzt8Y=,FjNkPTXGm9Bp92OxXSK75ijPKdw=
6,-111,xsPnJWFNvnRgJdwOfZrhR6pzt8Y=,FjNkPTXGm9Bp92OxXSK75ijPKdw=
13,-112,xsPnJWFNvnRgJdwOfZrhR6pzt8Y=,3xWV3LuC503KHBsafKKbzZdZuK8=
7,-111,xsPnJWFNvnRgJdwOfZrhR6pzt8Y=,FjNkPTXGm9Bp92OxXSK75ijPKdw=
12,-112,xsPnJWFNvnRgJdwOfZrhR6pzt8Y=,3xWV3LuC503KHBsafKKbzZdZuK8=
7,-109,xsPnJWFNvnRgJdwOfZrhR6pzt8Y=,FjNkPTXGm9Bp92OxXSK75ijPKdw=
6,-112,xsPnJWFNvnRgJdwOfZrhR6pzt8Y=,FjNkPTXGm9Bp92OxXSK75ijPKdw=
4,-110,xsPnJWFNvnRgJdwOfZrhR6pzt8Y=,FjNkPTXGm9Bp92OxXSK75ijPKdw=
11,-112,xsPnJWFNvnRgJdwOfZrhR6pzt8Y=,3xWV3LuC503KHBsafKKbzZdZuK8=
5,-110,xsPnJWFNvnRgJdwOfZrhR6pzt8Y=,FjNkPTXGm9Bp92OxXSK75ijPKdw=
5,-112,xsPnJWFNvnRgJdwOfZrhR6pzt8Y=,FjNkPTXGm9Bp92OxXSK75ijPKdw=
10,-112,xsPnJWFNvnRgJdwOfZrhR6pzt8Y=,3xWV3LuC503KHBsafKKbzZdZuK8=
6,-110,xsPnJWFNvnRgJdwOfZrhR6pzt8Y=,FjNkPTXGm9Bp92OxXSK75ijPKdw=
4,-112,xsPnJWFNvnRgJdwOfZrhR6pzt8Y=,FjNkPTXGm9Bp92OxXSK75ijPKdw=
9,-112,xsPnJWFNvnRgJdwOfZrhR6pzt8Y=,3xWV3LuC503KHBsafKKbzZdZuK8=
8,-112,xsPnJWFNvnRgJdwOfZrhR6pzt8Y=,3xWV3LuC503KHBsafKKbzZdZuK8=
7,-110,xsPnJWFNvnRgJdwOfZrhR6pzt8Y=,FjNkPTXGm9Bp92OxXSK75ijPKdw=
11,-111,xsPnJWFNvnRgJdwOfZrhR6pzt8Y=,3xWV3LuC503KHBsafKKbzZdZuK8=
10,-111,xsPnJWFNvnRgJdwOfZrhR6pzt8Y=,3xWV3LuC503KHBsafKKbzZdZuK8=
15,-109,xsPnJWFNvnRgJdwOfZrhR6pzt8Y=,3xWV3LuC503KHBsafKKbzZdZuK8=
13,-111,xsPnJWFNvnRgJdwOfZrhR6pzt8Y=,3xWV3LuC503KHBsafKKbzZdZuK8=
14,-111,xsPnJWFNvnRgJdwOfZrhR6pzt8Y=,3xWV3LuC503KHBsafKKbzZdZuK8=
12,-111,xsPnJWFNvnRgJdwOfZrhR6pzt8Y=,3xWV3LuC503KHBsafKKbzZdZuK8=
15,-110,xsPnJWFNvnRgJdwOfZrhR6pzt8Y=,3xWV3LuC503KHBsafKKbzZdZuK8=
15,-111,xsPnJWFNvnRgJdwOfZrhR6pzt8Y=,3xWV3LuC503KHBsafKKbzZdZuK8=
10,-110,xsPnJWFNvnRgJdwOfZrhR6pzt8Y=,3xWV3LuC503KHBsafKKbzZdZuK8=
8,-109,xsPnJWFNvnRgJdwOfZrhR6pzt8Y=,3xWV3LuC503KHBsafKKbzZdZuK8=
9,-110,xsPnJWFNvnRgJdwOfZrhR6pzt8Y=,3xWV3LuC503KHBsafKKbzZdZuK8=
11,-110,xsPnJWFNvnRgJdwOfZrhR6pzt8Y=,3xWV3LuC503KHBsafKKbzZdZuK8=
12,-110,xsPnJWFNvnRgJdwOfZrhR6pzt8Y=,3xWV3LuC503KHBsafKKbzZdZuK8=
13,-110,xsPnJWFNvnRgJdwOfZrhR6pzt8Y=,3xWV3LuC503KHBsafKKbzZdZuK8=
8,-110,xsPnJWFNvnRgJdwOfZrhR6pzt8Y=,3xWV3LuC503KHBsafKKbzZdZuK8=
14,-110,xsPnJWFNvnRgJdwOfZrhR6pzt8Y=,3xWV3LuC503KHBsafKKbzZdZuK8=
11,-109,xsPnJWFNvnRgJdwOfZrhR6pzt8Y=,3xWV3LuC503KHBsafKKbzZdZuK8=
8,-111,xsPnJWFNvnRgJdwOfZrhR6pzt8Y=,3xWV3LuC503KHBsafKKbzZdZuK8=
9,-109,xsPnJWFNvnRgJdwOfZrhR6pzt8Y=,3xWV3LuC503KHBsafKKbzZdZuK8=
10,-109,xsPnJWFNvnRgJdwOfZrhR6pzt8Y=,3xWV3LuC503KHBsafKKbzZdZuK8=
12,-109,xsPnJWFNvnRgJdwOfZrhR6pzt8Y=,3xWV3LuC503KHBsafKKbzZdZuK8=
13,-109,xsPnJWFNvnRgJdwOfZrhR6pzt8Y=,3xWV3LuC503KHBsafKKbzZdZuK8=
14,-109,xsPnJWFNvnRgJdwOfZrhR6pzt8Y=,3xWV3LuC503KHBsafKKbzZdZuK8=
3,-98,xsPnJWFNvnRgJdwOfZrhR6pzt8Y=,3OrOLYi/Zmh4Ls+D3KJ+X8epchM=
2,-97,xsPnJWFNvnRgJdwOfZrhR6pzt8Y=,3OrOLYi/Zmh4Ls+D3KJ+X8epchM=
1,-97,xsPnJWFNvnRgJdwOfZrhR6pzt8Y=,3OrOLYi/Zmh4Ls+D3KJ+X8epchM=
0,-97,xsPnJWFNvnRgJdwOfZrhR6pzt8Y=,3OrOLYi/Zmh4Ls+D3KJ+X8epchM=
3,-97,xsPnJWFNvnRgJdwOfZrhR6pzt8Y=,3OrOLYi/Zmh4Ls+D3KJ+X8epchM=
1,-98,xsPnJWFNvnRgJdwOfZrhR6pzt8Y=,3OrOLYi/Zmh4Ls+D3KJ+X8epchM=
1,-99,xsPnJWFNvnRgJdwOfZrhR6pzt8Y=,3OrOLYi/Zmh4Ls+D3KJ+X8epchM=
2,-99,xsPnJWFNvnRgJdwOfZrhR6pzt8Y=,3OrOLYi/Zmh4Ls+D3KJ+X8epchM=
0,-98,xsPnJWFNvnRgJdwOfZrhR6pzt8Y=,3OrOLYi/Zmh4Ls+D3KJ+X8epchM=
3,-99,xsPnJWFNvnRgJdwOfZrhR6pzt8Y=,3OrOLYi/Zmh4Ls+D3KJ+X8epchM=
1,-100,xsPnJWFNvnRgJdwOfZrhR6pzt8Y=,3OrOLYi/Zmh4Ls+D3KJ+X8epchM=
0,-99,xsPnJWFNvnRgJdwOfZrhR6pzt8Y=,3OrOLYi/Zmh4Ls+D3KJ+X8epchM=
2,-100,xsPnJWFNvnRgJdwOfZrhR6pzt8Y=,3OrOLYi/Zmh4Ls+D3KJ+X8epchM=
2,-98,xsPnJWFNvnRgJdwOfZrhR6pzt8Y=,3OrOLYi/Zmh4Ls+D3KJ+X8epchM=
3,-100,xsPnJWFNvnRgJdwOfZrhR6pzt8Y=,3OrOLYi/Zmh4Ls+D3KJ+X8epchM=
0,-100,xsPnJWFNvnRgJdwOfZrhR6pzt8Y=,3OrOLYi/Zmh4Ls+D3KJ+X8epchM=
