196,128,t5Lv4oW/oHGq5GZnZN4jyfeatCc=,QqoGMzW1BydAhuGn42Qyq1Fo3R0=
201,128,t5Lv4oW/oHGq5GZnZN4jyfeatCc=,qAU+DEYg37IiAA7dZsnEfkW38CM=
198,131,t5Lv4oW/oHGq5GZnZN4jyfeatCc=,QqoGMzW1BydAhuGn42Qyq1Fo3R0=
196,131,t5Lv4oW/oHGq5GZnZN4jyfeatCc=,QqoGMzW1BydAhuGn42Qyq1Fo3R0=
202,128,t5Lv4oW/oHGq5GZnZN4jyfeatCc=,qAU+DEYg37IiAA7dZsnEfkW38CM=
196,130,t5Lv4oW/oHGq5GZnZN4jyfeatCc=,QqoGMzW1BydAhuGn42Qyq1Fo3R0=
200,129,t5Lv4oW/oHGq5GZnZN4jyfeatCc=,qAU+DEYg37IiAA7dZsnEfkW38CM=
203,128,t5Lv4oW/oHGq5GZnZN4jyfeatCc=,qAU+DEYg37IiAA7dZsnEfkW38CM=
198,129,t5Lv4oW/oHGq5GZnZN4jyfeatCc=,QqoGMzW1BydAhuGn42Qyq1Fo3R0=
197,131,t5Lv4oW/oHGq5GZnZN4jyfeatCc=,QqoGMzW1BydAhuGn42Qyq1Fo3R0=
201,129,t5Lv4oW/oHGq5GZnZN4jyfeatCc=,qAU+DEYg37IiAA7dZsnEfkW38CM=
198,130,t5Lv4oW/oHGq5GZnZN4jyfeatCc=,QqoGMzW1BydAhuGn42Qyq1Fo3R0=
202,129,t5Lv4oW/oHGq5GZnZN4jyfeatCc=,qAU+DEYg37IiAA7dZsnEfkW38CM=
197,130,t5Lv4oW/oHGq5GZnZN4jyfeatCc=,QqoGMzW1BydAhuGn42Qyq1Fo3R0=
196,129,t5Lv4oW/oHGq5GZnZN4jyfeatCc=,QqoGMzW1BydAhuGn42Qyq1Fo3R0=
197,129,t5Lv4oW/oHGq5GZnZN4jyfeatCc=,QqoGMzW1BydAhuGn42Qyq1Fo3R0=
203,129,t5Lv4oW/oHGq5GZnZN4jyfeatCc=,qAU+DEYg37IiAA7dZsnEfkW38CM=
200,130,t5Lv4oW/oHGq5GZnZN4jyfeatCc=,qAU+DEYg37IiAA7dZsnEfkW38CM=
201,130,t5Lv4oW/oHGq5GZnZN4jyfeatCc=,qAU+DEYg37IiAA7dZsnEfkW38CM=
202,130,t5Lv4oW/oHGq5GZnZN4jyfeatCc=,qAU+DEYg37IiAA7dZsnEfkW38CM=
199,131,t5Lv4oW/oHGq5GZnZN4jyfeatCc=,QqoGMzW1BydAhuGn42Qyq1Fo3R0=
200,131,t5Lv4oW/oHGq5GZnZN4jyfeatCc=,qAU+DEYg37IiAA7dZsnEfkW38CM=
203,130,t5Lv4oW/oHGq5GZnZN4jyfeatCc=,qAU+DEYg37IiAA7dZsnEfkW38CM=
203,131,t5Lv4oW/oHGq5GZnZN4jyfeatCc=,qAU+DEYg37IiAA7dZsnEfkW38CM=
201,131,t5Lv4oW/oHGq5GZnZN4jyfeatCc=,qAU+DEYg37IiAA7dZsnEfkW38CM=
202,131,t5Lv4oW/oHGq5GZnZN4jyfeatCc=,qAU+DEYg37IiAA7dZsnEfkW38CM=
200,128,t5Lv4oW/oHGq5GZnZN4jyfeatCc=,qAU+DEYg37IiAA7dZsnEfkW38CM=
199,129,t5Lv4oW/oHGq5GZnZN4jyfeatCc=,QqoGMzW1BydAhuGn42Qyq1Fo3R0=
198,128,t5Lv4oW/oHGq5GZnZN4jyfeatCc=,QqoGMzW1BydAhuGn42Qyq1Fo3R0=
199,130,t5Lv4oW/oHGq5GZnZN4jyfeatCc=,QqoGMzW1BydAhuGn42Qyq1Fo3R0=
197,128,t5Lv4oW/oHGq5GZnZN4jyfeatCc=,QqoGMzW1BydAhuGn42Qyq1Fo3R0=
201,132,t5Lv4oW/oHGq5GZnZN4jyfeatCc=,qAU+DEYg37IiAA7dZsnEfkW38CM=
200,132,t5Lv4oW/oHGq5GZnZN4jyfeatCc=,qAU+DEYg37IiAA7dZsnEfkW38CM=
199,128,t5Lv4oW/oHGq5GZnZN4jyfeatCc=,QqoGMzW1BydAhuGn42Qyq1Fo3R0=
199,133,t5Lv4oW/oHGq5GZnZN4jyfeatCc=,QqoGMzW1BydAhuGn42Qyq1Fo3R0=
199,135,QyBQVhCs2/iCUoB4UrByiBbu00M=,QqoGMzW1BydAhuGn42Qyq1Fo3R0=
203,132,t5Lv4oW/oHGq5GZnZN4jyfeatCc=,qAU+DEYg37IiAA7dZsnEfkW38CM=
202,132,t5Lv4oW/oHGq5GZnZN4jyfeatCc=,qAU+DEYg37IiAA7dZsnEfkW38CM=
201,133,t5Lv4oW/oHGq5GZnZN4jyfeatCc=,qAU+DEYg37IiAA7dZsnEfkW38CM=
200,133,t5Lv4oW/oHGq5GZnZN4jyfeatCc=,qAU+DEYg37IiAA7dZsnEfkW38CM=
199,132,t5Lv4oW/oHGq5GZnZN4jyfeatCc=,QqoGMzW1BydAhuGn42Qyq1Fo3R0=
203,135,t5Lv4oW/oHGq5GZnZN4jyfeatCc=,qAU+DEYg37IiAA7dZsnEfkW38CM=
202,133,t5Lv4oW/oHGq5GZnZN4jyfeatCc=,qAU+DEYg37IiAA7dZsnEfkW38CM=
203,133,t5Lv4oW/oHGq5GZnZN4jyfeatCc=,qAU+DEYg37IiAA7dZsnEfkW38CM=
199,134,t5Lv4oW/oHGq5GZnZN4jyfeatCc=,QqoGMzW1BydAhuGn42Qyq1Fo3R0=
200,134,t5Lv4oW/oHGq5GZnZN4jyfeatCc=,qAU+DEYg37IiAA7dZsnEfkW38CM=
201,134,t5Lv4oW/oHGq5GZnZN4jyfeatCc=,qAU+DEYg37IiAA7dZsnEfkW38CM=
202,135,t5Lv4oW/oHGq5GZnZN4jyfeatCc=,qAU+DEYg37IiAA7dZsnEfkW38CM=
200,135,t5Lv4oW/oHGq5GZnZN4jyfeatCc=,qAU+DEYg37IiAA7dZsnEfkW38CM=
202,134,t5Lv4oW/oHGq5GZnZN4jyfeatCc=,qAU+DEYg37IiAA7dZsnEfkW38CM=
198,132,t5Lv4oW/oHGq5GZnZN4jyfeatCc=,QqoGMzW1BydAhuGn42Qyq1Fo3R0=
203,134,t5Lv4oW/oHGq5GZnZN4jyfeatCc=,qAU+DEYg37IiAA7dZsnEfkW38CM=
201,135,t5Lv4oW/oHGq5GZnZN4jyfeatCc=,qAU+DEYg37IiAA7dZsnEfkW38CM=
201,136,QyBQVhCs2/iCUoB4UrByiBbu00M=,Js4DHjOaDZqwLeKhDLWawUkJe8M=
202,136,34JEaddHnKr8BtAeeTX7sHlyj90=,Js4DHjOaDZqwLeKhDLWawUkJe8M=
197,132,t5Lv4oW/oHGq5GZnZN4jyfeatCc=,QqoGMzW1BydAhuGn42Qyq1Fo3R0=
197,134,1BdiXYIGh+itPEPo2IfEeUPo3Ds=,QqoGMzW1BydAhuGn42Qyq1Fo3R0=
196,134,1BdiXYIGh+itPEPo2IfEeUPo3Ds=,QqoGMzW1BydAhuGn42Qyq1Fo3R0=
198,134,1BdiXYIGh+itPEPo2IfEeUPo3Ds=,QqoGMzW1BydAhuGn42Qyq1Fo3R0=
196,132,1BdiXYIGh+itPEPo2IfEeUPo3Ds=,QqoGMzW1BydAhuGn42Qyq1Fo3R0=
198,135,t5Lv4oW/oHGq5GZnZN4jyfeatCc=,QqoGMzW1BydAhuGn42Qyq1Fo3R0=
196,137,1BdiXYIGh+itPEPo2IfEeUPo3Ds=,wW1Wldbx9Fz44A2LoJTRaMfRBCA=
197,137,qvDyAyFDJcnjQt0T5Muiyhp0GKQ=,wW1Wldbx9Fz44A2LoJTRaMfRBCA=
203,136,1BdiXYIGh+itPEPo2IfEeUPo3Ds=,Js4DHjOaDZqwLeKhDLWawUkJe8M=
197,135,QyBQVhCs2/iCUoB4UrByiBbu00M=,QqoGMzW1BydAhuGn42Qyq1Fo3R0=
198,137,qvDyAyFDJcnjQt0T5Muiyhp0GKQ=,wW1Wldbx9Fz44A2LoJTRaMfRBCA=
196,135,QyBQVhCs2/iCUoB4UrByiBbu00M=,QqoGMzW1BydAhuGn42Qyq1Fo3R0=
200,141,t5Lv4oW/oHGq5GZnZN4jyfeatCc=,Js4DHjOaDZqwLeKhDLWawUkJe8M=
197,133,qvDyAyFDJcnjQt0T5Muiyhp0GKQ=,QqoGMzW1BydAhuGn42Qyq1Fo3R0=
198,133,qvDyAyFDJcnjQt0T5Muiyhp0GKQ=,QqoGMzW1BydAhuGn42Qyq1Fo3R0=
207,135,1BdiXYIGh+itPEPo2IfEeUPo3Ds=,qAU+DEYg37IiAA7dZsnEfkW38CM=
201,141,t5Lv4oW/oHGq5GZnZN4jyfeatCc=,Js4DHjOaDZqwLeKhDLWawUkJe8M=
196,133,t5Lv4oW/oHGq5GZnZN4jyfeatCc=,QqoGMzW1BydAhuGn42Qyq1Fo3R0=
202,141,t5Lv4oW/oHGq5GZnZN4jyfeatCc=,Js4DHjOaDZqwLeKhDLWawUkJe8M=
207,139,qvDyAyFDJcnjQt0T5Muiyhp0GKQ=,Js4DHjOaDZqwLeKhDLWawUkJe8M=
196,138,1BdiXYIGh+itPEPo2IfEeUPo3Ds=,wW1Wldbx9Fz44A2LoJTRaMfRBCA=
207,136,qvDyAyFDJcnjQt0T5Muiyhp0GKQ=,Js4DHjOaDZqwLeKhDLWawUkJe8M=
203,141,t5Lv4oW/oHGq5GZnZN4jyfeatCc=,Js4DHjOaDZqwLeKhDLWawUkJe8M=
207,138,qvDyAyFDJcnjQt0T5Muiyhp0GKQ=,Js4DHjOaDZqwLeKhDLWawUkJe8M=
205,135,1BdiXYIGh+itPEPo2IfEeUPo3Ds=,qAU+DEYg37IiAA7dZsnEfkW38CM=
200,142,t5Lv4oW/oHGq5GZnZN4jyfeatCc=,Js4DHjOaDZqwLeKhDLWawUkJe8M=
197,138,1BdiXYIGh+itPEPo2IfEeUPo3Ds=,wW1Wldbx9Fz44A2LoJTRaMfRBCA=
207,137,qvDyAyFDJcnjQt0T5Muiyhp0GKQ=,Js4DHjOaDZqwLeKhDLWawUkJe8M=
201,142,t5Lv4oW/oHGq5GZnZN4jyfeatCc=,Js4DHjOaDZqwLeKhDLWawUkJe8M=
198,138,1BdiXYIGh+itPEPo2IfEeUPo3Ds=,wW1Wldbx9Fz44A2LoJTRaMfRBCA=
204,137,jXLj3rlC3FTRIouSsm4/WD9gisw=,Js4DHjOaDZqwLeKhDLWawUkJe8M=
206,135,1BdiXYIGh+itPEPo2IfEeUPo3Ds=,qAU+DEYg37IiAA7dZsnEfkW38CM=
205,134,qvDyAyFDJcnjQt0T5Muiyhp0GKQ=,qAU+DEYg37IiAA7dZsnEfkW38CM=
204,134,qvDyAyFDJcnjQt0T5Muiyhp0GKQ=,qAU+DEYg37IiAA7dZsnEfkW38CM=
204,136,jXLj3rlC3FTRIouSsm4/WD9gisw=,Js4DHjOaDZqwLeKhDLWawUkJe8M=
205,137,t5Lv4oW/oHGq5GZnZN4jyfeatCc=,Js4DHjOaDZqwLeKhDLWawUkJe8M=
202,142,t5Lv4oW/oHGq5GZnZN4jyfeatCc=,Js4DHjOaDZqwLeKhDLWawUkJe8M=
204,138,t5Lv4oW/oHGq5GZnZN4jyfeatCc=,Js4DHjOaDZqwLeKhDLWawUkJe8M=
203,142,t5Lv4oW/oHGq5GZnZN4jyfeatCc=,Js4DHjOaDZqwLeKhDLWawUkJe8M=
206,136,t5Lv4oW/oHGq5GZnZN4jyfeatCc=,Js4DHjOaDZqwLeKhDLWawUkJe8M=
205,138,t5Lv4oW/oHGq5GZnZN4jyfeatCc=,Js4DHjOaDZqwLeKhDLWawUkJe8M=
197,139,1BdiXYIGh+itPEPo2IfEeUPo3Ds=,wW1Wldbx9Fz44A2LoJTRaMfRBCA=
198,139,1BdiXYIGh+itPEPo2IfEeUPo3Ds=,wW1Wldbx9Fz44A2LoJTRaMfRBCA=
200,143,t5Lv4oW/oHGq5GZnZN4jyfeatCc=,Js4DHjOaDZqwLeKhDLWawUkJe8M=
206,134,jXLj3rlC3FTRIouSsm4/WD9gisw=,qAU+DEYg37IiAA7dZsnEfkW38CM=
196,139,1BdiXYIGh+itPEPo2IfEeUPo3Ds=,wW1Wldbx9Fz44A2LoJTRaMfRBCA=
206,137,t5Lv4oW/oHGq5GZnZN4jyfeatCc=,Js4DHjOaDZqwLeKhDLWawUkJe8M=
206,138,t5Lv4oW/oHGq5GZnZN4jyfeatCc=,Js4DHjOaDZqwLeKhDLWawUkJe8M=
206,139,t5Lv4oW/oHGq5GZnZN4jyfeatCc=,Js4DHjOaDZqwLeKhDLWawUkJe8M=
201,143,t5Lv4oW/oHGq5GZnZN4jyfeatCc=,Js4DHjOaDZqwLeKhDLWawUkJe8M=
196,140,t5Lv4oW/oHGq5GZnZN4jyfeatCc=,wW1Wldbx9Fz44A2LoJTRaMfRBCA=
197,140,t5Lv4oW/oHGq5GZnZN4jyfeatCc=,wW1Wldbx9Fz44A2LoJTRaMfRBCA=
205,139,t5Lv4oW/oHGq5GZnZN4jyfeatCc=,Js4DHjOaDZqwLeKhDLWawUkJe8M=
204,139,t5Lv4oW/oHGq5GZnZN4jyfeatCc=,Js4DHjOaDZqwLeKhDLWawUkJe8M=
198,140,t5Lv4oW/oHGq5GZnZN4jyfeatCc=,wW1Wldbx9Fz44A2LoJTRaMfRBCA=
197,141,t5Lv4oW/oHGq5GZnZN4jyfeatCc=,wW1Wldbx9Fz44A2LoJTRaMfRBCA=
196,142,t5Lv4oW/oHGq5GZnZN4jyfeatCc=,wW1Wldbx9Fz44A2LoJTRaMfRBCA=
196,141,t5Lv4oW/oHGq5GZnZN4jyfeatCc=,wW1Wldbx9Fz44A2LoJTRaMfRBCA=
207,134,jXLj3rlC3FTRIouSsm4/WD9gisw=,qAU+DEYg37IiAA7dZsnEfkW38CM=
200,137,QyBQVhCs2/iCUoB4UrByiBbu00M=,Js4DHjOaDZqwLeKhDLWawUkJe8M=
205,136,t5Lv4oW/oHGq5GZnZN4jyfeatCc=,Js4DHjOaDZqwLeKhDLWawUkJe8M=
204,135,qvDyAyFDJcnjQt0T5Muiyhp0GKQ=,qAU+DEYg37IiAA7dZsnEfkW38CM=
197,142,t5Lv4oW/oHGq5GZnZN4jyfeatCc=,wW1Wldbx9Fz44A2LoJTRaMfRBCA=
198,141,t5Lv4oW/oHGq5GZnZN4jyfeatCc=,wW1Wldbx9Fz44A2LoJTRaMfRBCA=
196,136,1BdiXYIGh+itPEPo2IfEeUPo3Ds=,wW1Wldbx9Fz44A2LoJTRaMfRBCA=
204,132,1BdiXYIGh+itPEPo2IfEeUPo3Ds=,qAU+DEYg37IiAA7dZsnEfkW38CM=
207,133,t5Lv4oW/oHGq5GZnZN4jyfeatCc=,qAU+DEYg37IiAA7dZsnEfkW38CM=
198,142,t5Lv4oW/oHGq5GZnZN4jyfeatCc=,wW1Wldbx9Fz44A2LoJTRaMfRBCA=
197,136,1BdiXYIGh+itPEPo2IfEeUPo3Ds=,wW1Wldbx9Fz44A2LoJTRaMfRBCA=
201,137,34JEaddHnKr8BtAeeTX7sHlyj90=,Js4DHjOaDZqwLeKhDLWawUkJe8M=
206,133,t5Lv4oW/oHGq5GZnZN4jyfeatCc=,qAU+DEYg37IiAA7dZsnEfkW38CM=
200,136,1BdiXYIGh+itPEPo2IfEeUPo3Ds=,Js4DHjOaDZqwLeKhDLWawUkJe8M=
202,143,t5Lv4oW/oHGq5GZnZN4jyfeatCc=,Js4DHjOaDZqwLeKhDLWawUkJe8M=
205,133,t5Lv4oW/oHGq5GZnZN4jyfeatCc=,qAU+DEYg37IiAA7dZsnEfkW38CM=
204,133,t5Lv4oW/oHGq5GZnZN4jyfeatCc=,qAU+DEYg37IiAA7dZsnEfkW38CM=
203,143,t5Lv4oW/oHGq5GZnZN4jyfeatCc=,Js4DHjOaDZqwLeKhDLWawUkJe8M=
205,132,1BdiXYIGh+itPEPo2IfEeUPo3Ds=,qAU+DEYg37IiAA7dZsnEfkW38CM=
207,132,jXLj3rlC3FTRIouSsm4/WD9gisw=,qAU+DEYg37IiAA7dZsnEfkW38CM=
199,143,t5Lv4oW/oHGq5GZnZN4jyfeatCc=,wW1Wldbx9Fz44A2LoJTRaMfRBCA=
206,132,qvDyAyFDJcnjQt0T5Muiyhp0GKQ=,qAU+DEYg37IiAA7dZsnEfkW38CM=
202,137,QyBQVhCs2/iCUoB4UrByiBbu00M=,Js4DHjOaDZqwLeKhDLWawUkJe8M=
198,136,1BdiXYIGh+itPEPo2IfEeUPo3Ds=,wW1Wldbx9Fz44A2LoJTRaMfRBCA=
198,143,t5Lv4oW/oHGq5GZnZN4jyfeatCc=,wW1Wldbx9Fz44A2LoJTRaMfRBCA=
203,140,t5Lv4oW/oHGq5GZnZN4jyfeatCc=,Js4DHjOaDZqwLeKhDLWawUkJe8M=
196,143,t5Lv4oW/oHGq5GZnZN4jyfeatCc=,wW1Wldbx9Fz44A2LoJTRaMfRBCA=
197,143,t5Lv4oW/oHGq5GZnZN4jyfeatCc=,wW1Wldbx9Fz44A2LoJTRaMfRBCA=
200,138,QyBQVhCs2/iCUoB4UrByiBbu00M=,Js4DHjOaDZqwLeKhDLWawUkJe8M=
202,140,t5Lv4oW/oHGq5GZnZN4jyfeatCc=,Js4DHjOaDZqwLeKhDLWawUkJe8M=
199,138,1BdiXYIGh+itPEPo2IfEeUPo3Ds=,wW1Wldbx9Fz44A2LoJTRaMfRBCA=
199,137,qvDyAyFDJcnjQt0T5Muiyhp0GKQ=,wW1Wldbx9Fz44A2LoJTRaMfRBCA=
201,138,34JEaddHnKr8BtAeeTX7sHlyj90=,Js4DHjOaDZqwLeKhDLWawUkJe8M=
202,138,1BdiXYIGh+itPEPo2IfEeUPo3Ds=,Js4DHjOaDZqwLeKhDLWawUkJe8M=
203,138,1BdiXYIGh+itPEPo2IfEeUPo3Ds=,Js4DHjOaDZqwLeKhDLWawUkJe8M=
201,140,t5Lv4oW/oHGq5GZnZN4jyfeatCc=,Js4DHjOaDZqwLeKhDLWawUkJe8M=
199,139,1BdiXYIGh+itPEPo2IfEeUPo3Ds=,wW1Wldbx9Fz44A2LoJTRaMfRBCA=
199,140,t5Lv4oW/oHGq5GZnZN4jyfeatCc=,wW1Wldbx9Fz44A2LoJTRaMfRBCA=
200,139,QyBQVhCs2/iCUoB4UrByiBbu00M=,Js4DHjOaDZqwLeKhDLWawUkJe8M=
201,139,1BdiXYIGh+itPEPo2IfEeUPo3Ds=,Js4DHjOaDZqwLeKhDLWawUkJe8M=
199,141,t5Lv4oW/oHGq5GZnZN4jyfeatCc=,wW1Wldbx9Fz44A2LoJTRaMfRBCA=
202,139,1BdiXYIGh+itPEPo2IfEeUPo3Ds=,Js4DHjOaDZqwLeKhDLWawUkJe8M=
203,139,1BdiXYIGh+itPEPo2IfEeUPo3Ds=,Js4DHjOaDZqwLeKhDLWawUkJe8M=
199,142,t5Lv4oW/oHGq5GZnZN4jyfeatCc=,wW1Wldbx9Fz44A2LoJTRaMfRBCA=
203,137,QyBQVhCs2/iCUoB4UrByiBbu00M=,Js4DHjOaDZqwLeKhDLWawUkJe8M=
200,140,t5Lv4oW/oHGq5GZnZN4jyfeatCc=,Js4DHjOaDZqwLeKhDLWawUkJe8M=
199,136,1BdiXYIGh+itPEPo2IfEeUPo3Ds=,wW1Wldbx9Fz44A2LoJTRaMfRBCA=
207,143,t5Lv4oW/oHGq5GZnZN4jyfeatCc=,Js4DHjOaDZqwLeKhDLWawUkJe8M=
207,142,t5Lv4oW/oHGq5GZnZN4jyfeatCc=,Js4DHjOaDZqwLeKhDLWawUkJe8M=
207,141,t5Lv4oW/oHGq5GZnZN4jyfeatCc=,Js4DHjOaDZqwLeKhDLWawUkJe8M=
207,140,t5Lv4oW/oHGq5GZnZN4jyfeatCc=,Js4DHjOaDZqwLeKhDLWawUkJe8M=
204,141,t5Lv4oW/oHGq5GZnZN4jyfeatCc=,Js4DHjOaDZqwLeKhDLWawUkJe8M=
206,141,t5Lv4oW/oHGq5GZnZN4jyfeatCc=,Js4DHjOaDZqwLeKhDLWawUkJe8M=
205,141,t5Lv4oW/oHGq5GZnZN4jyfeatCc=,Js4DHjOaDZqwLeKhDLWawUkJe8M=
206,143,t5Lv4oW/oHGq5GZnZN4jyfeatCc=,Js4DHjOaDZqwLeKhDLWawUkJe8M=
205,143,t5Lv4oW/oHGq5GZnZN4jyfeatCc=,Js4DHjOaDZqwLeKhDLWawUkJe8M=
204,143,t5Lv4oW/oHGq5GZnZN4jyfeatCc=,Js4DHjOaDZqwLeKhDLWawUkJe8M=
205,140,t5Lv4oW/oHGq5GZnZN4jyfeatCc=,Js4DHjOaDZqwLeKhDLWawUkJe8M=
204,142,t5Lv4oW/oHGq5GZnZN4jyfeatCc=,Js4DHjOaDZqwLeKhDLWawUkJe8M=
204,140,t5Lv4oW/oHGq5GZnZN4jyfeatCc=,Js4DHjOaDZqwLeKhDLWawUkJe8M=
206,140,t5Lv4oW/oHGq5GZnZN4jyfeatCc=,Js4DHjOaDZqwLeKhDLWawUkJe8M=
206,142,t5Lv4oW/oHGq5GZnZN4jyfeatCc=,Js4DHjOaDZqwLeKhDLWawUkJe8M=
205,142,t5Lv4oW/oHGq5GZnZN4jyfeatCc=,Js4DHjOaDZqwLeKhDLWawUkJe8M=
195,143,t5Lv4oW/oHGq5GZnZN4jyfeatCc=,wW1Wldbx9Fz44A2LoJTRaMfRBCA=
192,140,t5Lv4oW/oHGq5GZnZN4jyfeatCc=,wW1Wldbx9Fz44A2LoJTRaMfRBCA=
192,143,t5Lv4oW/oHGq5GZnZN4jyfeatCc=,wW1Wldbx9Fz44A2LoJTRaMfRBCA=
194,143,t5Lv4oW/oHGq5GZnZN4jyfeatCc=,wW1Wldbx9Fz44A2LoJTRaMfRBCA=
193,140,t5Lv4oW/oHGq5GZnZN4jyfeatCc=,wW1Wldbx9Fz44A2LoJTRaMfRBCA=
192,141,t5Lv4oW/oHGq5GZnZN4jyfeatCc=,wW1Wldbx9Fz44A2LoJTRaMfRBCA=
193,143,t5Lv4oW/oHGq5GZnZN4jyfeatCc=,wW1Wldbx9Fz44A2LoJTRaMfRBCA=
195,140,t5Lv4oW/oHGq5GZnZN4jyfeatCc=,wW1Wldbx9Fz44A2LoJTRaMfRBCA=
195,142,t5Lv4oW/oHGq5GZnZN4jyfeatCc=,wW1Wldbx9Fz44A2LoJTRaMfRBCA=
192,142,t5Lv4oW/oHGq5GZnZN4jyfeatCc=,wW1Wldbx9Fz44A2LoJTRaMfRBCA=
194,140,t5Lv4oW/oHGq5GZnZN4jyfeatCc=,wW1Wldbx9Fz44A2LoJTRaMfRBCA=
194,142,t5Lv4oW/oHGq5GZnZN4jyfeatCc=,wW1Wldbx9Fz44A2LoJTRaMfRBCA=
193,141,t5Lv4oW/oHGq5GZnZN4jyfeatCc=,wW1Wldbx9Fz44A2LoJTRaMfRBCA=
192,136,t5Lv4oW/oHGq5GZnZN4jyfeatCc=,wW1Wldbx9Fz44A2LoJTRaMfRBCA=
194,131,t5Lv4oW/oHGq5GZnZN4jyfeatCc=,QqoGMzW1BydAhuGn42Qyq1Fo3R0=
192,135,t5Lv4oW/oHGq5GZnZN4jyfeatCc=,QqoGMzW1BydAhuGn42Qyq1Fo3R0=
193,142,t5Lv4oW/oHGq5GZnZN4jyfeatCc=,wW1Wldbx9Fz44A2LoJTRaMfRBCA=
193,131,t5Lv4oW/oHGq5GZnZN4jyfeatCc=,QqoGMzW1BydAhuGn42Qyq1Fo3R0=
192,139,t5Lv4oW/oHGq5GZnZN4jyfeatCc=,wW1Wldbx9Fz44A2LoJTRaMfRBCA=
193,137,t5Lv4oW/oHGq5GZnZN4jyfeatCc=,wW1Wldbx9Fz44A2LoJTRaMfRBCA=
195,141,t5Lv4oW/oHGq5GZnZN4jyfeatCc=,wW1Wldbx9Fz44A2LoJTRaMfRBCA=
194,141,t5Lv4oW/oHGq5GZnZN4jyfeatCc=,wW1Wldbx9Fz44A2LoJTRaMfRBCA=
193,138,t5Lv4oW/oHGq5GZnZN4jyfeatCc=,wW1Wldbx9Fz44A2LoJTRaMfRBCA=
192,138,t5Lv4oW/oHGq5GZnZN4jyfeatCc=,wW1Wldbx9Fz44A2LoJTRaMfRBCA=
195,137,t5Lv4oW/oHGq5GZnZN4jyfeatCc=,wW1Wldbx9Fz44A2LoJTRaMfRBCA=
194,137,t5Lv4oW/oHGq5GZnZN4jyfeatCc=,wW1Wldbx9Fz44A2LoJTRaMfRBCA=
192,128,t5Lv4oW/oHGq5GZnZN4jyfeatCc=,QqoGMzW1BydAhuGn42Qyq1Fo3R0=
195,131,t5Lv4oW/oHGq5GZnZN4jyfeatCc=,QqoGMzW1BydAhuGn42Qyq1Fo3R0=
192,132,t5Lv4oW/oHGq5GZnZN4jyfeatCc=,QqoGMzW1BydAhuGn42Qyq1Fo3R0=
192,137,t5Lv4oW/oHGq5GZnZN4jyfeatCc=,wW1Wldbx9Fz44A2LoJTRaMfRBCA=
195,138,t5Lv4oW/oHGq5GZnZN4jyfeatCc=,wW1Wldbx9Fz44A2LoJTRaMfRBCA=
195,134,t5Lv4oW/oHGq5GZnZN4jyfeatCc=,QqoGMzW1BydAhuGn42Qyq1Fo3R0=
192,133,t5Lv4oW/oHGq5GZnZN4jyfeatCc=,QqoGMzW1BydAhuGn42Qyq1Fo3R0=
194,139,t5Lv4oW/oHGq5GZnZN4jyfeatCc=,wW1Wldbx9Fz44A2LoJTRaMfRBCA=
193,139,t5Lv4oW/oHGq5GZnZN4jyfeatCc=,wW1Wldbx9Fz44A2LoJTRaMfRBCA=
195,136,t5Lv4oW/oHGq5GZnZN4jyfeatCc=,wW1Wldbx9Fz44A2LoJTRaMfRBCA=
194,134,t5Lv4oW/oHGq5GZnZN4jyfeatCc=,QqoGMzW1BydAhuGn42Qyq1Fo3R0=
195,139,t5Lv4oW/oHGq5GZnZN4jyfeatCc=,wW1Wldbx9Fz44A2LoJTRaMfRBCA=
194,138,t5Lv4oW/oHGq5GZnZN4jyfeatCc=,wW1Wldbx9Fz44A2LoJTRaMfRBCA=
192,134,t5Lv4oW/oHGq5GZnZN4jyfeatCc=,QqoGMzW1BydAhuGn42Qyq1Fo3R0=
193,134,t5Lv4oW/oHGq5GZnZN4jyfeatCc=,QqoGMzW1BydAhuGn42Qyq1Fo3R0=
194,136,t5Lv4oW/oHGq5GZnZN4jyfeatCc=,wW1Wldbx9Fz44A2LoJTRaMfRBCA=
193,136,t5Lv4oW/oHGq5GZnZN4jyfeatCc=,wW1Wldbx9Fz44A2LoJTRaMfRBCA=
194,129,t5Lv4oW/oHGq5GZnZN4jyfeatCc=,QqoGMzW1BydAhuGn42Qyq1Fo3R0=
193,130,t5Lv4oW/oHGq5GZnZN4jyfeatCc=,QqoGMzW1BydAhuGn42Qyq1Fo3R0=
193,129,t5Lv4oW/oHGq5GZnZN4jyfeatCc=,QqoGMzW1BydAhuGn42Qyq1Fo3R0=
192,131,t5Lv4oW/oHGq5GZnZN4jyfeatCc=,QqoGMzW1BydAhuGn42Qyq1Fo3R0=
192,129,t5Lv4oW/oHGq5GZnZN4jyfeatCc=,QqoGMzW1BydAhuGn42Qyq1Fo3R0=
195,129,t5Lv4oW/oHGq5GZnZN4jyfeatCc=,QqoGMzW1BydAhuGn42Qyq1Fo3R0=
195,132,t5Lv4oW/oHGq5GZnZN4jyfeatCc=,QqoGMzW1BydAhuGn42Qyq1Fo3R0=
194,132,t5Lv4oW/oHGq5GZnZN4jyfeatCc=,QqoGMzW1BydAhuGn42Qyq1Fo3R0=
195,133,t5Lv4oW/oHGq5GZnZN4jyfeatCc=,QqoGMzW1BydAhuGn42Qyq1Fo3R0=
192,130,t5Lv4oW/oHGq5GZnZN4jyfeatCc=,QqoGMzW1BydAhuGn42Qyq1Fo3R0=
195,135,t5Lv4oW/oHGq5GZnZN4jyfeatCc=,QqoGMzW1BydAhuGn42Qyq1Fo3R0=
193,133,t5Lv4oW/oHGq5GZnZN4jyfeatCc=,QqoGMzW1BydAhuGn42Qyq1Fo3R0=
194,133,t5Lv4oW/oHGq5GZnZN4jyfeatCc=,QqoGMzW1BydAhuGn42Qyq1Fo3R0=
194,128,t5Lv4oW/oHGq5GZnZN4jyfeatCc=,QqoGMzW1BydAhuGn42Qyq1Fo3R0=
195,128,t5Lv4oW/oHGq5GZnZN4jyfeatCc=,QqoGMzW1BydAhuGn42Qyq1Fo3R0=
193,132,t5Lv4oW/oHGq5GZnZN4jyfeatCc=,QqoGMzW1BydAhuGn42Qyq1Fo3R0=
194,135,t5Lv4oW/oHGq5GZnZN4jyfeatCc=,QqoGMzW1BydAhuGn42Qyq1Fo3R0=
194,130,t5Lv4oW/oHGq5GZnZN4jyfeatCc=,QqoGMzW1BydAhuGn42Qyq1Fo3R0=
195,130,t5Lv4oW/oHGq5GZnZN4jyfeatCc=,QqoGMzW1BydAhuGn42Qyq1Fo3R0=
193,128,t5Lv4oW/oHGq5GZnZN4jyfeatCc=,QqoGMzW1BydAhuGn42Qyq1Fo3R0=
193,135,t5Lv4oW/oHGq5GZnZN4jyfeatCc=,QqoGMzW1BydAhuGn42Qyq1Fo3R0=
207,128,t5Lv4oW/oHGq5GZnZN4jyfeatCc=,qAU+DEYg37IiAA7dZsnEfkW38CM=
206,128,t5Lv4oW/oHGq5GZnZN4jyfeatCc=,qAU+DEYg37IiAA7dZsnEfkW38CM=
204,128,t5Lv4oW/oHGq5GZnZN4jyfeatCc=,qAU+DEYg37IiAA7dZsnEfkW38CM=
204,129,t5Lv4oW/oHGq5GZnZN4jyfeatCc=,qAU+DEYg37IiAA7dZsnEfkW38CM=
205,128,t5Lv4oW/oHGq5GZnZN4jyfeatCc=,qAU+DEYg37IiAA7dZsnEfkW38CM=
207,131,t5Lv4oW/oHGq5GZnZN4jyfeatCc=,qAU+DEYg37IiAA7dZsnEfkW38CM=
205,129,t5Lv4oW/oHGq5GZnZN4jyfeatCc=,qAU+DEYg37IiAA7dZsnEfkW38CM=
207,129,t5Lv4oW/oHGq5GZnZN4jyfeatCc=,qAU+DEYg37IiAA7dZsnEfkW38CM=
206,129,t5Lv4oW/oHGq5GZnZN4jyfeatCc=,qAU+DEYg37IiAA7dZsnEfkW38CM=
204,130,t5Lv4oW/oHGq5GZnZN4jyfeatCc=,qAU+DEYg37IiAA7dZsnEfkW38CM=
206,130,t5Lv4oW/oHGq5GZnZN4jyfeatCc=,qAU+DEYg37IiAA7dZsnEfkW38CM=
205,130,t5Lv4oW/oHGq5GZnZN4jyfeatCc=,qAU+DEYg37IiAA7dZsnEfkW38CM=
206,131,t5Lv4oW/oHGq5GZnZN4jyfeatCc=,qAU+DEYg37IiAA7dZsnEfkW38CM=
207,130,t5Lv4oW/oHGq5GZnZN4jyfeatCc=,qAU+DEYg37IiAA7dZsnEfkW38CM=
205,131,t5Lv4oW/oHGq5GZnZN4jyfeatCc=,qAU+DEYg37IiAA7dZsnEfkW38CM=
204,131,t5Lv4oW/oHGq5GZnZN4jyfeatCc=,qAU+DEYg37IiAA7dZsnEfkW38CM=
202,151,Odm83ex3u1oDPH3wlDAweTwmXu8=,79NpS1LKAwnYDJ0oLJ0F+R4nB5s=
199,153,w7gVIcA332d/q6oQlBwd1Q6qoxc=,hgTrHOfSdhrTFZqZ5lEw0Iho1O4=
199,154,wmw9i1iYl9TplUXPaWt5lMFFX98=,hgTrHOfSdhrTFZqZ5lEw0Iho1O4=
196,153,nqMniKDRjcZsx/2UmmeFizUJ/no=,hgTrHOfSdhrTFZqZ5lEw0Iho1O4=
203,155,Odm83ex3u1oDPH3wlDAweTwmXu8=,kcxVgETIZN/8BXGociBpDeZAnS4=
203,151,I38r9VwWDEsV9t3JYra+JrV3q4E=,79NpS1LKAwnYDJ0oLJ0F+R4nB5s=
197,153,nqMniKDRjcZsx/2UmmeFizUJ/no=,hgTrHOfSdhrTFZqZ5lEw0Iho1O4=
202,155,b7/UPoP8GLzeJaaD2INrs36LVYk=,kcxVgETIZN/8BXGociBpDeZAnS4=
201,151,Odm83ex3u1oDPH3wlDAweTwmXu8=,79NpS1LKAwnYDJ0oLJ0F+R4nB5s=
200,151,Odm83ex3u1oDPH3wlDAweTwmXu8=,79NpS1LKAwnYDJ0oLJ0F+R4nB5s=
197,154,nqMniKDRjcZsx/2UmmeFizUJ/no=,hgTrHOfSdhrTFZqZ5lEw0Iho1O4=
201,155,wmw9i1iYl9TplUXPaWt5lMFFX98=,kcxVgETIZN/8BXGociBpDeZAnS4=
199,155,wmw9i1iYl9TplUXPaWt5lMFFX98=,hgTrHOfSdhrTFZqZ5lEw0Iho1O4=
198,154,nqMniKDRjcZsx/2UmmeFizUJ/no=,hgTrHOfSdhrTFZqZ5lEw0Iho1O4=
196,154,nqMniKDRjcZsx/2UmmeFizUJ/no=,hgTrHOfSdhrTFZqZ5lEw0Iho1O4=
200,155,wmw9i1iYl9TplUXPaWt5lMFFX98=,kcxVgETIZN/8BXGociBpDeZAnS4=
197,155,nqMniKDRjcZsx/2UmmeFizUJ/no=,hgTrHOfSdhrTFZqZ5lEw0Iho1O4=
198,155,nqMniKDRjcZsx/2UmmeFizUJ/no=,hgTrHOfSdhrTFZqZ5lEw0Iho1O4=
196,155,nqMniKDRjcZsx/2UmmeFizUJ/no=,hgTrHOfSdhrTFZqZ5lEw0Iho1O4=
196,148,wmw9i1iYl9TplUXPaWt5lMFFX98=,Td4ZuNxPW0MaCZfy8Y53UuSeu9I=
198,153,nqMniKDRjcZsx/2UmmeFizUJ/no=,hgTrHOfSdhrTFZqZ5lEw0Iho1O4=
200,152,b7/UPoP8GLzeJaaD2INrs36LVYk=,kcxVgETIZN/8BXGociBpDeZAnS4=
197,148,b7/UPoP8GLzeJaaD2INrs36LVYk=,Td4ZuNxPW0MaCZfy8Y53UuSeu9I=
198,148,wmw9i1iYl9TplUXPaWt5lMFFX98=,Td4ZuNxPW0MaCZfy8Y53UuSeu9I=
201,152,wmw9i1iYl9TplUXPaWt5lMFFX98=,kcxVgETIZN/8BXGociBpDeZAnS4=
198,149,Odm83ex3u1oDPH3wlDAweTwmXu8=,Td4ZuNxPW0MaCZfy8Y53UuSeu9I=
196,152,nqMniKDRjcZsx/2UmmeFizUJ/no=,hgTrHOfSdhrTFZqZ5lEw0Iho1O4=
198,152,nqMniKDRjcZsx/2UmmeFizUJ/no=,hgTrHOfSdhrTFZqZ5lEw0Iho1O4=
196,149,w7gVIcA332d/q6oQlBwd1Q6qoxc=,Td4ZuNxPW0MaCZfy8Y53UuSeu9I=
202,152,wmw9i1iYl9TplUXPaWt5lMFFX98=,kcxVgETIZN/8BXGociBpDeZAnS4=
197,152,nqMniKDRjcZsx/2UmmeFizUJ/no=,hgTrHOfSdhrTFZqZ5lEw0Iho1O4=
197,150,I38r9VwWDEsV9t3JYra+JrV3q4E=,Td4ZuNxPW0MaCZfy8Y53UuSeu9I=
196,150,nqMniKDRjcZsx/2UmmeFizUJ/no=,Td4ZuNxPW0MaCZfy8Y53UuSeu9I=
198,150,b7/UPoP8GLzeJaaD2INrs36LVYk=,Td4ZuNxPW0MaCZfy8Y53UuSeu9I=
203,152,w7gVIcA332d/q6oQlBwd1Q6qoxc=,kcxVgETIZN/8BXGociBpDeZAnS4=
203,154,w7gVIcA332d/q6oQlBwd1Q6qoxc=,kcxVgETIZN/8BXGociBpDeZAnS4=
197,149,wmw9i1iYl9TplUXPaWt5lMFFX98=,Td4ZuNxPW0MaCZfy8Y53UuSeu9I=
197,151,nqMniKDRjcZsx/2UmmeFizUJ/no=,Td4ZuNxPW0MaCZfy8Y53UuSeu9I=
196,151,nqMniKDRjcZsx/2UmmeFizUJ/no=,Td4ZuNxPW0MaCZfy8Y53UuSeu9I=
202,154,w7gVIcA332d/q6oQlBwd1Q6qoxc=,kcxVgETIZN/8BXGociBpDeZAnS4=
198,151,nqMniKDRjcZsx/2UmmeFizUJ/no=,Td4ZuNxPW0MaCZfy8Y53UuSeu9I=
203,150,nqMniKDRjcZsx/2UmmeFizUJ/no=,79NpS1LKAwnYDJ0oLJ0F+R4nB5s=
201,154,I38r9VwWDEsV9t3JYra+JrV3q4E=,kcxVgETIZN/8BXGociBpDeZAnS4=
201,150,nqMniKDRjcZsx/2UmmeFizUJ/no=,79NpS1LKAwnYDJ0oLJ0F+R4nB5s=
202,150,nqMniKDRjcZsx/2UmmeFizUJ/no=,79NpS1LKAwnYDJ0oLJ0F+R4nB5s=
200,150,nqMniKDRjcZsx/2UmmeFizUJ/no=,79NpS1LKAwnYDJ0oLJ0F+R4nB5s=
200,154,nqMniKDRjcZsx/2UmmeFizUJ/no=,kcxVgETIZN/8BXGociBpDeZAnS4=
201,153,nqMniKDRjcZsx/2UmmeFizUJ/no=,kcxVgETIZN/8BXGociBpDeZAnS4=
200,153,nqMniKDRjcZsx/2UmmeFizUJ/no=,kcxVgETIZN/8BXGociBpDeZAnS4=
199,150,nqMniKDRjcZsx/2UmmeFizUJ/no=,Td4ZuNxPW0MaCZfy8Y53UuSeu9I=
202,153,nqMniKDRjcZsx/2UmmeFizUJ/no=,kcxVgETIZN/8BXGociBpDeZAnS4=
202,149,nqMniKDRjcZsx/2UmmeFizUJ/no=,79NpS1LKAwnYDJ0oLJ0F+R4nB5s=
199,149,nqMniKDRjcZsx/2UmmeFizUJ/no=,Td4ZuNxPW0MaCZfy8Y53UuSeu9I=
199,148,nqMniKDRjcZsx/2UmmeFizUJ/no=,Td4ZuNxPW0MaCZfy8Y53UuSeu9I=
203,149,nqMniKDRjcZsx/2UmmeFizUJ/no=,79NpS1LKAwnYDJ0oLJ0F+R4nB5s=
199,151,nqMniKDRjcZsx/2UmmeFizUJ/no=,Td4ZuNxPW0MaCZfy8Y53UuSeu9I=
201,149,nqMniKDRjcZsx/2UmmeFizUJ/no=,79NpS1LKAwnYDJ0oLJ0F+R4nB5s=
200,148,nqMniKDRjcZsx/2UmmeFizUJ/no=,79NpS1LKAwnYDJ0oLJ0F+R4nB5s=
200,149,nqMniKDRjcZsx/2UmmeFizUJ/no=,79NpS1LKAwnYDJ0oLJ0F+R4nB5s=
199,152,nqMniKDRjcZsx/2UmmeFizUJ/no=,hgTrHOfSdhrTFZqZ5lEw0Iho1O4=
201,148,nqMniKDRjcZsx/2UmmeFizUJ/no=,79NpS1LKAwnYDJ0oLJ0F+R4nB5s=
202,148,nqMniKDRjcZsx/2UmmeFizUJ/no=,79NpS1LKAwnYDJ0oLJ0F+R4nB5s=
207,151,wmw9i1iYl9TplUXPaWt5lMFFX98=,79NpS1LKAwnYDJ0oLJ0F+R4nB5s=
203,153,nqMniKDRjcZsx/2UmmeFizUJ/no=,kcxVgETIZN/8BXGociBpDeZAnS4=
203,148,nqMniKDRjcZsx/2UmmeFizUJ/no=,79NpS1LKAwnYDJ0oLJ0F+R4nB5s=
204,151,I38r9VwWDEsV9t3JYra+JrV3q4E=,79NpS1LKAwnYDJ0oLJ0F+R4nB5s=
204,150,w7gVIcA332d/q6oQlBwd1Q6qoxc=,79NpS1LKAwnYDJ0oLJ0F+R4nB5s=
207,152,wmw9i1iYl9TplUXPaWt5lMFFX98=,kcxVgETIZN/8BXGociBpDeZAnS4=
205,151,I38r9VwWDEsV9t3JYra+JrV3q4E=,79NpS1LKAwnYDJ0oLJ0F+R4nB5s=
207,154,wmw9i1iYl9TplUXPaWt5lMFFX98=,kcxVgETIZN/8BXGociBpDeZAnS4=
206,151,wmw9i1iYl9TplUXPaWt5lMFFX98=,79NpS1LKAwnYDJ0oLJ0F+R4nB5s=
207,155,wmw9i1iYl9TplUXPaWt5lMFFX98=,kcxVgETIZN/8BXGociBpDeZAnS4=
207,153,wmw9i1iYl9TplUXPaWt5lMFFX98=,kcxVgETIZN/8BXGociBpDeZAnS4=
204,148,w7gVIcA332d/q6oQlBwd1Q6qoxc=,79NpS1LKAwnYDJ0oLJ0F+R4nB5s=
206,155,w7gVIcA332d/q6oQlBwd1Q6qoxc=,kcxVgETIZN/8BXGociBpDeZAnS4=
205,148,w7gVIcA332d/q6oQlBwd1Q6qoxc=,79NpS1LKAwnYDJ0oLJ0F+R4nB5s=
205,155,I38r9VwWDEsV9t3JYra+JrV3q4E=,kcxVgETIZN/8BXGociBpDeZAnS4=
204,155,nqMniKDRjcZsx/2UmmeFizUJ/no=,kcxVgETIZN/8BXGociBpDeZAnS4=
206,148,wmw9i1iYl9TplUXPaWt5lMFFX98=,79NpS1LKAwnYDJ0oLJ0F+R4nB5s=
207,148,wmw9i1iYl9TplUXPaWt5lMFFX98=,79NpS1LKAwnYDJ0oLJ0F+R4nB5s=
204,149,wmw9i1iYl9TplUXPaWt5lMFFX98=,79NpS1LKAwnYDJ0oLJ0F+R4nB5s=
206,154,wmw9i1iYl9TplUXPaWt5lMFFX98=,kcxVgETIZN/8BXGociBpDeZAnS4=
204,153,w7gVIcA332d/q6oQlBwd1Q6qoxc=,kcxVgETIZN/8BXGociBpDeZAnS4=
205,150,w7gVIcA332d/q6oQlBwd1Q6qoxc=,79NpS1LKAwnYDJ0oLJ0F+R4nB5s=
205,149,wmw9i1iYl9TplUXPaWt5lMFFX98=,79NpS1LKAwnYDJ0oLJ0F+R4nB5s=
205,154,w7gVIcA332d/q6oQlBwd1Q6qoxc=,kcxVgETIZN/8BXGociBpDeZAnS4=
206,149,wmw9i1iYl9TplUXPaWt5lMFFX98=,79NpS1LKAwnYDJ0oLJ0F+R4nB5s=
204,154,w7gVIcA332d/q6oQlBwd1Q6qoxc=,kcxVgETIZN/8BXGociBpDeZAnS4=
204,152,w7gVIcA332d/q6oQlBwd1Q6qoxc=,kcxVgETIZN/8BXGociBpDeZAnS4=
207,149,wmw9i1iYl9TplUXPaWt5lMFFX98=,79NpS1LKAwnYDJ0oLJ0F+R4nB5s=
205,153,I38r9VwWDEsV9t3JYra+JrV3q4E=,kcxVgETIZN/8BXGociBpDeZAnS4=
205,152,w7gVIcA332d/q6oQlBwd1Q6qoxc=,kcxVgETIZN/8BXGociBpDeZAnS4=
206,153,w7gVIcA332d/q6oQlBwd1Q6qoxc=,kcxVgETIZN/8BXGociBpDeZAnS4=
207,150,w7gVIcA332d/q6oQlBwd1Q6qoxc=,79NpS1LKAwnYDJ0oLJ0F+R4nB5s=
206,152,w7gVIcA332d/q6oQlBwd1Q6qoxc=,kcxVgETIZN/8BXGociBpDeZAnS4=
206,150,w7gVIcA332d/q6oQlBwd1Q6qoxc=,79NpS1LKAwnYDJ0oLJ0F+R4nB5s=
207,159,nqMniKDRjcZsx/2UmmeFizUJ/no=,kcxVgETIZN/8BXGociBpDeZAnS4=
207,158,nqMniKDRjcZsx/2UmmeFizUJ/no=,kcxVgETIZN/8BXGociBpDeZAnS4=
207,157,nqMniKDRjcZsx/2UmmeFizUJ/no=,kcxVgETIZN/8BXGociBpDeZAnS4=
207,156,nqMniKDRjcZsx/2UmmeFizUJ/no=,kcxVgETIZN/8BXGociBpDeZAnS4=
206,159,nqMniKDRjcZsx/2UmmeFizUJ/no=,kcxVgETIZN/8BXGociBpDeZAnS4=
204,158,nqMniKDRjcZsx/2UmmeFizUJ/no=,kcxVgETIZN/8BXGociBpDeZAnS4=
205,159,nqMniKDRjcZsx/2UmmeFizUJ/no=,kcxVgETIZN/8BXGociBpDeZAnS4=
205,158,nqMniKDRjcZsx/2UmmeFizUJ/no=,kcxVgETIZN/8BXGociBpDeZAnS4=
204,156,nqMniKDRjcZsx/2UmmeFizUJ/no=,kcxVgETIZN/8BXGociBpDeZAnS4=
206,157,nqMniKDRjcZsx/2UmmeFizUJ/no=,kcxVgETIZN/8BXGociBpDeZAnS4=
206,158,nqMniKDRjcZsx/2UmmeFizUJ/no=,kcxVgETIZN/8BXGociBpDeZAnS4=
204,159,nqMniKDRjcZsx/2UmmeFizUJ/no=,kcxVgETIZN/8BXGociBpDeZAnS4=
205,157,nqMniKDRjcZsx/2UmmeFizUJ/no=,kcxVgETIZN/8BXGociBpDeZAnS4=
206,156,nqMniKDRjcZsx/2UmmeFizUJ/no=,kcxVgETIZN/8BXGociBpDeZAnS4=
204,157,nqMniKDRjcZsx/2UmmeFizUJ/no=,kcxVgETIZN/8BXGociBpDeZAnS4=
205,156,nqMniKDRjcZsx/2UmmeFizUJ/no=,kcxVgETIZN/8BXGociBpDeZAnS4=
198,145,nqMniKDRjcZsx/2UmmeFizUJ/no=,Td4ZuNxPW0MaCZfy8Y53UuSeu9I=
196,146,nqMniKDRjcZsx/2UmmeFizUJ/no=,Td4ZuNxPW0MaCZfy8Y53UuSeu9I=
196,147,nqMniKDRjcZsx/2UmmeFizUJ/no=,Td4ZuNxPW0MaCZfy8Y53UuSeu9I=
197,147,nqMniKDRjcZsx/2UmmeFizUJ/no=,Td4ZuNxPW0MaCZfy8Y53UuSeu9I=
197,146,nqMniKDRjcZsx/2UmmeFizUJ/no=,Td4ZuNxPW0MaCZfy8Y53UuSeu9I=
199,144,nqMniKDRjcZsx/2UmmeFizUJ/no=,Td4ZuNxPW0MaCZfy8Y53UuSeu9I=
198,147,nqMniKDRjcZsx/2UmmeFizUJ/no=,Td4ZuNxPW0MaCZfy8Y53UuSeu9I=
196,145,nqMniKDRjcZsx/2UmmeFizUJ/no=,Td4ZuNxPW0MaCZfy8Y53UuSeu9I=
198,146,nqMniKDRjcZsx/2UmmeFizUJ/no=,Td4ZuNxPW0MaCZfy8Y53UuSeu9I=
200,145,nqMniKDRjcZsx/2UmmeFizUJ/no=,79NpS1LKAwnYDJ0oLJ0F+R4nB5s=
197,145,nqMniKDRjcZsx/2UmmeFizUJ/no=,Td4ZuNxPW0MaCZfy8Y53UuSeu9I=
199,145,nqMniKDRjcZsx/2UmmeFizUJ/no=,Td4ZuNxPW0MaCZfy8Y53UuSeu9I=
201,145,nqMniKDRjcZsx/2UmmeFizUJ/no=,79NpS1LKAwnYDJ0oLJ0F+R4nB5s=
202,145,nqMniKDRjcZsx/2UmmeFizUJ/no=,79NpS1LKAwnYDJ0oLJ0F+R4nB5s=
203,145,nqMniKDRjcZsx/2UmmeFizUJ/no=,79NpS1LKAwnYDJ0oLJ0F+R4nB5s=
201,146,nqMniKDRjcZsx/2UmmeFizUJ/no=,79NpS1LKAwnYDJ0oLJ0F+R4nB5s=
200,146,nqMniKDRjcZsx/2UmmeFizUJ/no=,79NpS1LKAwnYDJ0oLJ0F+R4nB5s=
198,144,nqMniKDRjcZsx/2UmmeFizUJ/no=,Td4ZuNxPW0MaCZfy8Y53UuSeu9I=
202,146,nqMniKDRjcZsx/2UmmeFizUJ/no=,79NpS1LKAwnYDJ0oLJ0F+R4nB5s=
203,146,nqMniKDRjcZsx/2UmmeFizUJ/no=,79NpS1LKAwnYDJ0oLJ0F+R4nB5s=
200,147,nqMniKDRjcZsx/2UmmeFizUJ/no=,79NpS1LKAwnYDJ0oLJ0F+R4nB5s=
199,146,nqMniKDRjcZsx/2UmmeFizUJ/no=,Td4ZuNxPW0MaCZfy8Y53UuSeu9I=
201,147,nqMniKDRjcZsx/2UmmeFizUJ/no=,79NpS1LKAwnYDJ0oLJ0F+R4nB5s=
203,147,nqMniKDRjcZsx/2UmmeFizUJ/no=,79NpS1LKAwnYDJ0oLJ0F+R4nB5s=
202,147,nqMniKDRjcZsx/2UmmeFizUJ/no=,79NpS1LKAwnYDJ0oLJ0F+R4nB5s=
202,144,nqMniKDRjcZsx/2UmmeFizUJ/no=,79NpS1LKAwnYDJ0oLJ0F+R4nB5s=
201,144,nqMniKDRjcZsx/2UmmeFizUJ/no=,79NpS1LKAwnYDJ0oLJ0F+R4nB5s=
199,147,nqMniKDRjcZsx/2UmmeFizUJ/no=,Td4ZuNxPW0MaCZfy8Y53UuSeu9I=
203,144,nqMniKDRjcZsx/2UmmeFizUJ/no=,79NpS1LKAwnYDJ0oLJ0F+R4nB5s=
200,144,nqMniKDRjcZsx/2UmmeFizUJ/no=,79NpS1LKAwnYDJ0oLJ0F+R4nB5s=
196,144,nqMniKDRjcZsx/2UmmeFizUJ/no=,Td4ZuNxPW0MaCZfy8Y53UuSeu9I=
197,144,nqMniKDRjcZsx/2UmmeFizUJ/no=,Td4ZuNxPW0MaCZfy8Y53UuSeu9I=
196,159,nqMniKDRjcZsx/2UmmeFizUJ/no=,hgTrHOfSdhrTFZqZ5lEw0Iho1O4=
200,159,nqMniKDRjcZsx/2UmmeFizUJ/no=,kcxVgETIZN/8BXGociBpDeZAnS4=
203,159,nqMniKDRjcZsx/2UmmeFizUJ/no=,kcxVgETIZN/8BXGociBpDeZAnS4=
202,159,nqMniKDRjcZsx/2UmmeFizUJ/no=,kcxVgETIZN/8BXGociBpDeZAnS4=
201,159,nqMniKDRjcZsx/2UmmeFizUJ/no=,kcxVgETIZN/8BXGociBpDeZAnS4=
200,158,nqMniKDRjcZsx/2UmmeFizUJ/no=,kcxVgETIZN/8BXGociBpDeZAnS4=
203,157,nqMniKDRjcZsx/2UmmeFizUJ/no=,kcxVgETIZN/8BXGociBpDeZAnS4=
202,157,nqMniKDRjcZsx/2UmmeFizUJ/no=,kcxVgETIZN/8BXGociBpDeZAnS4=
201,157,nqMniKDRjcZsx/2UmmeFizUJ/no=,kcxVgETIZN/8BXGociBpDeZAnS4=
201,158,nqMniKDRjcZsx/2UmmeFizUJ/no=,kcxVgETIZN/8BXGociBpDeZAnS4=
200,157,nqMniKDRjcZsx/2UmmeFizUJ/no=,kcxVgETIZN/8BXGociBpDeZAnS4=
203,158,nqMniKDRjcZsx/2UmmeFizUJ/no=,kcxVgETIZN/8BXGociBpDeZAnS4=
202,158,nqMniKDRjcZsx/2UmmeFizUJ/no=,kcxVgETIZN/8BXGociBpDeZAnS4=
199,156,nqMniKDRjcZsx/2UmmeFizUJ/no=,hgTrHOfSdhrTFZqZ5lEw0Iho1O4=
199,157,nqMniKDRjcZsx/2UmmeFizUJ/no=,hgTrHOfSdhrTFZqZ5lEw0Iho1O4=
202,156,nqMniKDRjcZsx/2UmmeFizUJ/no=,kcxVgETIZN/8BXGociBpDeZAnS4=
203,156,nqMniKDRjcZsx/2UmmeFizUJ/no=,kcxVgETIZN/8BXGociBpDeZAnS4=
196,156,nqMniKDRjcZsx/2UmmeFizUJ/no=,hgTrHOfSdhrTFZqZ5lEw0Iho1O4=
197,156,nqMniKDRjcZsx/2UmmeFizUJ/no=,hgTrHOfSdhrTFZqZ5lEw0Iho1O4=
201,156,nqMniKDRjcZsx/2UmmeFizUJ/no=,kcxVgETIZN/8BXGociBpDeZAnS4=
199,159,nqMniKDRjcZsx/2UmmeFizUJ/no=,hgTrHOfSdhrTFZqZ5lEw0Iho1O4=
197,159,nqMniKDRjcZsx/2UmmeFizUJ/no=,hgTrHOfSdhrTFZqZ5lEw0Iho1O4=
198,159,nqMniKDRjcZsx/2UmmeFizUJ/no=,hgTrHOfSdhrTFZqZ5lEw0Iho1O4=
198,156,nqMniKDRjcZsx/2UmmeFizUJ/no=,hgTrHOfSdhrTFZqZ5lEw0Iho1O4=
196,157,nqMniKDRjcZsx/2UmmeFizUJ/no=,hgTrHOfSdhrTFZqZ5lEw0Iho1O4=
200,156,nqMniKDRjcZsx/2UmmeFizUJ/no=,kcxVgETIZN/8BXGociBpDeZAnS4=
197,157,nqMniKDRjcZsx/2UmmeFizUJ/no=,hgTrHOfSdhrTFZqZ5lEw0Iho1O4=
196,158,nqMniKDRjcZsx/2UmmeFizUJ/no=,hgTrHOfSdhrTFZqZ5lEw0Iho1O4=
199,158,nqMniKDRjcZsx/2UmmeFizUJ/no=,hgTrHOfSdhrTFZqZ5lEw0Iho1O4=
197,158,nqMniKDRjcZsx/2UmmeFizUJ/no=,hgTrHOfSdhrTFZqZ5lEw0Iho1O4=
198,158,nqMniKDRjcZsx/2UmmeFizUJ/no=,hgTrHOfSdhrTFZqZ5lEw0Iho1O4=
192,144,nqMniKDRjcZsx/2UmmeFizUJ/no=,Td4ZuNxPW0MaCZfy8Y53UuSeu9I=
198,157,nqMniKDRjcZsx/2UmmeFizUJ/no=,hgTrHOfSdhrTFZqZ5lEw0Iho1O4=
193,146,nqMniKDRjcZsx/2UmmeFizUJ/no=,Td4ZuNxPW0MaCZfy8Y53UuSeu9I=
194,146,nqMniKDRjcZsx/2UmmeFizUJ/no=,Td4ZuNxPW0MaCZfy8Y53UuSeu9I=
195,146,nqMniKDRjcZsx/2UmmeFizUJ/no=,Td4ZuNxPW0MaCZfy8Y53UuSeu9I=
193,145,nqMniKDRjcZsx/2UmmeFizUJ/no=,Td4ZuNxPW0MaCZfy8Y53UuSeu9I=
194,147,nqMniKDRjcZsx/2UmmeFizUJ/no=,Td4ZuNxPW0MaCZfy8Y53UuSeu9I=
195,147,nqMniKDRjcZsx/2UmmeFizUJ/no=,Td4ZuNxPW0MaCZfy8Y53UuSeu9I=
195,145,nqMniKDRjcZsx/2UmmeFizUJ/no=,Td4ZuNxPW0MaCZfy8Y53UuSeu9I=
192,147,nqMniKDRjcZsx/2UmmeFizUJ/no=,Td4ZuNxPW0MaCZfy8Y53UuSeu9I=
194,145,nqMniKDRjcZsx/2UmmeFizUJ/no=,Td4ZuNxPW0MaCZfy8Y53UuSeu9I=
194,144,nqMniKDRjcZsx/2UmmeFizUJ/no=,Td4ZuNxPW0MaCZfy8Y53UuSeu9I=
195,144,nqMniKDRjcZsx/2UmmeFizUJ/no=,Td4ZuNxPW0MaCZfy8Y53UuSeu9I=
193,147,nqMniKDRjcZsx/2UmmeFizUJ/no=,Td4ZuNxPW0MaCZfy8Y53UuSeu9I=
193,144,nqMniKDRjcZsx/2UmmeFizUJ/no=,Td4ZuNxPW0MaCZfy8Y53UuSeu9I=
192,145,nqMniKDRjcZsx/2UmmeFizUJ/no=,Td4ZuNxPW0MaCZfy8Y53UuSeu9I=
207,144,nqMniKDRjcZsx/2UmmeFizUJ/no=,79NpS1LKAwnYDJ0oLJ0F+R4nB5s=
192,146,nqMniKDRjcZsx/2UmmeFizUJ/no=,Td4ZuNxPW0MaCZfy8Y53UuSeu9I=
205,144,nqMniKDRjcZsx/2UmmeFizUJ/no=,79NpS1LKAwnYDJ0oLJ0F+R4nB5s=
206,144,nqMniKDRjcZsx/2UmmeFizUJ/no=,79NpS1LKAwnYDJ0oLJ0F+R4nB5s=
192,148,nqMniKDRjcZsx/2UmmeFizUJ/no=,Td4ZuNxPW0MaCZfy8Y53UuSeu9I=
193,153,nqMniKDRjcZsx/2UmmeFizUJ/no=,hgTrHOfSdhrTFZqZ5lEw0Iho1O4=
192,151,nqMniKDRjcZsx/2UmmeFizUJ/no=,Td4ZuNxPW0MaCZfy8Y53UuSeu9I=
204,144,nqMniKDRjcZsx/2UmmeFizUJ/no=,79NpS1LKAwnYDJ0oLJ0F+R4nB5s=
192,157,nqMniKDRjcZsx/2UmmeFizUJ/no=,hgTrHOfSdhrTFZqZ5lEw0Iho1O4=
194,153,nqMniKDRjcZsx/2UmmeFizUJ/no=,hgTrHOfSdhrTFZqZ5lEw0Iho1O4=
206,147,nqMniKDRjcZsx/2UmmeFizUJ/no=,79NpS1LKAwnYDJ0oLJ0F+R4nB5s=
205,147,nqMniKDRjcZsx/2UmmeFizUJ/no=,79NpS1LKAwnYDJ0oLJ0F+R4nB5s=
204,147,nqMniKDRjcZsx/2UmmeFizUJ/no=,79NpS1LKAwnYDJ0oLJ0F+R4nB5s=
195,153,nqMniKDRjcZsx/2UmmeFizUJ/no=,hgTrHOfSdhrTFZqZ5lEw0Iho1O4=
192,159,nqMniKDRjcZsx/2UmmeFizUJ/no=,hgTrHOfSdhrTFZqZ5lEw0Iho1O4=
192,149,nqMniKDRjcZsx/2UmmeFizUJ/no=,Td4ZuNxPW0MaCZfy8Y53UuSeu9I=
207,147,nqMniKDRjcZsx/2UmmeFizUJ/no=,79NpS1LKAwnYDJ0oLJ0F+R4nB5s=
192,158,nqMniKDRjcZsx/2UmmeFizUJ/no=,hgTrHOfSdhrTFZqZ5lEw0Iho1O4=
192,156,nqMniKDRjcZsx/2UmmeFizUJ/no=,hgTrHOfSdhrTFZqZ5lEw0Iho1O4=
194,154,nqMniKDRjcZsx/2UmmeFizUJ/no=,hgTrHOfSdhrTFZqZ5lEw0Iho1O4=
192,150,nqMniKDRjcZsx/2UmmeFizUJ/no=,Td4ZuNxPW0MaCZfy8Y53UuSeu9I=
192,155,nqMniKDRjcZsx/2UmmeFizUJ/no=,hgTrHOfSdhrTFZqZ5lEw0Iho1O4=
193,149,nqMniKDRjcZsx/2UmmeFizUJ/no=,Td4ZuNxPW0MaCZfy8Y53UuSeu9I=
194,149,nqMniKDRjcZsx/2UmmeFizUJ/no=,Td4ZuNxPW0MaCZfy8Y53UuSeu9I=
195,149,nqMniKDRjcZsx/2UmmeFizUJ/no=,Td4ZuNxPW0MaCZfy8Y53UuSeu9I=
192,154,nqMniKDRjcZsx/2UmmeFizUJ/no=,hgTrHOfSdhrTFZqZ5lEw0Iho1O4=
195,154,nqMniKDRjcZsx/2UmmeFizUJ/no=,hgTrHOfSdhrTFZqZ5lEw0Iho1O4=
193,150,nqMniKDRjcZsx/2UmmeFizUJ/no=,Td4ZuNxPW0MaCZfy8Y53UuSeu9I=
193,155,nqMniKDRjcZsx/2UmmeFizUJ/no=,hgTrHOfSdhrTFZqZ5lEw0Iho1O4=
194,150,nqMniKDRjcZsx/2UmmeFizUJ/no=,Td4ZuNxPW0MaCZfy8Y53UuSeu9I=
195,151,nqMniKDRjcZsx/2UmmeFizUJ/no=,Td4ZuNxPW0MaCZfy8Y53UuSeu9I=
194,155,nqMniKDRjcZsx/2UmmeFizUJ/no=,hgTrHOfSdhrTFZqZ5lEw0Iho1O4=
192,152,nqMniKDRjcZsx/2UmmeFizUJ/no=,hgTrHOfSdhrTFZqZ5lEw0Iho1O4=
193,156,nqMniKDRjcZsx/2UmmeFizUJ/no=,hgTrHOfSdhrTFZqZ5lEw0Iho1O4=
195,155,nqMniKDRjcZsx/2UmmeFizUJ/no=,hgTrHOfSdhrTFZqZ5lEw0Iho1O4=
207,146,nqMniKDRjcZsx/2UmmeFizUJ/no=,79NpS1LKAwnYDJ0oLJ0F+R4nB5s=
193,148,nqMniKDRjcZsx/2UmmeFizUJ/no=,Td4ZuNxPW0MaCZfy8Y53UuSeu9I=
195,150,nqMniKDRjcZsx/2UmmeFizUJ/no=,Td4ZuNxPW0MaCZfy8Y53UuSeu9I=
206,146,nqMniKDRjcZsx/2UmmeFizUJ/no=,79NpS1LKAwnYDJ0oLJ0F+R4nB5s=
195,159,nqMniKDRjcZsx/2UmmeFizUJ/no=,hgTrHOfSdhrTFZqZ5lEw0Iho1O4=
205,146,nqMniKDRjcZsx/2UmmeFizUJ/no=,79NpS1LKAwnYDJ0oLJ0F+R4nB5s=
193,154,nqMniKDRjcZsx/2UmmeFizUJ/no=,hgTrHOfSdhrTFZqZ5lEw0Iho1O4=
192,153,nqMniKDRjcZsx/2UmmeFizUJ/no=,hgTrHOfSdhrTFZqZ5lEw0Iho1O4=
204,146,nqMniKDRjcZsx/2UmmeFizUJ/no=,79NpS1LKAwnYDJ0oLJ0F+R4nB5s=
207,145,nqMniKDRjcZsx/2UmmeFizUJ/no=,79NpS1LKAwnYDJ0oLJ0F+R4nB5s=
206,145,nqMniKDRjcZsx/2UmmeFizUJ/no=,79NpS1LKAwnYDJ0oLJ0F+R4nB5s=
205,145,nqMniKDRjcZsx/2UmmeFizUJ/no=,79NpS1LKAwnYDJ0oLJ0F+R4nB5s=
195,152,nqMniKDRjcZsx/2UmmeFizUJ/no=,hgTrHOfSdhrTFZqZ5lEw0Iho1O4=
194,152,nqMniKDRjcZsx/2UmmeFizUJ/no=,hgTrHOfSdhrTFZqZ5lEw0Iho1O4=
193,159,nqMniKDRjcZsx/2UmmeFizUJ/no=,hgTrHOfSdhrTFZqZ5lEw0Iho1O4=
194,151,nqMniKDRjcZsx/2UmmeFizUJ/no=,Td4ZuNxPW0MaCZfy8Y53UuSeu9I=
204,145,nqMniKDRjcZsx/2UmmeFizUJ/no=,79NpS1LKAwnYDJ0oLJ0F+R4nB5s=
193,152,nqMniKDRjcZsx/2UmmeFizUJ/no=,hgTrHOfSdhrTFZqZ5lEw0Iho1O4=
194,159,nqMniKDRjcZsx/2UmmeFizUJ/no=,hgTrHOfSdhrTFZqZ5lEw0Iho1O4=
195,158,nqMniKDRjcZsx/2UmmeFizUJ/no=,hgTrHOfSdhrTFZqZ5lEw0Iho1O4=
195,157,nqMniKDRjcZsx/2UmmeFizUJ/no=,hgTrHOfSdhrTFZqZ5lEw0Iho1O4=
194,157,nqMniKDRjcZsx/2UmmeFizUJ/no=,hgTrHOfSdhrTFZqZ5lEw0Iho1O4=
193,151,nqMniKDRjcZsx/2UmmeFizUJ/no=,Td4ZuNxPW0MaCZfy8Y53UuSeu9I=
193,157,nqMniKDRjcZsx/2UmmeFizUJ/no=,hgTrHOfSdhrTFZqZ5lEw0Iho1O4=
194,158,nqMniKDRjcZsx/2UmmeFizUJ/no=,hgTrHOfSdhrTFZqZ5lEw0Iho1O4=
193,158,nqMniKDRjcZsx/2UmmeFizUJ/no=,hgTrHOfSdhrTFZqZ5lEw0Iho1O4=
195,148,nqMniKDRjcZsx/2UmmeFizUJ/no=,Td4ZuNxPW0MaCZfy8Y53UuSeu9I=
195,156,nqMniKDRjcZsx/2UmmeFizUJ/no=,hgTrHOfSdhrTFZqZ5lEw0Iho1O4=
194,148,nqMniKDRjcZsx/2UmmeFizUJ/no=,Td4ZuNxPW0MaCZfy8Y53UuSeu9I=
194,156,nqMniKDRjcZsx/2UmmeFizUJ/no=,hgTrHOfSdhrTFZqZ5lEw0Iho1O4=
214,152,/WkqjnsXw9Na4RXPgAG44NRFyj8=,HYL1JsNRw/VPwRBzZ3mQ9AX9Ki0=
215,152,/WkqjnsXw9Na4RXPgAG44NRFyj8=,HYL1JsNRw/VPwRBzZ3mQ9AX9Ki0=
215,151,Q4q7gWDP+/lcUn5GqSS3UMAJVJk=,jCFTlQZL0B/1FmfmWW98wf1uJgI=
213,150,Q5isSzncvY45prLCnVqD6jCLLRM=,jCFTlQZL0B/1FmfmWW98wf1uJgI=
212,150,/WkqjnsXw9Na4RXPgAG44NRFyj8=,jCFTlQZL0B/1FmfmWW98wf1uJgI=
216,150,Q5isSzncvY45prLCnVqD6jCLLRM=,c31kZ8MPdoxaHsI/HM5jHkdt6bQ=
213,149,Q5isSzncvY45prLCnVqD6jCLLRM=,jCFTlQZL0B/1FmfmWW98wf1uJgI=
214,151,YjLz7REceumnoPmINDssb76UXEk=,jCFTlQZL0B/1FmfmWW98wf1uJgI=
216,152,dC6wmkZMtyzd+FPYg9LoOg0/XNQ=,S09jwhmt2fItfRAKpAEeqDM7YjY=
213,151,dC6wmkZMtyzd+FPYg9LoOg0/XNQ=,jCFTlQZL0B/1FmfmWW98wf1uJgI=
212,149,/WkqjnsXw9Na4RXPgAG44NRFyj8=,jCFTlQZL0B/1FmfmWW98wf1uJgI=
215,149,Q5isSzncvY45prLCnVqD6jCLLRM=,jCFTlQZL0B/1FmfmWW98wf1uJgI=
214,149,/WkqjnsXw9Na4RXPgAG44NRFyj8=,jCFTlQZL0B/1FmfmWW98wf1uJgI=
212,151,dC6wmkZMtyzd+FPYg9LoOg0/XNQ=,jCFTlQZL0B/1FmfmWW98wf1uJgI=
216,149,YjLz7REceumnoPmINDssb76UXEk=,c31kZ8MPdoxaHsI/HM5jHkdt6bQ=
213,153,/WkqjnsXw9Na4RXPgAG44NRFyj8=,HYL1JsNRw/VPwRBzZ3mQ9AX9Ki0=
214,153,Q5isSzncvY45prLCnVqD6jCLLRM=,HYL1JsNRw/VPwRBzZ3mQ9AX9Ki0=
216,148,4fAooPB+JLx0XmwOaV5RMONrOGs=,c31kZ8MPdoxaHsI/HM5jHkdt6bQ=
212,153,/WkqjnsXw9Na4RXPgAG44NRFyj8=,HYL1JsNRw/VPwRBzZ3mQ9AX9Ki0=
215,144,4fAooPB+JLx0XmwOaV5RMONrOGs=,jCFTlQZL0B/1FmfmWW98wf1uJgI=
212,154,Q5isSzncvY45prLCnVqD6jCLLRM=,HYL1JsNRw/VPwRBzZ3mQ9AX9Ki0=
212,144,4fAooPB+JLx0XmwOaV5RMONrOGs=,jCFTlQZL0B/1FmfmWW98wf1uJgI=
213,144,4fAooPB+JLx0XmwOaV5RMONrOGs=,jCFTlQZL0B/1FmfmWW98wf1uJgI=
214,144,4fAooPB+JLx0XmwOaV5RMONrOGs=,jCFTlQZL0B/1FmfmWW98wf1uJgI=
217,145,4fAooPB+JLx0XmwOaV5RMONrOGs=,c31kZ8MPdoxaHsI/HM5jHkdt6bQ=
218,145,4fAooPB+JLx0XmwOaV5RMONrOGs=,c31kZ8MPdoxaHsI/HM5jHkdt6bQ=
219,145,4fAooPB+JLx0XmwOaV5RMONrOGs=,c31kZ8MPdoxaHsI/HM5jHkdt6bQ=
216,144,4fAooPB+JLx0XmwOaV5RMONrOGs=,c31kZ8MPdoxaHsI/HM5jHkdt6bQ=
213,145,4fAooPB+JLx0XmwOaV5RMONrOGs=,jCFTlQZL0B/1FmfmWW98wf1uJgI=
214,145,4fAooPB+JLx0XmwOaV5RMONrOGs=,jCFTlQZL0B/1FmfmWW98wf1uJgI=
213,147,4fAooPB+JLx0XmwOaV5RMONrOGs=,jCFTlQZL0B/1FmfmWW98wf1uJgI=
214,147,4fAooPB+JLx0XmwOaV5RMONrOGs=,jCFTlQZL0B/1FmfmWW98wf1uJgI=
214,146,4fAooPB+JLx0XmwOaV5RMONrOGs=,jCFTlQZL0B/1FmfmWW98wf1uJgI=
215,147,4fAooPB+JLx0XmwOaV5RMONrOGs=,jCFTlQZL0B/1FmfmWW98wf1uJgI=
215,145,4fAooPB+JLx0XmwOaV5RMONrOGs=,jCFTlQZL0B/1FmfmWW98wf1uJgI=
215,146,4fAooPB+JLx0XmwOaV5RMONrOGs=,jCFTlQZL0B/1FmfmWW98wf1uJgI=
212,147,4fAooPB+JLx0XmwOaV5RMONrOGs=,jCFTlQZL0B/1FmfmWW98wf1uJgI=
212,145,4fAooPB+JLx0XmwOaV5RMONrOGs=,jCFTlQZL0B/1FmfmWW98wf1uJgI=
218,147,4fAooPB+JLx0XmwOaV5RMONrOGs=,c31kZ8MPdoxaHsI/HM5jHkdt6bQ=
213,146,4fAooPB+JLx0XmwOaV5RMONrOGs=,jCFTlQZL0B/1FmfmWW98wf1uJgI=
219,147,4fAooPB+JLx0XmwOaV5RMONrOGs=,c31kZ8MPdoxaHsI/HM5jHkdt6bQ=
216,147,4fAooPB+JLx0XmwOaV5RMONrOGs=,c31kZ8MPdoxaHsI/HM5jHkdt6bQ=
212,146,4fAooPB+JLx0XmwOaV5RMONrOGs=,jCFTlQZL0B/1FmfmWW98wf1uJgI=
217,147,4fAooPB+JLx0XmwOaV5RMONrOGs=,c31kZ8MPdoxaHsI/HM5jHkdt6bQ=
219,146,4fAooPB+JLx0XmwOaV5RMONrOGs=,c31kZ8MPdoxaHsI/HM5jHkdt6bQ=
217,146,4fAooPB+JLx0XmwOaV5RMONrOGs=,c31kZ8MPdoxaHsI/HM5jHkdt6bQ=
218,146,4fAooPB+JLx0XmwOaV5RMONrOGs=,c31kZ8MPdoxaHsI/HM5jHkdt6bQ=
217,144,4fAooPB+JLx0XmwOaV5RMONrOGs=,c31kZ8MPdoxaHsI/HM5jHkdt6bQ=
218,144,4fAooPB+JLx0XmwOaV5RMONrOGs=,c31kZ8MPdoxaHsI/HM5jHkdt6bQ=
216,145,4fAooPB+JLx0XmwOaV5RMONrOGs=,c31kZ8MPdoxaHsI/HM5jHkdt6bQ=
216,146,4fAooPB+JLx0XmwOaV5RMONrOGs=,c31kZ8MPdoxaHsI/HM5jHkdt6bQ=
213,154,Q5isSzncvY45prLCnVqD6jCLLRM=,HYL1JsNRw/VPwRBzZ3mQ9AX9Ki0=
219,144,4fAooPB+JLx0XmwOaV5RMONrOGs=,c31kZ8MPdoxaHsI/HM5jHkdt6bQ=
212,155,/WkqjnsXw9Na4RXPgAG44NRFyj8=,HYL1JsNRw/VPwRBzZ3mQ9AX9Ki0=
214,154,Q5isSzncvY45prLCnVqD6jCLLRM=,HYL1JsNRw/VPwRBzZ3mQ9AX9Ki0=
213,155,/WkqjnsXw9Na4RXPgAG44NRFyj8=,HYL1JsNRw/VPwRBzZ3mQ9AX9Ki0=
214,155,/WkqjnsXw9Na4RXPgAG44NRFyj8=,HYL1JsNRw/VPwRBzZ3mQ9AX9Ki0=
219,153,/WkqjnsXw9Na4RXPgAG44NRFyj8=,S09jwhmt2fItfRAKpAEeqDM7YjY=
217,153,/WkqjnsXw9Na4RXPgAG44NRFyj8=,S09jwhmt2fItfRAKpAEeqDM7YjY=
218,153,/WkqjnsXw9Na4RXPgAG44NRFyj8=,S09jwhmt2fItfRAKpAEeqDM7YjY=
216,153,/WkqjnsXw9Na4RXPgAG44NRFyj8=,S09jwhmt2fItfRAKpAEeqDM7YjY=
215,153,Q5isSzncvY45prLCnVqD6jCLLRM=,HYL1JsNRw/VPwRBzZ3mQ9AX9Ki0=
216,154,/WkqjnsXw9Na4RXPgAG44NRFyj8=,S09jwhmt2fItfRAKpAEeqDM7YjY=
219,154,/WkqjnsXw9Na4RXPgAG44NRFyj8=,S09jwhmt2fItfRAKpAEeqDM7YjY=
217,154,/WkqjnsXw9Na4RXPgAG44NRFyj8=,S09jwhmt2fItfRAKpAEeqDM7YjY=
216,155,/WkqjnsXw9Na4RXPgAG44NRFyj8=,S09jwhmt2fItfRAKpAEeqDM7YjY=
217,155,Q5isSzncvY45prLCnVqD6jCLLRM=,S09jwhmt2fItfRAKpAEeqDM7YjY=
218,154,/WkqjnsXw9Na4RXPgAG44NRFyj8=,S09jwhmt2fItfRAKpAEeqDM7YjY=
215,154,Q5isSzncvY45prLCnVqD6jCLLRM=,HYL1JsNRw/VPwRBzZ3mQ9AX9Ki0=
219,155,/WkqjnsXw9Na4RXPgAG44NRFyj8=,S09jwhmt2fItfRAKpAEeqDM7YjY=
215,155,/WkqjnsXw9Na4RXPgAG44NRFyj8=,HYL1JsNRw/VPwRBzZ3mQ9AX9Ki0=
218,150,Q5isSzncvY45prLCnVqD6jCLLRM=,c31kZ8MPdoxaHsI/HM5jHkdt6bQ=
219,150,Q5isSzncvY45prLCnVqD6jCLLRM=,c31kZ8MPdoxaHsI/HM5jHkdt6bQ=
218,155,/WkqjnsXw9Na4RXPgAG44NRFyj8=,S09jwhmt2fItfRAKpAEeqDM7YjY=
218,152,/WkqjnsXw9Na4RXPgAG44NRFyj8=,S09jwhmt2fItfRAKpAEeqDM7YjY=
218,149,Q5isSzncvY45prLCnVqD6jCLLRM=,c31kZ8MPdoxaHsI/HM5jHkdt6bQ=
219,149,Q5isSzncvY45prLCnVqD6jCLLRM=,c31kZ8MPdoxaHsI/HM5jHkdt6bQ=
217,151,YjLz7REceumnoPmINDssb76UXEk=,c31kZ8MPdoxaHsI/HM5jHkdt6bQ=
218,151,YjLz7REceumnoPmINDssb76UXEk=,c31kZ8MPdoxaHsI/HM5jHkdt6bQ=
217,149,YjLz7REceumnoPmINDssb76UXEk=,c31kZ8MPdoxaHsI/HM5jHkdt6bQ=
219,148,YjLz7REceumnoPmINDssb76UXEk=,c31kZ8MPdoxaHsI/HM5jHkdt6bQ=
217,148,4fAooPB+JLx0XmwOaV5RMONrOGs=,c31kZ8MPdoxaHsI/HM5jHkdt6bQ=
219,151,YjLz7REceumnoPmINDssb76UXEk=,c31kZ8MPdoxaHsI/HM5jHkdt6bQ=
212,148,/WkqjnsXw9Na4RXPgAG44NRFyj8=,jCFTlQZL0B/1FmfmWW98wf1uJgI=
218,148,YjLz7REceumnoPmINDssb76UXEk=,c31kZ8MPdoxaHsI/HM5jHkdt6bQ=
213,148,/WkqjnsXw9Na4RXPgAG44NRFyj8=,jCFTlQZL0B/1FmfmWW98wf1uJgI=
214,150,/WkqjnsXw9Na4RXPgAG44NRFyj8=,jCFTlQZL0B/1FmfmWW98wf1uJgI=
214,148,/WkqjnsXw9Na4RXPgAG44NRFyj8=,jCFTlQZL0B/1FmfmWW98wf1uJgI=
215,150,Q5isSzncvY45prLCnVqD6jCLLRM=,jCFTlQZL0B/1FmfmWW98wf1uJgI=
212,152,/WkqjnsXw9Na4RXPgAG44NRFyj8=,HYL1JsNRw/VPwRBzZ3mQ9AX9Ki0=
215,148,Q5isSzncvY45prLCnVqD6jCLLRM=,jCFTlQZL0B/1FmfmWW98wf1uJgI=
213,152,/WkqjnsXw9Na4RXPgAG44NRFyj8=,HYL1JsNRw/VPwRBzZ3mQ9AX9Ki0=
217,152,/WkqjnsXw9Na4RXPgAG44NRFyj8=,S09jwhmt2fItfRAKpAEeqDM7YjY=
216,151,4fAooPB+JLx0XmwOaV5RMONrOGs=,c31kZ8MPdoxaHsI/HM5jHkdt6bQ=
223,152,4fAooPB+JLx0XmwOaV5RMONrOGs=,S09jwhmt2fItfRAKpAEeqDM7YjY=
220,153,4fAooPB+JLx0XmwOaV5RMONrOGs=,S09jwhmt2fItfRAKpAEeqDM7YjY=
223,151,4fAooPB+JLx0XmwOaV5RMONrOGs=,c31kZ8MPdoxaHsI/HM5jHkdt6bQ=
219,152,/WkqjnsXw9Na4RXPgAG44NRFyj8=,S09jwhmt2fItfRAKpAEeqDM7YjY=
220,150,4fAooPB+JLx0XmwOaV5RMONrOGs=,c31kZ8MPdoxaHsI/HM5jHkdt6bQ=
223,155,4fAooPB+JLx0XmwOaV5RMONrOGs=,S09jwhmt2fItfRAKpAEeqDM7YjY=
217,150,Q5isSzncvY45prLCnVqD6jCLLRM=,c31kZ8MPdoxaHsI/HM5jHkdt6bQ=
221,153,4fAooPB+JLx0XmwOaV5RMONrOGs=,S09jwhmt2fItfRAKpAEeqDM7YjY=
222,151,4fAooPB+JLx0XmwOaV5RMONrOGs=,c31kZ8MPdoxaHsI/HM5jHkdt6bQ=
221,150,4fAooPB+JLx0XmwOaV5RMONrOGs=,c31kZ8MPdoxaHsI/HM5jHkdt6bQ=
222,150,4fAooPB+JLx0XmwOaV5RMONrOGs=,c31kZ8MPdoxaHsI/HM5jHkdt6bQ=
222,153,4fAooPB+JLx0XmwOaV5RMONrOGs=,S09jwhmt2fItfRAKpAEeqDM7YjY=
223,154,4fAooPB+JLx0XmwOaV5RMONrOGs=,S09jwhmt2fItfRAKpAEeqDM7YjY=
221,151,4fAooPB+JLx0XmwOaV5RMONrOGs=,c31kZ8MPdoxaHsI/HM5jHkdt6bQ=
220,154,4fAooPB+JLx0XmwOaV5RMONrOGs=,S09jwhmt2fItfRAKpAEeqDM7YjY=
223,153,4fAooPB+JLx0XmwOaV5RMONrOGs=,S09jwhmt2fItfRAKpAEeqDM7YjY=
223,149,4fAooPB+JLx0XmwOaV5RMONrOGs=,c31kZ8MPdoxaHsI/HM5jHkdt6bQ=
223,150,4fAooPB+JLx0XmwOaV5RMONrOGs=,c31kZ8MPdoxaHsI/HM5jHkdt6bQ=
222,149,4fAooPB+JLx0XmwOaV5RMONrOGs=,c31kZ8MPdoxaHsI/HM5jHkdt6bQ=
220,151,4fAooPB+JLx0XmwOaV5RMONrOGs=,c31kZ8MPdoxaHsI/HM5jHkdt6bQ=
220,152,4fAooPB+JLx0XmwOaV5RMONrOGs=,S09jwhmt2fItfRAKpAEeqDM7YjY=
222,148,4fAooPB+JLx0XmwOaV5RMONrOGs=,c31kZ8MPdoxaHsI/HM5jHkdt6bQ=
220,149,4fAooPB+JLx0XmwOaV5RMONrOGs=,c31kZ8MPdoxaHsI/HM5jHkdt6bQ=
221,152,4fAooPB+JLx0XmwOaV5RMONrOGs=,S09jwhmt2fItfRAKpAEeqDM7YjY=
223,148,4fAooPB+JLx0XmwOaV5RMONrOGs=,c31kZ8MPdoxaHsI/HM5jHkdt6bQ=
221,148,4fAooPB+JLx0XmwOaV5RMONrOGs=,c31kZ8MPdoxaHsI/HM5jHkdt6bQ=
220,148,4fAooPB+JLx0XmwOaV5RMONrOGs=,c31kZ8MPdoxaHsI/HM5jHkdt6bQ=
221,154,4fAooPB+JLx0XmwOaV5RMONrOGs=,S09jwhmt2fItfRAKpAEeqDM7YjY=
222,154,4fAooPB+JLx0XmwOaV5RMONrOGs=,S09jwhmt2fItfRAKpAEeqDM7YjY=
222,152,4fAooPB+JLx0XmwOaV5RMONrOGs=,S09jwhmt2fItfRAKpAEeqDM7YjY=
221,149,4fAooPB+JLx0XmwOaV5RMONrOGs=,c31kZ8MPdoxaHsI/HM5jHkdt6bQ=
220,155,4fAooPB+JLx0XmwOaV5RMONrOGs=,S09jwhmt2fItfRAKpAEeqDM7YjY=
221,155,4fAooPB+JLx0XmwOaV5RMONrOGs=,S09jwhmt2fItfRAKpAEeqDM7YjY=
222,155,4fAooPB+JLx0XmwOaV5RMONrOGs=,S09jwhmt2fItfRAKpAEeqDM7YjY=
208,151,4fAooPB+JLx0XmwOaV5RMONrOGs=,jCFTlQZL0B/1FmfmWW98wf1uJgI=
208,149,4fAooPB+JLx0XmwOaV5RMONrOGs=,jCFTlQZL0B/1FmfmWW98wf1uJgI=
208,150,4fAooPB+JLx0XmwOaV5RMONrOGs=,jCFTlQZL0B/1FmfmWW98wf1uJgI=
208,155,4fAooPB+JLx0XmwOaV5RMONrOGs=,HYL1JsNRw/VPwRBzZ3mQ9AX9Ki0=
208,154,4fAooPB+JLx0XmwOaV5RMONrOGs=,HYL1JsNRw/VPwRBzZ3mQ9AX9Ki0=
208,148,4fAooPB+JLx0XmwOaV5RMONrOGs=,jCFTlQZL0B/1FmfmWW98wf1uJgI=
210,150,4fAooPB+JLx0XmwOaV5RMONrOGs=,jCFTlQZL0B/1FmfmWW98wf1uJgI=
209,150,4fAooPB+JLx0XmwOaV5RMONrOGs=,jCFTlQZL0B/1FmfmWW98wf1uJgI=
211,150,4fAooPB+JLx0XmwOaV5RMONrOGs=,jCFTlQZL0B/1FmfmWW98wf1uJgI=
208,152,4fAooPB+JLx0XmwOaV5RMONrOGs=,HYL1JsNRw/VPwRBzZ3mQ9AX9Ki0=
208,153,4fAooPB+JLx0XmwOaV5RMONrOGs=,HYL1JsNRw/VPwRBzZ3mQ9AX9Ki0=
211,152,4fAooPB+JLx0XmwOaV5RMONrOGs=,HYL1JsNRw/VPwRBzZ3mQ9AX9Ki0=
209,148,4fAooPB+JLx0XmwOaV5RMONrOGs=,jCFTlQZL0B/1FmfmWW98wf1uJgI=
210,152,4fAooPB+JLx0XmwOaV5RMONrOGs=,HYL1JsNRw/VPwRBzZ3mQ9AX9Ki0=
210,148,4fAooPB+JLx0XmwOaV5RMONrOGs=,jCFTlQZL0B/1FmfmWW98wf1uJgI=
209,152,4fAooPB+JLx0XmwOaV5RMONrOGs=,HYL1JsNRw/VPwRBzZ3mQ9AX9Ki0=
211,155,4fAooPB+JLx0XmwOaV5RMONrOGs=,HYL1JsNRw/VPwRBzZ3mQ9AX9Ki0=
211,149,4fAooPB+JLx0XmwOaV5RMONrOGs=,jCFTlQZL0B/1FmfmWW98wf1uJgI=
211,148,4fAooPB+JLx0XmwOaV5RMONrOGs=,jCFTlQZL0B/1FmfmWW98wf1uJgI=
210,155,4fAooPB+JLx0XmwOaV5RMONrOGs=,HYL1JsNRw/VPwRBzZ3mQ9AX9Ki0=
211,151,4fAooPB+JLx0XmwOaV5RMONrOGs=,jCFTlQZL0B/1FmfmWW98wf1uJgI=
210,149,4fAooPB+JLx0XmwOaV5RMONrOGs=,jCFTlQZL0B/1FmfmWW98wf1uJgI=
209,155,4fAooPB+JLx0XmwOaV5RMONrOGs=,HYL1JsNRw/VPwRBzZ3mQ9AX9Ki0=
209,149,4fAooPB+JLx0XmwOaV5RMONrOGs=,jCFTlQZL0B/1FmfmWW98wf1uJgI=
211,154,4fAooPB+JLx0XmwOaV5RMONrOGs=,HYL1JsNRw/VPwRBzZ3mQ9AX9Ki0=
210,151,4fAooPB+JLx0XmwOaV5RMONrOGs=,jCFTlQZL0B/1FmfmWW98wf1uJgI=
210,154,4fAooPB+JLx0XmwOaV5RMONrOGs=,HYL1JsNRw/VPwRBzZ3mQ9AX9Ki0=
209,151,4fAooPB+JLx0XmwOaV5RMONrOGs=,jCFTlQZL0B/1FmfmWW98wf1uJgI=
209,154,4fAooPB+JLx0XmwOaV5RMONrOGs=,HYL1JsNRw/VPwRBzZ3mQ9AX9Ki0=
211,153,4fAooPB+JLx0XmwOaV5RMONrOGs=,HYL1JsNRw/VPwRBzZ3mQ9AX9Ki0=
210,153,4fAooPB+JLx0XmwOaV5RMONrOGs=,HYL1JsNRw/VPwRBzZ3mQ9AX9Ki0=
209,153,4fAooPB+JLx0XmwOaV5RMONrOGs=,HYL1JsNRw/VPwRBzZ3mQ9AX9Ki0=
208,159,4fAooPB+JLx0XmwOaV5RMONrOGs=,HYL1JsNRw/VPwRBzZ3mQ9AX9Ki0=
211,159,4fAooPB+JLx0XmwOaV5RMONrOGs=,HYL1JsNRw/VPwRBzZ3mQ9AX9Ki0=
209,156,4fAooPB+JLx0XmwOaV5RMONrOGs=,HYL1JsNRw/VPwRBzZ3mQ9AX9Ki0=
210,159,4fAooPB+JLx0XmwOaV5RMONrOGs=,HYL1JsNRw/VPwRBzZ3mQ9AX9Ki0=
209,159,4fAooPB+JLx0XmwOaV5RMONrOGs=,HYL1JsNRw/VPwRBzZ3mQ9AX9Ki0=
211,156,4fAooPB+JLx0XmwOaV5RMONrOGs=,HYL1JsNRw/VPwRBzZ3mQ9AX9Ki0=
210,156,4fAooPB+JLx0XmwOaV5RMONrOGs=,HYL1JsNRw/VPwRBzZ3mQ9AX9Ki0=
209,157,4fAooPB+JLx0XmwOaV5RMONrOGs=,HYL1JsNRw/VPwRBzZ3mQ9AX9Ki0=
208,158,4fAooPB+JLx0XmwOaV5RMONrOGs=,HYL1JsNRw/VPwRBzZ3mQ9AX9Ki0=
210,157,4fAooPB+JLx0XmwOaV5RMONrOGs=,HYL1JsNRw/VPwRBzZ3mQ9AX9Ki0=
209,158,4fAooPB+JLx0XmwOaV5RMONrOGs=,HYL1JsNRw/VPwRBzZ3mQ9AX9Ki0=
211,157,4fAooPB+JLx0XmwOaV5RMONrOGs=,HYL1JsNRw/VPwRBzZ3mQ9AX9Ki0=
210,158,4fAooPB+JLx0XmwOaV5RMONrOGs=,HYL1JsNRw/VPwRBzZ3mQ9AX9Ki0=
208,157,4fAooPB+JLx0XmwOaV5RMONrOGs=,HYL1JsNRw/VPwRBzZ3mQ9AX9Ki0=
211,158,4fAooPB+JLx0XmwOaV5RMONrOGs=,HYL1JsNRw/VPwRBzZ3mQ9AX9Ki0=
208,156,4fAooPB+JLx0XmwOaV5RMONrOGs=,HYL1JsNRw/VPwRBzZ3mQ9AX9Ki0=
212,159,4fAooPB+JLx0XmwOaV5RMONrOGs=,HYL1JsNRw/VPwRBzZ3mQ9AX9Ki0=
223,159,4fAooPB+JLx0XmwOaV5RMONrOGs=,S09jwhmt2fItfRAKpAEeqDM7YjY=
214,159,4fAooPB+JLx0XmwOaV5RMONrOGs=,HYL1JsNRw/VPwRBzZ3mQ9AX9Ki0=
213,159,4fAooPB+JLx0XmwOaV5RMONrOGs=,HYL1JsNRw/VPwRBzZ3mQ9AX9Ki0=
220,158,4fAooPB+JLx0XmwOaV5RMONrOGs=,S09jwhmt2fItfRAKpAEeqDM7YjY=
221,158,4fAooPB+JLx0XmwOaV5RMONrOGs=,S09jwhmt2fItfRAKpAEeqDM7YjY=
215,156,4fAooPB+JLx0XmwOaV5RMONrOGs=,HYL1JsNRw/VPwRBzZ3mQ9AX9Ki0=
219,158,4fAooPB+JLx0XmwOaV5RMONrOGs=,S09jwhmt2fItfRAKpAEeqDM7YjY=
222,159,4fAooPB+JLx0XmwOaV5RMONrOGs=,S09jwhmt2fItfRAKpAEeqDM7YjY=
215,157,4fAooPB+JLx0XmwOaV5RMONrOGs=,HYL1JsNRw/VPwRBzZ3mQ9AX9Ki0=
222,158,4fAooPB+JLx0XmwOaV5RMONrOGs=,S09jwhmt2fItfRAKpAEeqDM7YjY=
218,158,4fAooPB+JLx0XmwOaV5RMONrOGs=,S09jwhmt2fItfRAKpAEeqDM7YjY=
217,158,4fAooPB+JLx0XmwOaV5RMONrOGs=,S09jwhmt2fItfRAKpAEeqDM7YjY=
215,158,4fAooPB+JLx0XmwOaV5RMONrOGs=,HYL1JsNRw/VPwRBzZ3mQ9AX9Ki0=
214,158,4fAooPB+JLx0XmwOaV5RMONrOGs=,HYL1JsNRw/VPwRBzZ3mQ9AX9Ki0=
221,159,4fAooPB+JLx0XmwOaV5RMONrOGs=,S09jwhmt2fItfRAKpAEeqDM7YjY=
213,158,4fAooPB+JLx0XmwOaV5RMONrOGs=,HYL1JsNRw/VPwRBzZ3mQ9AX9Ki0=
216,158,4fAooPB+JLx0XmwOaV5RMONrOGs=,S09jwhmt2fItfRAKpAEeqDM7YjY=
222,157,4fAooPB+JLx0XmwOaV5RMONrOGs=,S09jwhmt2fItfRAKpAEeqDM7YjY=
221,157,4fAooPB+JLx0XmwOaV5RMONrOGs=,S09jwhmt2fItfRAKpAEeqDM7YjY=
212,158,4fAooPB+JLx0XmwOaV5RMONrOGs=,HYL1JsNRw/VPwRBzZ3mQ9AX9Ki0=
219,157,4fAooPB+JLx0XmwOaV5RMONrOGs=,S09jwhmt2fItfRAKpAEeqDM7YjY=
216,156,4fAooPB+JLx0XmwOaV5RMONrOGs=,S09jwhmt2fItfRAKpAEeqDM7YjY=
220,159,4fAooPB+JLx0XmwOaV5RMONrOGs=,S09jwhmt2fItfRAKpAEeqDM7YjY=
214,157,4fAooPB+JLx0XmwOaV5RMONrOGs=,HYL1JsNRw/VPwRBzZ3mQ9AX9Ki0=
218,157,4fAooPB+JLx0XmwOaV5RMONrOGs=,S09jwhmt2fItfRAKpAEeqDM7YjY=
217,156,4fAooPB+JLx0XmwOaV5RMONrOGs=,S09jwhmt2fItfRAKpAEeqDM7YjY=
217,157,4fAooPB+JLx0XmwOaV5RMONrOGs=,S09jwhmt2fItfRAKpAEeqDM7YjY=
219,159,4fAooPB+JLx0XmwOaV5RMONrOGs=,S09jwhmt2fItfRAKpAEeqDM7YjY=
213,157,4fAooPB+JLx0XmwOaV5RMONrOGs=,HYL1JsNRw/VPwRBzZ3mQ9AX9Ki0=
215,159,4fAooPB+JLx0XmwOaV5RMONrOGs=,HYL1JsNRw/VPwRBzZ3mQ9AX9Ki0=
218,156,4fAooPB+JLx0XmwOaV5RMONrOGs=,S09jwhmt2fItfRAKpAEeqDM7YjY=
220,157,4fAooPB+JLx0XmwOaV5RMONrOGs=,S09jwhmt2fItfRAKpAEeqDM7YjY=
216,157,4fAooPB+JLx0XmwOaV5RMONrOGs=,S09jwhmt2fItfRAKpAEeqDM7YjY=
218,159,4fAooPB+JLx0XmwOaV5RMONrOGs=,S09jwhmt2fItfRAKpAEeqDM7YjY=
212,157,4fAooPB+JLx0XmwOaV5RMONrOGs=,HYL1JsNRw/VPwRBzZ3mQ9AX9Ki0=
212,156,4fAooPB+JLx0XmwOaV5RMONrOGs=,HYL1JsNRw/VPwRBzZ3mQ9AX9Ki0=
219,156,4fAooPB+JLx0XmwOaV5RMONrOGs=,S09jwhmt2fItfRAKpAEeqDM7YjY=
214,156,4fAooPB+JLx0XmwOaV5RMONrOGs=,HYL1JsNRw/VPwRBzZ3mQ9AX9Ki0=
217,159,4fAooPB+JLx0XmwOaV5RMONrOGs=,S09jwhmt2fItfRAKpAEeqDM7YjY=
213,156,4fAooPB+JLx0XmwOaV5RMONrOGs=,HYL1JsNRw/VPwRBzZ3mQ9AX9Ki0=
222,156,4fAooPB+JLx0XmwOaV5RMONrOGs=,S09jwhmt2fItfRAKpAEeqDM7YjY=
216,159,4fAooPB+JLx0XmwOaV5RMONrOGs=,S09jwhmt2fItfRAKpAEeqDM7YjY=
220,156,4fAooPB+JLx0XmwOaV5RMONrOGs=,S09jwhmt2fItfRAKpAEeqDM7YjY=
223,156,4fAooPB+JLx0XmwOaV5RMONrOGs=,S09jwhmt2fItfRAKpAEeqDM7YjY=
221,156,4fAooPB+JLx0XmwOaV5RMONrOGs=,S09jwhmt2fItfRAKpAEeqDM7YjY=
223,158,4fAooPB+JLx0XmwOaV5RMONrOGs=,S09jwhmt2fItfRAKpAEeqDM7YjY=
208,144,4fAooPB+JLx0XmwOaV5RMONrOGs=,jCFTlQZL0B/1FmfmWW98wf1uJgI=
223,157,4fAooPB+JLx0XmwOaV5RMONrOGs=,S09jwhmt2fItfRAKpAEeqDM7YjY=
209,146,4fAooPB+JLx0XmwOaV5RMONrOGs=,jCFTlQZL0B/1FmfmWW98wf1uJgI=
209,145,4fAooPB+JLx0XmwOaV5RMONrOGs=,jCFTlQZL0B/1FmfmWW98wf1uJgI=
208,145,4fAooPB+JLx0XmwOaV5RMONrOGs=,jCFTlQZL0B/1FmfmWW98wf1uJgI=
210,146,4fAooPB+JLx0XmwOaV5RMONrOGs=,jCFTlQZL0B/1FmfmWW98wf1uJgI=
208,146,4fAooPB+JLx0XmwOaV5RMONrOGs=,jCFTlQZL0B/1FmfmWW98wf1uJgI=
208,147,4fAooPB+JLx0XmwOaV5RMONrOGs=,jCFTlQZL0B/1FmfmWW98wf1uJgI=
210,145,4fAooPB+JLx0XmwOaV5RMONrOGs=,jCFTlQZL0B/1FmfmWW98wf1uJgI=
211,145,4fAooPB+JLx0XmwOaV5RMONrOGs=,jCFTlQZL0B/1FmfmWW98wf1uJgI=
209,144,4fAooPB+JLx0XmwOaV5RMONrOGs=,jCFTlQZL0B/1FmfmWW98wf1uJgI=
211,146,4fAooPB+JLx0XmwOaV5RMONrOGs=,jCFTlQZL0B/1FmfmWW98wf1uJgI=
211,144,4fAooPB+JLx0XmwOaV5RMONrOGs=,jCFTlQZL0B/1FmfmWW98wf1uJgI=
211,147,4fAooPB+JLx0XmwOaV5RMONrOGs=,jCFTlQZL0B/1FmfmWW98wf1uJgI=
209,147,4fAooPB+JLx0XmwOaV5RMONrOGs=,jCFTlQZL0B/1FmfmWW98wf1uJgI=
210,147,4fAooPB+JLx0XmwOaV5RMONrOGs=,jCFTlQZL0B/1FmfmWW98wf1uJgI=
210,144,4fAooPB+JLx0XmwOaV5RMONrOGs=,jCFTlQZL0B/1FmfmWW98wf1uJgI=
223,144,4fAooPB+JLx0XmwOaV5RMONrOGs=,c31kZ8MPdoxaHsI/HM5jHkdt6bQ=
221,144,4fAooPB+JLx0XmwOaV5RMONrOGs=,c31kZ8MPdoxaHsI/HM5jHkdt6bQ=
221,145,4fAooPB+JLx0XmwOaV5RMONrOGs=,c31kZ8MPdoxaHsI/HM5jHkdt6bQ=
222,145,4fAooPB+JLx0XmwOaV5RMONrOGs=,c31kZ8MPdoxaHsI/HM5jHkdt6bQ=
220,145,4fAooPB+JLx0XmwOaV5RMONrOGs=,c31kZ8MPdoxaHsI/HM5jHkdt6bQ=
220,147,4fAooPB+JLx0XmwOaV5RMONrOGs=,c31kZ8MPdoxaHsI/HM5jHkdt6bQ=
220,144,4fAooPB+JLx0XmwOaV5RMONrOGs=,c31kZ8MPdoxaHsI/HM5jHkdt6bQ=
223,147,4fAooPB+JLx0XmwOaV5RMONrOGs=,c31kZ8MPdoxaHsI/HM5jHkdt6bQ=
222,147,4fAooPB+JLx0XmwOaV5RMONrOGs=,c31kZ8MPdoxaHsI/HM5jHkdt6bQ=
222,144,4fAooPB+JLx0XmwOaV5RMONrOGs=,c31kZ8MPdoxaHsI/HM5jHkdt6bQ=
223,145,4fAooPB+JLx0XmwOaV5RMONrOGs=,c31kZ8MPdoxaHsI/HM5jHkdt6bQ=
221,146,4fAooPB+JLx0XmwOaV5RMONrOGs=,c31kZ8MPdoxaHsI/HM5jHkdt6bQ=
222,146,4fAooPB+JLx0XmwOaV5RMONrOGs=,c31kZ8MPdoxaHsI/HM5jHkdt6bQ=
223,146,4fAooPB+JLx0XmwOaV5RMONrOGs=,c31kZ8MPdoxaHsI/HM5jHkdt6bQ=
220,146,4fAooPB+JLx0XmwOaV5RMONrOGs=,c31kZ8MPdoxaHsI/HM5jHkdt6bQ=
221,147,4fAooPB+JLx0XmwOaV5RMONrOGs=,c31kZ8MPdoxaHsI/HM5jHkdt6bQ=
215,132,lLJ+In+E2+xQ93qZ8jGaXSF5CYY=,kwfcKkZ4257Rv/hvTmsE/g0KMCs=
220,134,4hDy5fD5r9UJOD0yvmimUlRCBuI=,a4oqewc5b+fApvRcwGuq75zqPNs=
223,135,4hDy5fD5r9UJOD0yvmimUlRCBuI=,a4oqewc5b+fApvRcwGuq75zqPNs=
221,134,F1F6M3dLd9cDG4vG8iE5q6J1j60=,a4oqewc5b+fApvRcwGuq75zqPNs=
222,135,QrXFFitDU6wxiaPMfbWWo/cKuSc=,a4oqewc5b+fApvRcwGuq75zqPNs=
216,136,QrXFFitDU6wxiaPMfbWWo/cKuSc=,XCHKwH/IBs75ivC+wNRE3AGokw8=
217,136,QrXFFitDU6wxiaPMfbWWo/cKuSc=,XCHKwH/IBs75ivC+wNRE3AGokw8=
221,135,QrXFFitDU6wxiaPMfbWWo/cKuSc=,a4oqewc5b+fApvRcwGuq75zqPNs=
218,136,QrXFFitDU6wxiaPMfbWWo/cKuSc=,XCHKwH/IBs75ivC+wNRE3AGokw8=
220,135,QrXFFitDU6wxiaPMfbWWo/cKuSc=,a4oqewc5b+fApvRcwGuq75zqPNs=
215,135,4hDy5fD5r9UJOD0yvmimUlRCBuI=,kwfcKkZ4257Rv/hvTmsE/g0KMCs=
219,136,QrXFFitDU6wxiaPMfbWWo/cKuSc=,XCHKwH/IBs75ivC+wNRE3AGokw8=
222,134,lLJ+In+E2+xQ93qZ8jGaXSF5CYY=,a4oqewc5b+fApvRcwGuq75zqPNs=
219,135,QrXFFitDU6wxiaPMfbWWo/cKuSc=,a4oqewc5b+fApvRcwGuq75zqPNs=
220,136,NSbBm2Xegc7jFa4d2ErYUrs2GqM=,XCHKwH/IBs75ivC+wNRE3AGokw8=
212,137,NSbBm2Xegc7jFa4d2ErYUrs2GqM=,PD8r+WsFvJDSfVG68cBNF1v7vhE=
218,135,QrXFFitDU6wxiaPMfbWWo/cKuSc=,a4oqewc5b+fApvRcwGuq75zqPNs=
221,136,NSbBm2Xegc7jFa4d2ErYUrs2GqM=,XCHKwH/IBs75ivC+wNRE3AGokw8=
217,135,QrXFFitDU6wxiaPMfbWWo/cKuSc=,a4oqewc5b+fApvRcwGuq75zqPNs=
222,136,F1F6M3dLd9cDG4vG8iE5q6J1j60=,XCHKwH/IBs75ivC+wNRE3AGokw8=
216,135,QrXFFitDU6wxiaPMfbWWo/cKuSc=,a4oqewc5b+fApvRcwGuq75zqPNs=
217,132,QrXFFitDU6wxiaPMfbWWo/cKuSc=,a4oqewc5b+fApvRcwGuq75zqPNs=
216,132,QrXFFitDU6wxiaPMfbWWo/cKuSc=,a4oqewc5b+fApvRcwGuq75zqPNs=
223,136,F1F6M3dLd9cDG4vG8iE5q6J1j60=,XCHKwH/IBs75ivC+wNRE3AGokw8=
219,134,QrXFFitDU6wxiaPMfbWWo/cKuSc=,a4oqewc5b+fApvRcwGuq75zqPNs=
223,134,lLJ+In+E2+xQ93qZ8jGaXSF5CYY=,a4oqewc5b+fApvRcwGuq75zqPNs=
216,137,F1F6M3dLd9cDG4vG8iE5q6J1j60=,XCHKwH/IBs75ivC+wNRE3AGokw8=
218,134,lLJ+In+E2+xQ93qZ8jGaXSF5CYY=,a4oqewc5b+fApvRcwGuq75zqPNs=
217,137,lLJ+In+E2+xQ93qZ8jGaXSF5CYY=,XCHKwH/IBs75ivC+wNRE3AGokw8=
218,132,NSbBm2Xegc7jFa4d2ErYUrs2GqM=,a4oqewc5b+fApvRcwGuq75zqPNs=
219,132,NSbBm2Xegc7jFa4d2ErYUrs2GqM=,a4oqewc5b+fApvRcwGuq75zqPNs=
217,134,F1F6M3dLd9cDG4vG8iE5q6J1j60=,a4oqewc5b+fApvRcwGuq75zqPNs=
220,132,NSbBm2Xegc7jFa4d2ErYUrs2GqM=,a4oqewc5b+fApvRcwGuq75zqPNs=
218,137,lLJ+In+E2+xQ93qZ8jGaXSF5CYY=,XCHKwH/IBs75ivC+wNRE3AGokw8=
216,134,lLJ+In+E2+xQ93qZ8jGaXSF5CYY=,a4oqewc5b+fApvRcwGuq75zqPNs=
222,132,F1F6M3dLd9cDG4vG8iE5q6J1j60=,a4oqewc5b+fApvRcwGuq75zqPNs=
223,132,F1F6M3dLd9cDG4vG8iE5q6J1j60=,a4oqewc5b+fApvRcwGuq75zqPNs=
219,137,lLJ+In+E2+xQ93qZ8jGaXSF5CYY=,XCHKwH/IBs75ivC+wNRE3AGokw8=
223,133,lLJ+In+E2+xQ93qZ8jGaXSF5CYY=,a4oqewc5b+fApvRcwGuq75zqPNs=
216,133,lLJ+In+E2+xQ93qZ8jGaXSF5CYY=,a4oqewc5b+fApvRcwGuq75zqPNs=
222,133,lLJ+In+E2+xQ93qZ8jGaXSF5CYY=,a4oqewc5b+fApvRcwGuq75zqPNs=
217,133,lLJ+In+E2+xQ93qZ8jGaXSF5CYY=,a4oqewc5b+fApvRcwGuq75zqPNs=
215,136,lLJ+In+E2+xQ93qZ8jGaXSF5CYY=,PD8r+WsFvJDSfVG68cBNF1v7vhE=
218,133,lLJ+In+E2+xQ93qZ8jGaXSF5CYY=,a4oqewc5b+fApvRcwGuq75zqPNs=
221,133,lLJ+In+E2+xQ93qZ8jGaXSF5CYY=,a4oqewc5b+fApvRcwGuq75zqPNs=
220,133,lLJ+In+E2+xQ93qZ8jGaXSF5CYY=,a4oqewc5b+fApvRcwGuq75zqPNs=
213,137,lLJ+In+E2+xQ93qZ8jGaXSF5CYY=,PD8r+WsFvJDSfVG68cBNF1v7vhE=
221,132,F1F6M3dLd9cDG4vG8iE5q6J1j60=,a4oqewc5b+fApvRcwGuq75zqPNs=
219,133,lLJ+In+E2+xQ93qZ8jGaXSF5CYY=,a4oqewc5b+fApvRcwGuq75zqPNs=
215,139,lLJ+In+E2+xQ93qZ8jGaXSF5CYY=,PD8r+WsFvJDSfVG68cBNF1v7vhE=
212,136,lLJ+In+E2+xQ93qZ8jGaXSF5CYY=,PD8r+WsFvJDSfVG68cBNF1v7vhE=
215,138,lLJ+In+E2+xQ93qZ8jGaXSF5CYY=,PD8r+WsFvJDSfVG68cBNF1v7vhE=
214,137,lLJ+In+E2+xQ93qZ8jGaXSF5CYY=,PD8r+WsFvJDSfVG68cBNF1v7vhE=
212,138,lLJ+In+E2+xQ93qZ8jGaXSF5CYY=,PD8r+WsFvJDSfVG68cBNF1v7vhE=
213,138,lLJ+In+E2+xQ93qZ8jGaXSF5CYY=,PD8r+WsFvJDSfVG68cBNF1v7vhE=
223,139,lLJ+In+E2+xQ93qZ8jGaXSF5CYY=,XCHKwH/IBs75ivC+wNRE3AGokw8=
213,136,lLJ+In+E2+xQ93qZ8jGaXSF5CYY=,PD8r+WsFvJDSfVG68cBNF1v7vhE=
222,139,lLJ+In+E2+xQ93qZ8jGaXSF5CYY=,XCHKwH/IBs75ivC+wNRE3AGokw8=
212,139,lLJ+In+E2+xQ93qZ8jGaXSF5CYY=,PD8r+WsFvJDSfVG68cBNF1v7vhE=
214,138,lLJ+In+E2+xQ93qZ8jGaXSF5CYY=,PD8r+WsFvJDSfVG68cBNF1v7vhE=
213,139,lLJ+In+E2+xQ93qZ8jGaXSF5CYY=,PD8r+WsFvJDSfVG68cBNF1v7vhE=
221,139,lLJ+In+E2+xQ93qZ8jGaXSF5CYY=,XCHKwH/IBs75ivC+wNRE3AGokw8=
220,139,lLJ+In+E2+xQ93qZ8jGaXSF5CYY=,XCHKwH/IBs75ivC+wNRE3AGokw8=
214,139,lLJ+In+E2+xQ93qZ8jGaXSF5CYY=,PD8r+WsFvJDSfVG68cBNF1v7vhE=
212,133,lLJ+In+E2+xQ93qZ8jGaXSF5CYY=,kwfcKkZ4257Rv/hvTmsE/g0KMCs=
214,136,lLJ+In+E2+xQ93qZ8jGaXSF5CYY=,PD8r+WsFvJDSfVG68cBNF1v7vhE=
220,137,lLJ+In+E2+xQ93qZ8jGaXSF5CYY=,XCHKwH/IBs75ivC+wNRE3AGokw8=
219,139,lLJ+In+E2+xQ93qZ8jGaXSF5CYY=,XCHKwH/IBs75ivC+wNRE3AGokw8=
221,137,lLJ+In+E2+xQ93qZ8jGaXSF5CYY=,XCHKwH/IBs75ivC+wNRE3AGokw8=
222,137,lLJ+In+E2+xQ93qZ8jGaXSF5CYY=,XCHKwH/IBs75ivC+wNRE3AGokw8=
223,137,lLJ+In+E2+xQ93qZ8jGaXSF5CYY=,XCHKwH/IBs75ivC+wNRE3AGokw8=
218,139,lLJ+In+E2+xQ93qZ8jGaXSF5CYY=,XCHKwH/IBs75ivC+wNRE3AGokw8=
217,138,lLJ+In+E2+xQ93qZ8jGaXSF5CYY=,XCHKwH/IBs75ivC+wNRE3AGokw8=
218,138,lLJ+In+E2+xQ93qZ8jGaXSF5CYY=,XCHKwH/IBs75ivC+wNRE3AGokw8=
219,138,lLJ+In+E2+xQ93qZ8jGaXSF5CYY=,XCHKwH/IBs75ivC+wNRE3AGokw8=
217,139,lLJ+In+E2+xQ93qZ8jGaXSF5CYY=,XCHKwH/IBs75ivC+wNRE3AGokw8=
216,138,lLJ+In+E2+xQ93qZ8jGaXSF5CYY=,XCHKwH/IBs75ivC+wNRE3AGokw8=
220,138,lLJ+In+E2+xQ93qZ8jGaXSF5CYY=,XCHKwH/IBs75ivC+wNRE3AGokw8=
216,139,lLJ+In+E2+xQ93qZ8jGaXSF5CYY=,XCHKwH/IBs75ivC+wNRE3AGokw8=
221,138,lLJ+In+E2+xQ93qZ8jGaXSF5CYY=,XCHKwH/IBs75ivC+wNRE3AGokw8=
215,137,lLJ+In+E2+xQ93qZ8jGaXSF5CYY=,PD8r+WsFvJDSfVG68cBNF1v7vhE=
222,138,lLJ+In+E2+xQ93qZ8jGaXSF5CYY=,XCHKwH/IBs75ivC+wNRE3AGokw8=
223,138,lLJ+In+E2+xQ93qZ8jGaXSF5CYY=,XCHKwH/IBs75ivC+wNRE3AGokw8=
212,132,lLJ+In+E2+xQ93qZ8jGaXSF5CYY=,kwfcKkZ4257Rv/hvTmsE/g0KMCs=
214,133,lLJ+In+E2+xQ93qZ8jGaXSF5CYY=,kwfcKkZ4257Rv/hvTmsE/g0KMCs=
214,134,F1F6M3dLd9cDG4vG8iE5q6J1j60=,kwfcKkZ4257Rv/hvTmsE/g0KMCs=
213,132,lLJ+In+E2+xQ93qZ8jGaXSF5CYY=,kwfcKkZ4257Rv/hvTmsE/g0KMCs=
214,132,lLJ+In+E2+xQ93qZ8jGaXSF5CYY=,kwfcKkZ4257Rv/hvTmsE/g0KMCs=
212,134,F1F6M3dLd9cDG4vG8iE5q6J1j60=,kwfcKkZ4257Rv/hvTmsE/g0KMCs=
213,134,F1F6M3dLd9cDG4vG8iE5q6J1j60=,kwfcKkZ4257Rv/hvTmsE/g0KMCs=
212,135,lLJ+In+E2+xQ93qZ8jGaXSF5CYY=,kwfcKkZ4257Rv/hvTmsE/g0KMCs=
214,135,lLJ+In+E2+xQ93qZ8jGaXSF5CYY=,kwfcKkZ4257Rv/hvTmsE/g0KMCs=
215,134,i4zY7I6VG5809e3YoO46SPtn+Cg=,kwfcKkZ4257Rv/hvTmsE/g0KMCs=
213,135,lLJ+In+E2+xQ93qZ8jGaXSF5CYY=,kwfcKkZ4257Rv/hvTmsE/g0KMCs=
213,133,lLJ+In+E2+xQ93qZ8jGaXSF5CYY=,kwfcKkZ4257Rv/hvTmsE/g0KMCs=
215,133,lLJ+In+E2+xQ93qZ8jGaXSF5CYY=,kwfcKkZ4257Rv/hvTmsE/g0KMCs=
222,143,lLJ+In+E2+xQ93qZ8jGaXSF5CYY=,XCHKwH/IBs75ivC+wNRE3AGokw8=
221,143,lLJ+In+E2+xQ93qZ8jGaXSF5CYY=,XCHKwH/IBs75ivC+wNRE3AGokw8=
220,140,lLJ+In+E2+xQ93qZ8jGaXSF5CYY=,XCHKwH/IBs75ivC+wNRE3AGokw8=
223,143,lLJ+In+E2+xQ93qZ8jGaXSF5CYY=,XCHKwH/IBs75ivC+wNRE3AGokw8=
220,143,lLJ+In+E2+xQ93qZ8jGaXSF5CYY=,XCHKwH/IBs75ivC+wNRE3AGokw8=
221,140,lLJ+In+E2+xQ93qZ8jGaXSF5CYY=,XCHKwH/IBs75ivC+wNRE3AGokw8=
223,140,lLJ+In+E2+xQ93qZ8jGaXSF5CYY=,XCHKwH/IBs75ivC+wNRE3AGokw8=
220,141,lLJ+In+E2+xQ93qZ8jGaXSF5CYY=,XCHKwH/IBs75ivC+wNRE3AGokw8=
223,142,lLJ+In+E2+xQ93qZ8jGaXSF5CYY=,XCHKwH/IBs75ivC+wNRE3AGokw8=
222,140,lLJ+In+E2+xQ93qZ8jGaXSF5CYY=,XCHKwH/IBs75ivC+wNRE3AGokw8=
222,142,lLJ+In+E2+xQ93qZ8jGaXSF5CYY=,XCHKwH/IBs75ivC+wNRE3AGokw8=
221,141,lLJ+In+E2+xQ93qZ8jGaXSF5CYY=,XCHKwH/IBs75ivC+wNRE3AGokw8=
222,141,lLJ+In+E2+xQ93qZ8jGaXSF5CYY=,XCHKwH/IBs75ivC+wNRE3AGokw8=
223,141,lLJ+In+E2+xQ93qZ8jGaXSF5CYY=,XCHKwH/IBs75ivC+wNRE3AGokw8=
221,142,lLJ+In+E2+xQ93qZ8jGaXSF5CYY=,XCHKwH/IBs75ivC+wNRE3AGokw8=
220,142,lLJ+In+E2+xQ93qZ8jGaXSF5CYY=,XCHKwH/IBs75ivC+wNRE3AGokw8=
212,143,lLJ+In+E2+xQ93qZ8jGaXSF5CYY=,PD8r+WsFvJDSfVG68cBNF1v7vhE=
215,143,lLJ+In+E2+xQ93qZ8jGaXSF5CYY=,PD8r+WsFvJDSfVG68cBNF1v7vhE=
216,143,lLJ+In+E2+xQ93qZ8jGaXSF5CYY=,XCHKwH/IBs75ivC+wNRE3AGokw8=
215,142,lLJ+In+E2+xQ93qZ8jGaXSF5CYY=,PD8r+WsFvJDSfVG68cBNF1v7vhE=
219,143,lLJ+In+E2+xQ93qZ8jGaXSF5CYY=,XCHKwH/IBs75ivC+wNRE3AGokw8=
218,143,lLJ+In+E2+xQ93qZ8jGaXSF5CYY=,XCHKwH/IBs75ivC+wNRE3AGokw8=
217,143,lLJ+In+E2+xQ93qZ8jGaXSF5CYY=,XCHKwH/IBs75ivC+wNRE3AGokw8=
215,141,lLJ+In+E2+xQ93qZ8jGaXSF5CYY=,PD8r+WsFvJDSfVG68cBNF1v7vhE=
214,143,lLJ+In+E2+xQ93qZ8jGaXSF5CYY=,PD8r+WsFvJDSfVG68cBNF1v7vhE=
215,140,lLJ+In+E2+xQ93qZ8jGaXSF5CYY=,PD8r+WsFvJDSfVG68cBNF1v7vhE=
219,142,lLJ+In+E2+xQ93qZ8jGaXSF5CYY=,XCHKwH/IBs75ivC+wNRE3AGokw8=
218,142,lLJ+In+E2+xQ93qZ8jGaXSF5CYY=,XCHKwH/IBs75ivC+wNRE3AGokw8=
213,143,lLJ+In+E2+xQ93qZ8jGaXSF5CYY=,PD8r+WsFvJDSfVG68cBNF1v7vhE=
212,140,lLJ+In+E2+xQ93qZ8jGaXSF5CYY=,PD8r+WsFvJDSfVG68cBNF1v7vhE=
217,142,lLJ+In+E2+xQ93qZ8jGaXSF5CYY=,XCHKwH/IBs75ivC+wNRE3AGokw8=
216,142,lLJ+In+E2+xQ93qZ8jGaXSF5CYY=,XCHKwH/IBs75ivC+wNRE3AGokw8=
213,140,lLJ+In+E2+xQ93qZ8jGaXSF5CYY=,PD8r+WsFvJDSfVG68cBNF1v7vhE=
219,141,lLJ+In+E2+xQ93qZ8jGaXSF5CYY=,XCHKwH/IBs75ivC+wNRE3AGokw8=
218,141,lLJ+In+E2+xQ93qZ8jGaXSF5CYY=,XCHKwH/IBs75ivC+wNRE3AGokw8=
217,141,lLJ+In+E2+xQ93qZ8jGaXSF5CYY=,XCHKwH/IBs75ivC+wNRE3AGokw8=
216,141,lLJ+In+E2+xQ93qZ8jGaXSF5CYY=,XCHKwH/IBs75ivC+wNRE3AGokw8=
219,140,lLJ+In+E2+xQ93qZ8jGaXSF5CYY=,XCHKwH/IBs75ivC+wNRE3AGokw8=
218,140,lLJ+In+E2+xQ93qZ8jGaXSF5CYY=,XCHKwH/IBs75ivC+wNRE3AGokw8=
217,140,lLJ+In+E2+xQ93qZ8jGaXSF5CYY=,XCHKwH/IBs75ivC+wNRE3AGokw8=
214,140,lLJ+In+E2+xQ93qZ8jGaXSF5CYY=,PD8r+WsFvJDSfVG68cBNF1v7vhE=
212,141,lLJ+In+E2+xQ93qZ8jGaXSF5CYY=,PD8r+WsFvJDSfVG68cBNF1v7vhE=
216,140,lLJ+In+E2+xQ93qZ8jGaXSF5CYY=,XCHKwH/IBs75ivC+wNRE3AGokw8=
213,141,lLJ+In+E2+xQ93qZ8jGaXSF5CYY=,PD8r+WsFvJDSfVG68cBNF1v7vhE=
214,142,lLJ+In+E2+xQ93qZ8jGaXSF5CYY=,PD8r+WsFvJDSfVG68cBNF1v7vhE=
213,142,lLJ+In+E2+xQ93qZ8jGaXSF5CYY=,PD8r+WsFvJDSfVG68cBNF1v7vhE=
214,141,lLJ+In+E2+xQ93qZ8jGaXSF5CYY=,PD8r+WsFvJDSfVG68cBNF1v7vhE=
212,142,lLJ+In+E2+xQ93qZ8jGaXSF5CYY=,PD8r+WsFvJDSfVG68cBNF1v7vhE=
216,128,lLJ+In+E2+xQ93qZ8jGaXSF5CYY=,a4oqewc5b+fApvRcwGuq75zqPNs=
219,128,lLJ+In+E2+xQ93qZ8jGaXSF5CYY=,a4oqewc5b+fApvRcwGuq75zqPNs=
218,128,lLJ+In+E2+xQ93qZ8jGaXSF5CYY=,a4oqewc5b+fApvRcwGuq75zqPNs=
213,128,lLJ+In+E2+xQ93qZ8jGaXSF5CYY=,kwfcKkZ4257Rv/hvTmsE/g0KMCs=
214,128,lLJ+In+E2+xQ93qZ8jGaXSF5CYY=,kwfcKkZ4257Rv/hvTmsE/g0KMCs=
215,128,lLJ+In+E2+xQ93qZ8jGaXSF5CYY=,kwfcKkZ4257Rv/hvTmsE/g0KMCs=
212,128,lLJ+In+E2+xQ93qZ8jGaXSF5CYY=,kwfcKkZ4257Rv/hvTmsE/g0KMCs=
217,128,lLJ+In+E2+xQ93qZ8jGaXSF5CYY=,a4oqewc5b+fApvRcwGuq75zqPNs=
213,131,lLJ+In+E2+xQ93qZ8jGaXSF5CYY=,kwfcKkZ4257Rv/hvTmsE/g0KMCs=
214,131,lLJ+In+E2+xQ93qZ8jGaXSF5CYY=,kwfcKkZ4257Rv/hvTmsE/g0KMCs=
215,129,lLJ+In+E2+xQ93qZ8jGaXSF5CYY=,kwfcKkZ4257Rv/hvTmsE/g0KMCs=
212,130,lLJ+In+E2+xQ93qZ8jGaXSF5CYY=,kwfcKkZ4257Rv/hvTmsE/g0KMCs=
212,131,lLJ+In+E2+xQ93qZ8jGaXSF5CYY=,kwfcKkZ4257Rv/hvTmsE/g0KMCs=
215,130,lLJ+In+E2+xQ93qZ8jGaXSF5CYY=,kwfcKkZ4257Rv/hvTmsE/g0KMCs=
219,131,lLJ+In+E2+xQ93qZ8jGaXSF5CYY=,a4oqewc5b+fApvRcwGuq75zqPNs=
213,129,lLJ+In+E2+xQ93qZ8jGaXSF5CYY=,kwfcKkZ4257Rv/hvTmsE/g0KMCs=
213,130,lLJ+In+E2+xQ93qZ8jGaXSF5CYY=,kwfcKkZ4257Rv/hvTmsE/g0KMCs=
212,129,lLJ+In+E2+xQ93qZ8jGaXSF5CYY=,kwfcKkZ4257Rv/hvTmsE/g0KMCs=
218,131,lLJ+In+E2+xQ93qZ8jGaXSF5CYY=,a4oqewc5b+fApvRcwGuq75zqPNs=
217,131,lLJ+In+E2+xQ93qZ8jGaXSF5CYY=,a4oqewc5b+fApvRcwGuq75zqPNs=
214,130,lLJ+In+E2+xQ93qZ8jGaXSF5CYY=,kwfcKkZ4257Rv/hvTmsE/g0KMCs=
214,129,lLJ+In+E2+xQ93qZ8jGaXSF5CYY=,kwfcKkZ4257Rv/hvTmsE/g0KMCs=
216,131,lLJ+In+E2+xQ93qZ8jGaXSF5CYY=,a4oqewc5b+fApvRcwGuq75zqPNs=
215,131,lLJ+In+E2+xQ93qZ8jGaXSF5CYY=,kwfcKkZ4257Rv/hvTmsE/g0KMCs=
219,130,lLJ+In+E2+xQ93qZ8jGaXSF5CYY=,a4oqewc5b+fApvRcwGuq75zqPNs=
216,129,lLJ+In+E2+xQ93qZ8jGaXSF5CYY=,a4oqewc5b+fApvRcwGuq75zqPNs=
217,129,lLJ+In+E2+xQ93qZ8jGaXSF5CYY=,a4oqewc5b+fApvRcwGuq75zqPNs=
218,130,lLJ+In+E2+xQ93qZ8jGaXSF5CYY=,a4oqewc5b+fApvRcwGuq75zqPNs=
218,129,lLJ+In+E2+xQ93qZ8jGaXSF5CYY=,a4oqewc5b+fApvRcwGuq75zqPNs=
216,130,lLJ+In+E2+xQ93qZ8jGaXSF5CYY=,a4oqewc5b+fApvRcwGuq75zqPNs=
219,129,lLJ+In+E2+xQ93qZ8jGaXSF5CYY=,a4oqewc5b+fApvRcwGuq75zqPNs=
217,130,lLJ+In+E2+xQ93qZ8jGaXSF5CYY=,a4oqewc5b+fApvRcwGuq75zqPNs=
208,128,lLJ+In+E2+xQ93qZ8jGaXSF5CYY=,kwfcKkZ4257Rv/hvTmsE/g0KMCs=
209,129,lLJ+In+E2+xQ93qZ8jGaXSF5CYY=,kwfcKkZ4257Rv/hvTmsE/g0KMCs=
210,131,lLJ+In+E2+xQ93qZ8jGaXSF5CYY=,kwfcKkZ4257Rv/hvTmsE/g0KMCs=
211,131,lLJ+In+E2+xQ93qZ8jGaXSF5CYY=,kwfcKkZ4257Rv/hvTmsE/g0KMCs=
208,131,lLJ+In+E2+xQ93qZ8jGaXSF5CYY=,kwfcKkZ4257Rv/hvTmsE/g0KMCs=
208,130,lLJ+In+E2+xQ93qZ8jGaXSF5CYY=,kwfcKkZ4257Rv/hvTmsE/g0KMCs=
209,130,lLJ+In+E2+xQ93qZ8jGaXSF5CYY=,kwfcKkZ4257Rv/hvTmsE/g0KMCs=
210,130,lLJ+In+E2+xQ93qZ8jGaXSF5CYY=,kwfcKkZ4257Rv/hvTmsE/g0KMCs=
208,129,lLJ+In+E2+xQ93qZ8jGaXSF5CYY=,kwfcKkZ4257Rv/hvTmsE/g0KMCs=
210,129,lLJ+In+E2+xQ93qZ8jGaXSF5CYY=,kwfcKkZ4257Rv/hvTmsE/g0KMCs=
211,130,lLJ+In+E2+xQ93qZ8jGaXSF5CYY=,kwfcKkZ4257Rv/hvTmsE/g0KMCs=
211,129,lLJ+In+E2+xQ93qZ8jGaXSF5CYY=,kwfcKkZ4257Rv/hvTmsE/g0KMCs=
209,131,lLJ+In+E2+xQ93qZ8jGaXSF5CYY=,kwfcKkZ4257Rv/hvTmsE/g0KMCs=
211,128,lLJ+In+E2+xQ93qZ8jGaXSF5CYY=,kwfcKkZ4257Rv/hvTmsE/g0KMCs=
209,128,lLJ+In+E2+xQ93qZ8jGaXSF5CYY=,kwfcKkZ4257Rv/hvTmsE/g0KMCs=
208,135,lLJ+In+E2+xQ93qZ8jGaXSF5CYY=,kwfcKkZ4257Rv/hvTmsE/g0KMCs=
210,128,lLJ+In+E2+xQ93qZ8jGaXSF5CYY=,kwfcKkZ4257Rv/hvTmsE/g0KMCs=
208,133,lLJ+In+E2+xQ93qZ8jGaXSF5CYY=,kwfcKkZ4257Rv/hvTmsE/g0KMCs=
208,143,lLJ+In+E2+xQ93qZ8jGaXSF5CYY=,PD8r+WsFvJDSfVG68cBNF1v7vhE=
208,134,lLJ+In+E2+xQ93qZ8jGaXSF5CYY=,kwfcKkZ4257Rv/hvTmsE/g0KMCs=
208,142,lLJ+In+E2+xQ93qZ8jGaXSF5CYY=,PD8r+WsFvJDSfVG68cBNF1v7vhE=
209,134,lLJ+In+E2+xQ93qZ8jGaXSF5CYY=,kwfcKkZ4257Rv/hvTmsE/g0KMCs=
208,141,lLJ+In+E2+xQ93qZ8jGaXSF5CYY=,PD8r+WsFvJDSfVG68cBNF1v7vhE=
208,140,lLJ+In+E2+xQ93qZ8jGaXSF5CYY=,PD8r+WsFvJDSfVG68cBNF1v7vhE=
210,137,lLJ+In+E2+xQ93qZ8jGaXSF5CYY=,PD8r+WsFvJDSfVG68cBNF1v7vhE=
209,137,lLJ+In+E2+xQ93qZ8jGaXSF5CYY=,PD8r+WsFvJDSfVG68cBNF1v7vhE=
208,132,lLJ+In+E2+xQ93qZ8jGaXSF5CYY=,kwfcKkZ4257Rv/hvTmsE/g0KMCs=
209,132,lLJ+In+E2+xQ93qZ8jGaXSF5CYY=,kwfcKkZ4257Rv/hvTmsE/g0KMCs=
208,139,lLJ+In+E2+xQ93qZ8jGaXSF5CYY=,PD8r+WsFvJDSfVG68cBNF1v7vhE=
211,135,lLJ+In+E2+xQ93qZ8jGaXSF5CYY=,kwfcKkZ4257Rv/hvTmsE/g0KMCs=
211,137,lLJ+In+E2+xQ93qZ8jGaXSF5CYY=,PD8r+WsFvJDSfVG68cBNF1v7vhE=
208,138,lLJ+In+E2+xQ93qZ8jGaXSF5CYY=,PD8r+WsFvJDSfVG68cBNF1v7vhE=
210,135,lLJ+In+E2+xQ93qZ8jGaXSF5CYY=,kwfcKkZ4257Rv/hvTmsE/g0KMCs=
208,136,lLJ+In+E2+xQ93qZ8jGaXSF5CYY=,PD8r+WsFvJDSfVG68cBNF1v7vhE=
209,136,lLJ+In+E2+xQ93qZ8jGaXSF5CYY=,PD8r+WsFvJDSfVG68cBNF1v7vhE=
209,135,lLJ+In+E2+xQ93qZ8jGaXSF5CYY=,kwfcKkZ4257Rv/hvTmsE/g0KMCs=
208,137,lLJ+In+E2+xQ93qZ8jGaXSF5CYY=,PD8r+WsFvJDSfVG68cBNF1v7vhE=
210,134,lLJ+In+E2+xQ93qZ8jGaXSF5CYY=,kwfcKkZ4257Rv/hvTmsE/g0KMCs=
211,143,lLJ+In+E2+xQ93qZ8jGaXSF5CYY=,PD8r+WsFvJDSfVG68cBNF1v7vhE=
211,133,lLJ+In+E2+xQ93qZ8jGaXSF5CYY=,kwfcKkZ4257Rv/hvTmsE/g0KMCs=
211,134,lLJ+In+E2+xQ93qZ8jGaXSF5CYY=,kwfcKkZ4257Rv/hvTmsE/g0KMCs=
210,143,lLJ+In+E2+xQ93qZ8jGaXSF5CYY=,PD8r+WsFvJDSfVG68cBNF1v7vhE=
210,133,lLJ+In+E2+xQ93qZ8jGaXSF5CYY=,kwfcKkZ4257Rv/hvTmsE/g0KMCs=
209,143,lLJ+In+E2+xQ93qZ8jGaXSF5CYY=,PD8r+WsFvJDSfVG68cBNF1v7vhE=
210,132,lLJ+In+E2+xQ93qZ8jGaXSF5CYY=,kwfcKkZ4257Rv/hvTmsE/g0KMCs=
211,142,lLJ+In+E2+xQ93qZ8jGaXSF5CYY=,PD8r+WsFvJDSfVG68cBNF1v7vhE=
211,132,lLJ+In+E2+xQ93qZ8jGaXSF5CYY=,kwfcKkZ4257Rv/hvTmsE/g0KMCs=
210,142,lLJ+In+E2+xQ93qZ8jGaXSF5CYY=,PD8r+WsFvJDSfVG68cBNF1v7vhE=
209,133,lLJ+In+E2+xQ93qZ8jGaXSF5CYY=,kwfcKkZ4257Rv/hvTmsE/g0KMCs=
209,142,lLJ+In+E2+xQ93qZ8jGaXSF5CYY=,PD8r+WsFvJDSfVG68cBNF1v7vhE=
210,136,lLJ+In+E2+xQ93qZ8jGaXSF5CYY=,PD8r+WsFvJDSfVG68cBNF1v7vhE=
211,141,lLJ+In+E2+xQ93qZ8jGaXSF5CYY=,PD8r+WsFvJDSfVG68cBNF1v7vhE=
211,136,lLJ+In+E2+xQ93qZ8jGaXSF5CYY=,PD8r+WsFvJDSfVG68cBNF1v7vhE=
210,141,lLJ+In+E2+xQ93qZ8jGaXSF5CYY=,PD8r+WsFvJDSfVG68cBNF1v7vhE=
209,138,lLJ+In+E2+xQ93qZ8jGaXSF5CYY=,PD8r+WsFvJDSfVG68cBNF1v7vhE=
210,138,lLJ+In+E2+xQ93qZ8jGaXSF5CYY=,PD8r+WsFvJDSfVG68cBNF1v7vhE=
209,141,lLJ+In+E2+xQ93qZ8jGaXSF5CYY=,PD8r+WsFvJDSfVG68cBNF1v7vhE=
211,138,lLJ+In+E2+xQ93qZ8jGaXSF5CYY=,PD8r+WsFvJDSfVG68cBNF1v7vhE=
211,140,lLJ+In+E2+xQ93qZ8jGaXSF5CYY=,PD8r+WsFvJDSfVG68cBNF1v7vhE=
209,139,lLJ+In+E2+xQ93qZ8jGaXSF5CYY=,PD8r+WsFvJDSfVG68cBNF1v7vhE=
210,140,lLJ+In+E2+xQ93qZ8jGaXSF5CYY=,PD8r+WsFvJDSfVG68cBNF1v7vhE=
210,139,lLJ+In+E2+xQ93qZ8jGaXSF5CYY=,PD8r+WsFvJDSfVG68cBNF1v7vhE=
211,139,lLJ+In+E2+xQ93qZ8jGaXSF5CYY=,PD8r+WsFvJDSfVG68cBNF1v7vhE=
209,140,lLJ+In+E2+xQ93qZ8jGaXSF5CYY=,PD8r+WsFvJDSfVG68cBNF1v7vhE=
223,128,lLJ+In+E2+xQ93qZ8jGaXSF5CYY=,a4oqewc5b+fApvRcwGuq75zqPNs=
220,129,lLJ+In+E2+xQ93qZ8jGaXSF5CYY=,a4oqewc5b+fApvRcwGuq75zqPNs=
221,129,lLJ+In+E2+xQ93qZ8jGaXSF5CYY=,a4oqewc5b+fApvRcwGuq75zqPNs=
222,128,lLJ+In+E2+xQ93qZ8jGaXSF5CYY=,a4oqewc5b+fApvRcwGuq75zqPNs=
222,129,lLJ+In+E2+xQ93qZ8jGaXSF5CYY=,a4oqewc5b+fApvRcwGuq75zqPNs=
223,129,lLJ+In+E2+xQ93qZ8jGaXSF5CYY=,a4oqewc5b+fApvRcwGuq75zqPNs=
220,130,lLJ+In+E2+xQ93qZ8jGaXSF5CYY=,a4oqewc5b+fApvRcwGuq75zqPNs=
221,128,lLJ+In+E2+xQ93qZ8jGaXSF5CYY=,a4oqewc5b+fApvRcwGuq75zqPNs=
221,130,lLJ+In+E2+xQ93qZ8jGaXSF5CYY=,a4oqewc5b+fApvRcwGuq75zqPNs=
222,130,lLJ+In+E2+xQ93qZ8jGaXSF5CYY=,a4oqewc5b+fApvRcwGuq75zqPNs=
223,130,lLJ+In+E2+xQ93qZ8jGaXSF5CYY=,a4oqewc5b+fApvRcwGuq75zqPNs=
220,128,lLJ+In+E2+xQ93qZ8jGaXSF5CYY=,a4oqewc5b+fApvRcwGuq75zqPNs=
220,131,lLJ+In+E2+xQ93qZ8jGaXSF5CYY=,a4oqewc5b+fApvRcwGuq75zqPNs=
221,131,lLJ+In+E2+xQ93qZ8jGaXSF5CYY=,a4oqewc5b+fApvRcwGuq75zqPNs=
222,131,lLJ+In+E2+xQ93qZ8jGaXSF5CYY=,a4oqewc5b+fApvRcwGuq75zqPNs=
223,131,lLJ+In+E2+xQ93qZ8jGaXSF5CYY=,a4oqewc5b+fApvRcwGuq75zqPNs=
