-19,33,FuGb8M9tJgPTWf2kFB7qkEEykX0=,H6+8QhWWq7wQiyMZVeu3Q7TK97w=
-18,34,FuGb8M9tJgPTWf2kFB7qkEEykX0=,6Vnbplr2/DAT9qXG+WC1UJspxFk=
-19,34,FuGb8M9tJgPTWf2kFB7qkEEykX0=,umQq5eVGxA+YP8qNXqD/uRPCLPI=
-18,33,FuGb8M9tJgPTWf2kFB7qkEEykX0=,D1Tt4TEUw+9SosGcWPelz5tfWOI=
-18,35,XQkSeal+Yy1LydUdYrS9hfkqPe4=,6Vnbplr2/DAT9qXG+WC1UJspxFk=
-19,35,XQkSeal+Yy1LydUdYrS9hfkqPe4=,umQq5eVGxA+YP8qNXqD/uRPCLPI=
-18,36,XQkSeal+Yy1LydUdYrS9hfkqPe4=,blRgdK/Uv433QOS0TIckh8l9hHM=
-19,36,XQkSeal+Yy1LydUdYrS9hfkqPe4=,RknuRSZyMFPmllHsgDG1O2TMWRk=
-20,36,XULZxjK2SJK7v8UMZAZloQpDqrw=,RknuRSZyMFPmllHsgDG1O2TMWRk=
-20,35,XULZxjK2SJK7v8UMZAZloQpDqrw=,umQq5eVGxA+YP8qNXqD/uRPCLPI=
-21,35,XULZxjK2SJK7v8UMZAZloQpDqrw=,frX9s35iLEpIm8SoQoKxK9DYwsE=
-21,36,XULZxjK2SJK7v8UMZAZloQpDqrw=,LDXIqub1f0SQ8H7bRpIRDUeq5+I=
-23,36,cbKeB5Uo0vvRxgVYk1mlM1sQtFc=,m+TPfHJr3FBVFapVng+NEXWaM/Q=
-23,35,cbKeB5Uo0vvRxgVYk1mlM1sQtFc=,lZcgcsFfmR1QcU+2Ck74TEEG+U8=
-22,36,cbKeB5Uo0vvRxgVYk1mlM1sQtFc=,LDXIqub1f0SQ8H7bRpIRDUeq5+I=
-22,35,cbKeB5Uo0vvRxgVYk1mlM1sQtFc=,frX9s35iLEpIm8SoQoKxK9DYwsE=
-24,35,eryCsFSJlWMo68PB6uA5vJ0YYjc=,lZcgcsFfmR1QcU+2Ck74TEEG+U8=
-24,36,eryCsFSJlWMo68PB6uA5vJ0YYjc=,m+TPfHJr3FBVFapVng+NEXWaM/Q=
-25,35,eryCsFSJlWMo68PB6uA5vJ0YYjc=,fxMQ+mBXvS/A34vUKxEE+rsvGm4=
-25,36,eryCsFSJlWMo68PB6uA5vJ0YYjc=,p0r1RT5DAxVcWTNVHVfBeJd6OzA=
-24,34,ByesewostZILmE68oIGDvaAjZZo=,lZcgcsFfmR1QcU+2Ck74TEEG+U8=
-25,34,ByesewostZILmE68oIGDvaAjZZo=,fxMQ+mBXvS/A34vUKxEE+rsvGm4=
-24,33,ByesewostZILmE68oIGDvaAjZZo=,PdSci/dZNKdK6xGNpDXhjpZbMAs=
-25,33,ByesewostZILmE68oIGDvaAjZZo=,+j3ndFwLmS+gGxfyW8Qfbzr0xJI=
-27,33,ByesewostZILmE68oIGDvaAjZZo=,fSQy0MjPgxEa9iTcE2xrFwkUpDM=
-27,34,ByesewostZILmE68oIGDvaAjZZo=,ZEjEzmcdr0yStF4LAxK1qED5lvs=
-26,33,ByesewostZILmE68oIGDvaAjZZo=,+j3ndFwLmS+gGxfyW8Qfbzr0xJI=
-26,34,ByesewostZILmE68oIGDvaAjZZo=,fxMQ+mBXvS/A34vUKxEE+rsvGm4=
-27,35,Nlwoa94tzR1OhFt2F69BDcTW7Po=,ZEjEzmcdr0yStF4LAxK1qED5lvs=
-27,36,Nlwoa94tzR1OhFt2F69BDcTW7Po=,1zTrMUswAtPV+jpipEwSG/X0PdY=
-26,35,Nlwoa94tzR1OhFt2F69BDcTW7Po=,fxMQ+mBXvS/A34vUKxEE+rsvGm4=
-26,36,Nlwoa94tzR1OhFt2F69BDcTW7Po=,p0r1RT5DAxVcWTNVHVfBeJd6OzA=
-28,35,pvHGcJ9Xj8Mn5JizeAkIRISWqRE=,ZEjEzmcdr0yStF4LAxK1qED5lvs=
-28,36,pvHGcJ9Xj8Mn5JizeAkIRISWqRE=,1zTrMUswAtPV+jpipEwSG/X0PdY=
-29,35,pvHGcJ9Xj8Mn5JizeAkIRISWqRE=,qZZxuByavzr6hUZM++2YL45UclU=
-29,36,pvHGcJ9Xj8Mn5JizeAkIRISWqRE=,qlahMPbbkhZRXDPzkM3pfIRhKx4=
-28,33,PW2Eh88pZt2lH8Ipl5rsaj6H9bQ=,fSQy0MjPgxEa9iTcE2xrFwkUpDM=
-28,34,PW2Eh88pZt2lH8Ipl5rsaj6H9bQ=,ZEjEzmcdr0yStF4LAxK1qED5lvs=
-29,34,PW2Eh88pZt2lH8Ipl5rsaj6H9bQ=,qZZxuByavzr6hUZM++2YL45UclU=
-29,33,PW2Eh88pZt2lH8Ipl5rsaj6H9bQ=,gHz2dU5beYOVzZwWefR3m7yOldo=
-29,37,fjVTYXU8toop2w74i2J2ZdZgi/U=,qlahMPbbkhZRXDPzkM3pfIRhKx4=
-28,39,LVcWaBupQP6MldzvBZ9l4XUOLJQ=,4ua12Wn8rhH7WnNnAM9NCEjXxdA=
-28,37,fjVTYXU8toop2w74i2J2ZdZgi/U=,1zTrMUswAtPV+jpipEwSG/X0PdY=
-28,40,LVcWaBupQP6MldzvBZ9l4XUOLJQ=,lgfh/szj++e9mf6B03niVACpac0=
-28,38,fjVTYXU8toop2w74i2J2ZdZgi/U=,4ua12Wn8rhH7WnNnAM9NCEjXxdA=
-29,38,fjVTYXU8toop2w74i2J2ZdZgi/U=,hyz1sytSDw2HHi8p5HIai7jlr4Q=
-29,39,LVcWaBupQP6MldzvBZ9l4XUOLJQ=,hyz1sytSDw2HHi8p5HIai7jlr4Q=
-29,40,LVcWaBupQP6MldzvBZ9l4XUOLJQ=,LdGaR9YU3RcBKJRFvYXxktBdGnw=
-27,37,Urv7/REWWa2whmaIeKoJFC7p1K0=,1zTrMUswAtPV+jpipEwSG/X0PdY=
-26,37,Urv7/REWWa2whmaIeKoJFC7p1K0=,p0r1RT5DAxVcWTNVHVfBeJd6OzA=
-27,38,Urv7/REWWa2whmaIeKoJFC7p1K0=,4ua12Wn8rhH7WnNnAM9NCEjXxdA=
-26,38,Urv7/REWWa2whmaIeKoJFC7p1K0=,ESeXH5cmC2rdEThLXq/5UmxngFQ=
-27,39,ZC2FTmj5CdXzrlR2QT8nWm0XIc8=,4ua12Wn8rhH7WnNnAM9NCEjXxdA=
-26,40,ZC2FTmj5CdXzrlR2QT8nWm0XIc8=,/DQotG4MayoxazD3UbERaAbLf0s=
-26,39,ZC2FTmj5CdXzrlR2QT8nWm0XIc8=,ESeXH5cmC2rdEThLXq/5UmxngFQ=
-27,40,ZC2FTmj5CdXzrlR2QT8nWm0XIc8=,lgfh/szj++e9mf6B03niVACpac0=
-25,37,4fe7c5yb7ytdUV+viaFU0GY+Hzk=,p0r1RT5DAxVcWTNVHVfBeJd6OzA=
-24,37,4fe7c5yb7ytdUV+viaFU0GY+Hzk=,m+TPfHJr3FBVFapVng+NEXWaM/Q=
-25,38,4fe7c5yb7ytdUV+viaFU0GY+Hzk=,ESeXH5cmC2rdEThLXq/5UmxngFQ=
-25,40,4fe7c5yb7ytdUV+viaFU0GY+Hzk=,/DQotG4MayoxazD3UbERaAbLf0s=
-24,39,4fe7c5yb7ytdUV+viaFU0GY+Hzk=,6hy1NkgdLrpVkQAQ491emU3oxwo=
-24,40,4fe7c5yb7ytdUV+viaFU0GY+Hzk=,RCrihIvCSRvtIL6HZhsSmdU1k6c=
-25,39,4fe7c5yb7ytdUV+viaFU0GY+Hzk=,ESeXH5cmC2rdEThLXq/5UmxngFQ=
-24,38,4fe7c5yb7ytdUV+viaFU0GY+Hzk=,6hy1NkgdLrpVkQAQ491emU3oxwo=
-25,41,fpWfg62drs3atpBD14m4Gk2yOVk=,/DQotG4MayoxazD3UbERaAbLf0s=
-24,42,fpWfg62drs3atpBD14m4Gk2yOVk=,/SVKe8a62xw03iPNSTVC59G/QCU=
-24,41,fpWfg62drs3atpBD14m4Gk2yOVk=,RCrihIvCSRvtIL6HZhsSmdU1k6c=
-25,42,fpWfg62drs3atpBD14m4Gk2yOVk=,V8y0e4Jw+Q+5KEqdpI/wrHxFbZY=
-23,42,ILv+4UjOzwxBOL3IF1hghfFd/0w=,/SVKe8a62xw03iPNSTVC59G/QCU=
-23,41,ILv+4UjOzwxBOL3IF1hghfFd/0w=,RCrihIvCSRvtIL6HZhsSmdU1k6c=
-22,41,ILv+4UjOzwxBOL3IF1hghfFd/0w=,mcR0fJNVIhLrtg/4Pl0PoujOYao=
-22,42,LrNJeyF3j/9TnDC8nVFSPNOLHKU=,T+8chTyykSgFe+0fx2xE0Wnr2qs=
-21,42,ILv+4UjOzwxBOL3IF1hghfFd/0w=,T+8chTyykSgFe+0fx2xE0Wnr2qs=
-21,41,ILv+4UjOzwxBOL3IF1hghfFd/0w=,mcR0fJNVIhLrtg/4Pl0PoujOYao=
-20,42,LrNJeyF3j/9TnDC8nVFSPNOLHKU=,5DrHUW9dSpPeNDtOROEi140hklI=
-20,41,ILv+4UjOzwxBOL3IF1hghfFd/0w=,Aemz29bYdqzMGxAzpMex0dueCqY=
-21,44,p2GjGa/OGwDbpec5GbAGnJABaas=,Rhoig6eYMglBDH+zx7+7kucgj+s=
-20,43,p2GjGa/OGwDbpec5GbAGnJABaas=,5DrHUW9dSpPeNDtOROEi140hklI=
-21,43,p2GjGa/OGwDbpec5GbAGnJABaas=,T+8chTyykSgFe+0fx2xE0Wnr2qs=
-20,44,p2GjGa/OGwDbpec5GbAGnJABaas=,RpaBeGOv5UIHHkjd9d/+CExadOE=
-23,44,StWo1bDsIm+RARRKLTbqWu1wcm4=,vUdrgtds8R31jfnH7b+nUZrc590=
-22,43,StWo1bDsIm+RARRKLTbqWu1wcm4=,T+8chTyykSgFe+0fx2xE0Wnr2qs=
-22,44,StWo1bDsIm+RARRKLTbqWu1wcm4=,Rhoig6eYMglBDH+zx7+7kucgj+s=
-23,43,StWo1bDsIm+RARRKLTbqWu1wcm4=,/SVKe8a62xw03iPNSTVC59G/QCU=
-25,44,StWo1bDsIm+RARRKLTbqWu1wcm4=,1L1BjNl/jgDwJexwVHOQXfgLDuA=
-24,44,StWo1bDsIm+RARRKLTbqWu1wcm4=,vUdrgtds8R31jfnH7b+nUZrc590=
-25,43,StWo1bDsIm+RARRKLTbqWu1wcm4=,V8y0e4Jw+Q+5KEqdpI/wrHxFbZY=
-24,43,StWo1bDsIm+RARRKLTbqWu1wcm4=,/SVKe8a62xw03iPNSTVC59G/QCU=
-24,45,UB09ivEelWQGhY0X2twQWuVNYBg=,vUdrgtds8R31jfnH7b+nUZrc590=
-25,45,UB09ivEelWQGhY0X2twQWuVNYBg=,1L1BjNl/jgDwJexwVHOQXfgLDuA=
-24,46,UB09ivEelWQGhY0X2twQWuVNYBg=,LLxzx2h4CiSuATJuaTs0mORzqL8=
-25,46,UB09ivEelWQGhY0X2twQWuVNYBg=,gV6ZyssZmLvTjh6pQpXeyFbayiw=
-26,45,vbYSyRvx9KH96SUpM7S+jQRwd/c=,1L1BjNl/jgDwJexwVHOQXfgLDuA=
-26,46,vbYSyRvx9KH96SUpM7S+jQRwd/c=,gV6ZyssZmLvTjh6pQpXeyFbayiw=
-27,45,vbYSyRvx9KH96SUpM7S+jQRwd/c=,c/yF2mU6pcgjFfcuhUgTToXqdU8=
-27,46,vbYSyRvx9KH96SUpM7S+jQRwd/c=,i4zNz8WVG4aSkcHw0FfAor/8y/s=
-28,46,W9PMCoyS1+Cit3YUn7t7qow2dVk=,i4zNz8WVG4aSkcHw0FfAor/8y/s=
-28,45,W9PMCoyS1+Cit3YUn7t7qow2dVk=,c/yF2mU6pcgjFfcuhUgTToXqdU8=
-29,45,W9PMCoyS1+Cit3YUn7t7qow2dVk=,KPowhaYJp81v5SlWSfH0eHg40L0=
-29,46,W9PMCoyS1+Cit3YUn7t7qow2dVk=,sdnLUoTqcil2H2quhij9O0wuPLw=
-31,43,hT8a5QAqIseUPtn7SmYUWjw5hTM=,ZD+tdTVN0FoZkj4quaGGiJzIwsM=
-31,44,hT8a5QAqIseUPtn7SmYUWjw5hTM=,ixQE+U7Pup8zn2wLZR900NyO1eI=
-30,44,hT8a5QAqIseUPtn7SmYUWjw5hTM=,KPowhaYJp81v5SlWSfH0eHg40L0=
-30,43,hT8a5QAqIseUPtn7SmYUWjw5hTM=,a15Yq91lR7IEf2e2E+V71UK4jeI=
-26,43,vbYSyRvx9KH96SUpM7S+jQRwd/c=,V8y0e4Jw+Q+5KEqdpI/wrHxFbZY=
-26,44,vbYSyRvx9KH96SUpM7S+jQRwd/c=,1L1BjNl/jgDwJexwVHOQXfgLDuA=
-27,44,vbYSyRvx9KH96SUpM7S+jQRwd/c=,c/yF2mU6pcgjFfcuhUgTToXqdU8=
-26,41,fpWfg62drs3atpBD14m4Gk2yOVk=,/DQotG4MayoxazD3UbERaAbLf0s=
-26,42,fpWfg62drs3atpBD14m4Gk2yOVk=,V8y0e4Jw+Q+5KEqdpI/wrHxFbZY=
-29,44,mRG0zOvKY/uakRVxhjmDeyvdRn0=,KPowhaYJp81v5SlWSfH0eHg40L0=
-28,44,IlRU/maw8qHHN3ddmU2PyCgtMXA=,c/yF2mU6pcgjFfcuhUgTToXqdU8=
-28,41,meZHD+omYldOLz3bY8TDeKxTnNc=,lgfh/szj++e9mf6B03niVACpac0=
-27,41,fpWfg62drs3atpBD14m4Gk2yOVk=,lgfh/szj++e9mf6B03niVACpac0=
-28,43,IlRU/maw8qHHN3ddmU2PyCgtMXA=,RnkeRgQMbWmvnE4rgTJJ5VYFF90=
-28,42,meZHD+omYldOLz3bY8TDeKxTnNc=,RnkeRgQMbWmvnE4rgTJJ5VYFF90=
-29,43,IlRU/maw8qHHN3ddmU2PyCgtMXA=,a15Yq91lR7IEf2e2E+V71UK4jeI=
-29,41,meZHD+omYldOLz3bY8TDeKxTnNc=,LdGaR9YU3RcBKJRFvYXxktBdGnw=
-29,42,meZHD+omYldOLz3bY8TDeKxTnNc=,a15Yq91lR7IEf2e2E+V71UK4jeI=
-27,42,fpWfg62drs3atpBD14m4Gk2yOVk=,RnkeRgQMbWmvnE4rgTJJ5VYFF90=
-27,43,vbYSyRvx9KH96SUpM7S+jQRwd/c=,RnkeRgQMbWmvnE4rgTJJ5VYFF90=
-30,41,meZHD+omYldOLz3bY8TDeKxTnNc=,LdGaR9YU3RcBKJRFvYXxktBdGnw=
-30,42,meZHD+omYldOLz3bY8TDeKxTnNc=,a15Yq91lR7IEf2e2E+V71UK4jeI=
-31,42,meZHD+omYldOLz3bY8TDeKxTnNc=,ZD+tdTVN0FoZkj4quaGGiJzIwsM=
-31,41,meZHD+omYldOLz3bY8TDeKxTnNc=,8R/92oDRBDT/2hOf65uGX0CVdtk=
-31,40,tvvzlRShpJUQ3rmgOCnTGVvNkvg=,8R/92oDRBDT/2hOf65uGX0CVdtk=
-31,39,tvvzlRShpJUQ3rmgOCnTGVvNkvg=,jDMbgbgGftQ1MgJnxV2s+c+AU6M=
-30,39,tvvzlRShpJUQ3rmgOCnTGVvNkvg=,hyz1sytSDw2HHi8p5HIai7jlr4Q=
-30,40,tvvzlRShpJUQ3rmgOCnTGVvNkvg=,LdGaR9YU3RcBKJRFvYXxktBdGnw=
-31,38,pvHGcJ9Xj8Mn5JizeAkIRISWqRE=,jDMbgbgGftQ1MgJnxV2s+c+AU6M=
-30,38,pvHGcJ9Xj8Mn5JizeAkIRISWqRE=,hyz1sytSDw2HHi8p5HIai7jlr4Q=
-30,37,pvHGcJ9Xj8Mn5JizeAkIRISWqRE=,qlahMPbbkhZRXDPzkM3pfIRhKx4=
-31,37,pvHGcJ9Xj8Mn5JizeAkIRISWqRE=,9V022oGGbxG3NbwWcZ5e/Ad7Evc=
-30,35,NoMKQlqhErC13jCi/Ihv/kPP5mg=,qZZxuByavzr6hUZM++2YL45UclU=
-31,36,NoMKQlqhErC13jCi/Ihv/kPP5mg=,9V022oGGbxG3NbwWcZ5e/Ad7Evc=
-30,36,NoMKQlqhErC13jCi/Ihv/kPP5mg=,qlahMPbbkhZRXDPzkM3pfIRhKx4=
-31,35,NoMKQlqhErC13jCi/Ihv/kPP5mg=,6aw6Y+5kmM0TzwQ98cXSSHgKwhk=
-32,36,Cb0LoG7qyjbC2VpuSZXBmr1pj+g=,9V022oGGbxG3NbwWcZ5e/Ad7Evc=
-32,35,Cb0LoG7qyjbC2VpuSZXBmr1pj+g=,6aw6Y+5kmM0TzwQ98cXSSHgKwhk=
-31,34,PW2Eh88pZt2lH8Ipl5rsaj6H9bQ=,6aw6Y+5kmM0TzwQ98cXSSHgKwhk=
-30,34,PW2Eh88pZt2lH8Ipl5rsaj6H9bQ=,qZZxuByavzr6hUZM++2YL45UclU=
-30,33,PW2Eh88pZt2lH8Ipl5rsaj6H9bQ=,gHz2dU5beYOVzZwWefR3m7yOldo=
-31,33,PW2Eh88pZt2lH8Ipl5rsaj6H9bQ=,5Lvh14fmGjuQRW9TIUY2n6E1LoI=
-32,33,NBsNXu70OtWqq9ydaRpLcR483HE=,5Lvh14fmGjuQRW9TIUY2n6E1LoI=
-32,34,NBsNXu70OtWqq9ydaRpLcR483HE=,6aw6Y+5kmM0TzwQ98cXSSHgKwhk=
-31,32,NBsNXu70OtWqq9ydaRpLcR483HE=,5Lvh14fmGjuQRW9TIUY2n6E1LoI=
-30,32,NBsNXu70OtWqq9ydaRpLcR483HE=,gHz2dU5beYOVzZwWefR3m7yOldo=
-28,32,GsS5U8UU6BXqscOvRjpchGPCtcs=,fSQy0MjPgxEa9iTcE2xrFwkUpDM=
-29,32,GsS5U8UU6BXqscOvRjpchGPCtcs=,gHz2dU5beYOVzZwWefR3m7yOldo=
-27,32,ByesewostZILmE68oIGDvaAjZZo=,fSQy0MjPgxEa9iTcE2xrFwkUpDM=
-26,32,ByesewostZILmE68oIGDvaAjZZo=,+j3ndFwLmS+gGxfyW8Qfbzr0xJI=
-24,32,ByesewostZILmE68oIGDvaAjZZo=,PdSci/dZNKdK6xGNpDXhjpZbMAs=
-25,32,ByesewostZILmE68oIGDvaAjZZo=,+j3ndFwLmS+gGxfyW8Qfbzr0xJI=
-19,32,sH7JZ8PAcyV3c81y5aBCuN/iSaA=,H6+8QhWWq7wQiyMZVeu3Q7TK97w=
-18,32,sH7JZ8PAcyV3c81y5aBCuN/iSaA=,D1Tt4TEUw+9SosGcWPelz5tfWOI=
-23,34,vKwEPuPjFicdUtlYLTUAl37q/lI=,lZcgcsFfmR1QcU+2Ck74TEEG+U8=
-20,32,sH7JZ8PAcyV3c81y5aBCuN/iSaA=,H6+8QhWWq7wQiyMZVeu3Q7TK97w=
-20,34,5AW7PzSMMb4PA/Z8Li56nu3/4lQ=,umQq5eVGxA+YP8qNXqD/uRPCLPI=
-23,32,sH7JZ8PAcyV3c81y5aBCuN/iSaA=,PdSci/dZNKdK6xGNpDXhjpZbMAs=
-23,33,vKwEPuPjFicdUtlYLTUAl37q/lI=,PdSci/dZNKdK6xGNpDXhjpZbMAs=
-22,32,sH7JZ8PAcyV3c81y5aBCuN/iSaA=,wGxtastJCz5YDLqiXLWhWcgp4Mg=
-21,32,sH7JZ8PAcyV3c81y5aBCuN/iSaA=,wGxtastJCz5YDLqiXLWhWcgp4Mg=
-21,34,5AW7PzSMMb4PA/Z8Li56nu3/4lQ=,frX9s35iLEpIm8SoQoKxK9DYwsE=
-22,34,vKwEPuPjFicdUtlYLTUAl37q/lI=,frX9s35iLEpIm8SoQoKxK9DYwsE=
-22,33,vKwEPuPjFicdUtlYLTUAl37q/lI=,wGxtastJCz5YDLqiXLWhWcgp4Mg=
-20,33,5AW7PzSMMb4PA/Z8Li56nu3/4lQ=,H6+8QhWWq7wQiyMZVeu3Q7TK97w=
-21,33,5AW7PzSMMb4PA/Z8Li56nu3/4lQ=,wGxtastJCz5YDLqiXLWhWcgp4Mg=
-17,32,NKvyP92elgJJ0ibXPutp+Wp/kHQ=,D1Tt4TEUw+9SosGcWPelz5tfWOI=
-23,39,4fe7c5yb7ytdUV+viaFU0GY+Hzk=,6hy1NkgdLrpVkQAQ491emU3oxwo=
-23,40,4fe7c5yb7ytdUV+viaFU0GY+Hzk=,RCrihIvCSRvtIL6HZhsSmdU1k6c=
-23,38,4fe7c5yb7ytdUV+viaFU0GY+Hzk=,6hy1NkgdLrpVkQAQ491emU3oxwo=
-22,37,4fe7c5yb7ytdUV+viaFU0GY+Hzk=,LDXIqub1f0SQ8H7bRpIRDUeq5+I=
-20,37,XULZxjK2SJK7v8UMZAZloQpDqrw=,RknuRSZyMFPmllHsgDG1O2TMWRk=
-21,37,XULZxjK2SJK7v8UMZAZloQpDqrw=,LDXIqub1f0SQ8H7bRpIRDUeq5+I=
-21,39,ILv+4UjOzwxBOL3IF1hghfFd/0w=,gTf9x4P7kJLuc0BIzyvwRtf2sm8=
-19,38,XQkSeal+Yy1LydUdYrS9hfkqPe4=,Z+cYc48WpWftYqTUns4TLO2J0nY=
-21,40,ILv+4UjOzwxBOL3IF1hghfFd/0w=,mcR0fJNVIhLrtg/4Pl0PoujOYao=
-20,39,ILv+4UjOzwxBOL3IF1hghfFd/0w=,Z+cYc48WpWftYqTUns4TLO2J0nY=
-19,37,XQkSeal+Yy1LydUdYrS9hfkqPe4=,RknuRSZyMFPmllHsgDG1O2TMWRk=
-21,38,XULZxjK2SJK7v8UMZAZloQpDqrw=,gTf9x4P7kJLuc0BIzyvwRtf2sm8=
-18,37,XQkSeal+Yy1LydUdYrS9hfkqPe4=,blRgdK/Uv433QOS0TIckh8l9hHM=
-20,38,XULZxjK2SJK7v8UMZAZloQpDqrw=,Z+cYc48WpWftYqTUns4TLO2J0nY=
-18,38,XQkSeal+Yy1LydUdYrS9hfkqPe4=,LCQCjY+oOcYEfUCj46QS4yL8ZLk=
-20,40,ILv+4UjOzwxBOL3IF1hghfFd/0w=,Aemz29bYdqzMGxAzpMex0dueCqY=
-22,38,4fe7c5yb7ytdUV+viaFU0GY+Hzk=,gTf9x4P7kJLuc0BIzyvwRtf2sm8=
-22,39,4fe7c5yb7ytdUV+viaFU0GY+Hzk=,gTf9x4P7kJLuc0BIzyvwRtf2sm8=
-23,37,4fe7c5yb7ytdUV+viaFU0GY+Hzk=,m+TPfHJr3FBVFapVng+NEXWaM/Q=
-22,40,4fe7c5yb7ytdUV+viaFU0GY+Hzk=,mcR0fJNVIhLrtg/4Pl0PoujOYao=
-18,39,oM6r0HNn+EZ5YjHq6wvqDTsOYaU=,LCQCjY+oOcYEfUCj46QS4yL8ZLk=
-19,39,oM6r0HNn+EZ5YjHq6wvqDTsOYaU=,Z+cYc48WpWftYqTUns4TLO2J0nY=
-18,40,oM6r0HNn+EZ5YjHq6wvqDTsOYaU=,gOhtUNETB/pVShGYC9j3HZE3jqk=
-19,40,oM6r0HNn+EZ5YjHq6wvqDTsOYaU=,Aemz29bYdqzMGxAzpMex0dueCqY=
-19,42,58+PvzgC/8oX02HMNJb+IZzSls0=,5DrHUW9dSpPeNDtOROEi140hklI=
-19,41,58+PvzgC/8oX02HMNJb+IZzSls0=,Aemz29bYdqzMGxAzpMex0dueCqY=
-18,41,58+PvzgC/8oX02HMNJb+IZzSls0=,gOhtUNETB/pVShGYC9j3HZE3jqk=
-18,42,58+PvzgC/8oX02HMNJb+IZzSls0=,LoPzzNbxn0Avh9hevAhb/0OrIbs=
-19,44,+/NWPrXL5sd0+jGcVjTw41pOKOM=,RpaBeGOv5UIHHkjd9d/+CExadOE=
-18,43,+/NWPrXL5sd0+jGcVjTw41pOKOM=,LoPzzNbxn0Avh9hevAhb/0OrIbs=
-19,43,+/NWPrXL5sd0+jGcVjTw41pOKOM=,5DrHUW9dSpPeNDtOROEi140hklI=
-18,44,+/NWPrXL5sd0+jGcVjTw41pOKOM=,D5JRfQ0Ma0v8wgw1QvDQYs7zZI0=
-18,45,+/NWPrXL5sd0+jGcVjTw41pOKOM=,D5JRfQ0Ma0v8wgw1QvDQYs7zZI0=
-19,45,+/NWPrXL5sd0+jGcVjTw41pOKOM=,RpaBeGOv5UIHHkjd9d/+CExadOE=
-19,46,+/NWPrXL5sd0+jGcVjTw41pOKOM=,OgxkNAU7haaRIC+4UZKqzQm16Ig=
-18,46,+/NWPrXL5sd0+jGcVjTw41pOKOM=,UHPzVaHL2jyoLDxy5B35ZzgaJ6U=
-19,47,ACeRP7a/DrQifpgkRugvbiFV82k=,OgxkNAU7haaRIC+4UZKqzQm16Ig=
-18,47,ACeRP7a/DrQifpgkRugvbiFV82k=,UHPzVaHL2jyoLDxy5B35ZzgaJ6U=
-20,46,UNspFKo7htJUBU8CxZN+MaIqu38=,OgxkNAU7haaRIC+4UZKqzQm16Ig=
-23,45,UNspFKo7htJUBU8CxZN+MaIqu38=,vUdrgtds8R31jfnH7b+nUZrc590=
-22,45,UNspFKo7htJUBU8CxZN+MaIqu38=,Rhoig6eYMglBDH+zx7+7kucgj+s=
-23,46,UNspFKo7htJUBU8CxZN+MaIqu38=,LLxzx2h4CiSuATJuaTs0mORzqL8=
-20,45,UNspFKo7htJUBU8CxZN+MaIqu38=,RpaBeGOv5UIHHkjd9d/+CExadOE=
-21,45,UNspFKo7htJUBU8CxZN+MaIqu38=,Rhoig6eYMglBDH+zx7+7kucgj+s=
-21,47,ACeRP7a/DrQifpgkRugvbiFV82k=,Kt32xewH+Ilye2Qru2qrpA6Ge0w=
-21,46,UNspFKo7htJUBU8CxZN+MaIqu38=,Kt32xewH+Ilye2Qru2qrpA6Ge0w=
-20,47,ACeRP7a/DrQifpgkRugvbiFV82k=,OgxkNAU7haaRIC+4UZKqzQm16Ig=
-22,46,UNspFKo7htJUBU8CxZN+MaIqu38=,Kt32xewH+Ilye2Qru2qrpA6Ge0w=
-22,47,ACeRP7a/DrQifpgkRugvbiFV82k=,Kt32xewH+Ilye2Qru2qrpA6Ge0w=
-23,47,ACeRP7a/DrQifpgkRugvbiFV82k=,LLxzx2h4CiSuATJuaTs0mORzqL8=
-24,47,An+Qt81ZdgN65iZDJevpBtvQliQ=,LLxzx2h4CiSuATJuaTs0mORzqL8=
-25,47,An+Qt81ZdgN65iZDJevpBtvQliQ=,gV6ZyssZmLvTjh6pQpXeyFbayiw=
-26,47,An+Qt81ZdgN65iZDJevpBtvQliQ=,gV6ZyssZmLvTjh6pQpXeyFbayiw=
-27,47,An+Qt81ZdgN65iZDJevpBtvQliQ=,i4zNz8WVG4aSkcHw0FfAor/8y/s=
-28,47,MjfNxWGDSpsY1iNFVcqmPnD3Ur8=,i4zNz8WVG4aSkcHw0FfAor/8y/s=
-29,47,MjfNxWGDSpsY1iNFVcqmPnD3Ur8=,sdnLUoTqcil2H2quhij9O0wuPLw=
-32,46,VzZUjLCdKU6yCjxQPa8eAHwRzMc=,5tE4Zm7BNWfKTrl61bYm7discv0=
-31,47,VzZUjLCdKU6yCjxQPa8eAHwRzMc=,5tE4Zm7BNWfKTrl61bYm7discv0=
-30,46,mRG0zOvKY/uakRVxhjmDeyvdRn0=,sdnLUoTqcil2H2quhij9O0wuPLw=
-31,46,mRG0zOvKY/uakRVxhjmDeyvdRn0=,5tE4Zm7BNWfKTrl61bYm7discv0=
-30,47,VzZUjLCdKU6yCjxQPa8eAHwRzMc=,sdnLUoTqcil2H2quhij9O0wuPLw=
-30,45,mRG0zOvKY/uakRVxhjmDeyvdRn0=,KPowhaYJp81v5SlWSfH0eHg40L0=
-31,45,mRG0zOvKY/uakRVxhjmDeyvdRn0=,ixQE+U7Pup8zn2wLZR900NyO1eI=
-32,45,VzZUjLCdKU6yCjxQPa8eAHwRzMc=,ixQE+U7Pup8zn2wLZR900NyO1eI=
-32,43,jgz1mrC8Xkcx5iVALrbZ1cXeIFw=,ZD+tdTVN0FoZkj4quaGGiJzIwsM=
-32,44,jgz1mrC8Xkcx5iVALrbZ1cXeIFw=,ixQE+U7Pup8zn2wLZR900NyO1eI=
-32,42,QuArxvJ+BaVE336rpo38dbDIH8g=,ZD+tdTVN0FoZkj4quaGGiJzIwsM=
-32,41,QuArxvJ+BaVE336rpo38dbDIH8g=,8R/92oDRBDT/2hOf65uGX0CVdtk=
-32,47,MjfNxWGDSpsY1iNFVcqmPnD3Ur8=,5tE4Zm7BNWfKTrl61bYm7discv0=
-32,37,tuwl8Pab0qLMeQQ+FAH9kpkTLAY=,9V022oGGbxG3NbwWcZ5e/Ad7Evc=
-32,38,tuwl8Pab0qLMeQQ+FAH9kpkTLAY=,jDMbgbgGftQ1MgJnxV2s+c+AU6M=
-32,39,QuArxvJ+BaVE336rpo38dbDIH8g=,jDMbgbgGftQ1MgJnxV2s+c+AU6M=
-32,40,QuArxvJ+BaVE336rpo38dbDIH8g=,8R/92oDRBDT/2hOf65uGX0CVdtk=
-17,40,XQkSeal+Yy1LydUdYrS9hfkqPe4=,gOhtUNETB/pVShGYC9j3HZE3jqk=
-17,39,XQkSeal+Yy1LydUdYrS9hfkqPe4=,LCQCjY+oOcYEfUCj46QS4yL8ZLk=
-17,41,Q0KRtCEIsEfJKa/7iEBaEhJuJtw=,gOhtUNETB/pVShGYC9j3HZE3jqk=
-17,42,Q0KRtCEIsEfJKa/7iEBaEhJuJtw=,LoPzzNbxn0Avh9hevAhb/0OrIbs=
-17,37,XQkSeal+Yy1LydUdYrS9hfkqPe4=,blRgdK/Uv433QOS0TIckh8l9hHM=
-17,38,XQkSeal+Yy1LydUdYrS9hfkqPe4=,LCQCjY+oOcYEfUCj46QS4yL8ZLk=
-17,35,hbQ2ULxxdjieqIj60wJBKxIIoxM=,6Vnbplr2/DAT9qXG+WC1UJspxFk=
-17,34,hbQ2ULxxdjieqIj60wJBKxIIoxM=,6Vnbplr2/DAT9qXG+WC1UJspxFk=
-17,33,hbQ2ULxxdjieqIj60wJBKxIIoxM=,D1Tt4TEUw+9SosGcWPelz5tfWOI=
-17,36,hbQ2ULxxdjieqIj60wJBKxIIoxM=,blRgdK/Uv433QOS0TIckh8l9hHM=
-17,44,Q0KRtCEIsEfJKa/7iEBaEhJuJtw=,D5JRfQ0Ma0v8wgw1QvDQYs7zZI0=
-17,43,Q0KRtCEIsEfJKa/7iEBaEhJuJtw=,LoPzzNbxn0Avh9hevAhb/0OrIbs=
-17,46,Q0KRtCEIsEfJKa/7iEBaEhJuJtw=,UHPzVaHL2jyoLDxy5B35ZzgaJ6U=
-17,45,Q0KRtCEIsEfJKa/7iEBaEhJuJtw=,D5JRfQ0Ma0v8wgw1QvDQYs7zZI0=
-17,47,An+Qt81ZdgN65iZDJevpBtvQliQ=,UHPzVaHL2jyoLDxy5B35ZzgaJ6U=
-32,32,BsZ9W+ilKex4dIh0hMZNmCxiscY=,5Lvh14fmGjuQRW9TIUY2n6E1LoI=
-19,49,O2bDYwX8OjG2BbAk/eZ0kHmbxmg=,4N5W3demwLwI/Qt9mqpSuLBujZ0=
-18,50,O2bDYwX8OjG2BbAk/eZ0kHmbxmg=,BhXyGIODIfCyvAEcUaRrEdvaEJ0=
-18,49,O2bDYwX8OjG2BbAk/eZ0kHmbxmg=,RjFn2pXV/iGqJXcZqFvEc2e2Tsw=
-19,50,O2bDYwX8OjG2BbAk/eZ0kHmbxmg=,O+DvlHOAJcEUuBc0DfEvQv5XOjo=
-20,49,6VZLjQy0tJWY5QCZbKGyZPlxNXc=,4N5W3demwLwI/Qt9mqpSuLBujZ0=
-20,50,6VZLjQy0tJWY5QCZbKGyZPlxNXc=,O+DvlHOAJcEUuBc0DfEvQv5XOjo=
-21,50,6VZLjQy0tJWY5QCZbKGyZPlxNXc=,HIXMn0ifKcU0m1kV7RsFPwRc+Lo=
-21,49,6VZLjQy0tJWY5QCZbKGyZPlxNXc=,IGfj0p8tZU5YVpTh1vsDfqBkKbs=
-22,49,MwxIuflLnlE0NOC6bcvIbNlUPXA=,IGfj0p8tZU5YVpTh1vsDfqBkKbs=
-22,50,MwxIuflLnlE0NOC6bcvIbNlUPXA=,HIXMn0ifKcU0m1kV7RsFPwRc+Lo=
-23,49,MwxIuflLnlE0NOC6bcvIbNlUPXA=,Qn+oEWOmXZbNikFlx2f62RQIyIY=
-23,50,MwxIuflLnlE0NOC6bcvIbNlUPXA=,Ir3vzQKUgST6yzxt+spmeYe19U8=
-25,50,MwxIuflLnlE0NOC6bcvIbNlUPXA=,cm+TLcos8IYuohNzswpIqsnpCJg=
-24,49,MwxIuflLnlE0NOC6bcvIbNlUPXA=,Qn+oEWOmXZbNikFlx2f62RQIyIY=
-24,50,MwxIuflLnlE0NOC6bcvIbNlUPXA=,Ir3vzQKUgST6yzxt+spmeYe19U8=
-25,49,MwxIuflLnlE0NOC6bcvIbNlUPXA=,1zTrMUswAtPV+jpipEwSG/X0PdY=
-27,49,IGDFUjNgbJQ46ZogKy4FknXPEH0=,emcvRWsZQi3SowZtGctnvcXWNJo=
-27,50,IGDFUjNgbJQ46ZogKy4FknXPEH0=,gV6ZyssZmLvTjh6pQpXeyFbayiw=
-26,49,IGDFUjNgbJQ46ZogKy4FknXPEH0=,1zTrMUswAtPV+jpipEwSG/X0PdY=
-26,50,IGDFUjNgbJQ46ZogKy4FknXPEH0=,cm+TLcos8IYuohNzswpIqsnpCJg=
-26,54,1LgCWGN84auRh4crc5Lx3jy3ikQ=,kiw/GuqzYUagGGWKIfQWyFsIKl0=
-26,51,6aZqglIUwruZFJLWPjfiUxwdgpE=,cm+TLcos8IYuohNzswpIqsnpCJg=
-27,51,6aZqglIUwruZFJLWPjfiUxwdgpE=,gV6ZyssZmLvTjh6pQpXeyFbayiw=
-27,53,1LgCWGN84auRh4crc5Lx3jy3ikQ=,T+8chTyykSgFe+0fx2xE0Wnr2qs=
-27,52,6aZqglIUwruZFJLWPjfiUxwdgpE=,T+8chTyykSgFe+0fx2xE0Wnr2qs=
-27,54,1LgCWGN84auRh4crc5Lx3jy3ikQ=,bS3EbjRZ5QdGHkYyffGW0+tG0uI=
-26,52,6aZqglIUwruZFJLWPjfiUxwdgpE=,oYnIknPzeOX9Co5ANR4NiwzEKms=
-26,53,1LgCWGN84auRh4crc5Lx3jy3ikQ=,oYnIknPzeOX9Co5ANR4NiwzEKms=
-26,60,AlyZRs263SBsAmf0TqRNZUXhVWg=,NkD1OM/FaVNtpmd47/WRwHD3pKA=
-26,59,AlyZRs263SBsAmf0TqRNZUXhVWg=,fsnfMgSTvRkI8v2GSrMGLf+k9XE=
-27,59,AlyZRs263SBsAmf0TqRNZUXhVWg=,a/Usbr/+TJIe8Ou+PMs1SNQ4yr8=
-27,60,AlyZRs263SBsAmf0TqRNZUXhVWg=,Gos1P7AQgN7Nu/5cZwWLXuYkOCM=
-26,58,Y4UIiuRC/ncRosT+V5nWIfGZpc0=,fsnfMgSTvRkI8v2GSrMGLf+k9XE=
-26,57,Y4UIiuRC/ncRosT+V5nWIfGZpc0=,wW1Wldbx9Fz44A2LoJTRaMfRBCA=
-26,56,Y4UIiuRC/ncRosT+V5nWIfGZpc0=,wW1Wldbx9Fz44A2LoJTRaMfRBCA=
-26,55,Y4UIiuRC/ncRosT+V5nWIfGZpc0=,kiw/GuqzYUagGGWKIfQWyFsIKl0=
-27,55,Y4UIiuRC/ncRosT+V5nWIfGZpc0=,bS3EbjRZ5QdGHkYyffGW0+tG0uI=
-27,58,Y4UIiuRC/ncRosT+V5nWIfGZpc0=,a/Usbr/+TJIe8Ou+PMs1SNQ4yr8=
-27,57,Y4UIiuRC/ncRosT+V5nWIfGZpc0=,mWMDxl/eEqM5ARndyhxfDt2l3QM=
-27,56,Y4UIiuRC/ncRosT+V5nWIfGZpc0=,mWMDxl/eEqM5ARndyhxfDt2l3QM=
-29,60,mS3VGb5OUcYuPuFkfxDqOfyFqY0=,L3TKN68pnZkooUxO6xb4HLyCXko=
-28,60,mS3VGb5OUcYuPuFkfxDqOfyFqY0=,Gos1P7AQgN7Nu/5cZwWLXuYkOCM=
-28,59,mS3VGb5OUcYuPuFkfxDqOfyFqY0=,a/Usbr/+TJIe8Ou+PMs1SNQ4yr8=
-29,59,mS3VGb5OUcYuPuFkfxDqOfyFqY0=,fFin+owt3409T9lYRKU4Us9UI7k=
-28,58,Y4UIiuRC/ncRosT+V5nWIfGZpc0=,a/Usbr/+TJIe8Ou+PMs1SNQ4yr8=
-29,58,Y4UIiuRC/ncRosT+V5nWIfGZpc0=,fFin+owt3409T9lYRKU4Us9UI7k=
-28,57,Y4UIiuRC/ncRosT+V5nWIfGZpc0=,mWMDxl/eEqM5ARndyhxfDt2l3QM=
-29,57,Y4UIiuRC/ncRosT+V5nWIfGZpc0=,nihXLZrjyPEyPgb1P+V/i2Qql4c=
-30,60,L5TeMh60RCWSMrgwAWdVkg6DKL8=,L3TKN68pnZkooUxO6xb4HLyCXko=
-30,59,L5TeMh60RCWSMrgwAWdVkg6DKL8=,fFin+owt3409T9lYRKU4Us9UI7k=
-31,59,L5TeMh60RCWSMrgwAWdVkg6DKL8=,YYa09bE0rChv0moUepjcfRmNEds=
-31,60,L5TeMh60RCWSMrgwAWdVkg6DKL8=,jboNB2i2U9T1s0bFaVh00Astq2c=
-31,58,qtrXL2q5O12VEm922XoEutIFv3g=,YYa09bE0rChv0moUepjcfRmNEds=
-30,58,qtrXL2q5O12VEm922XoEutIFv3g=,fFin+owt3409T9lYRKU4Us9UI7k=
-30,57,qtrXL2q5O12VEm922XoEutIFv3g=,nihXLZrjyPEyPgb1P+V/i2Qql4c=
-31,57,qtrXL2q5O12VEm922XoEutIFv3g=,c9uu93/6PKYKiBHD2soef8X/HOo=
-28,55,Y4UIiuRC/ncRosT+V5nWIfGZpc0=,bS3EbjRZ5QdGHkYyffGW0+tG0uI=
-28,56,Y4UIiuRC/ncRosT+V5nWIfGZpc0=,mWMDxl/eEqM5ARndyhxfDt2l3QM=
-29,56,Y4UIiuRC/ncRosT+V5nWIfGZpc0=,nihXLZrjyPEyPgb1P+V/i2Qql4c=
-29,55,Y4UIiuRC/ncRosT+V5nWIfGZpc0=,xlRo8niZiXFQvuEr95DHhpnCacI=
-30,56,huLKnEvuZ8a0x5R4xh+Fr8c1TYM=,nihXLZrjyPEyPgb1P+V/i2Qql4c=
-31,56,huLKnEvuZ8a0x5R4xh+Fr8c1TYM=,c9uu93/6PKYKiBHD2soef8X/HOo=
-31,55,huLKnEvuZ8a0x5R4xh+Fr8c1TYM=,OgxkNAU7haaRIC+4UZKqzQm16Ig=
-30,55,huLKnEvuZ8a0x5R4xh+Fr8c1TYM=,xlRo8niZiXFQvuEr95DHhpnCacI=
-29,54,1LgCWGN84auRh4crc5Lx3jy3ikQ=,xlRo8niZiXFQvuEr95DHhpnCacI=
-28,53,1LgCWGN84auRh4crc5Lx3jy3ikQ=,T+8chTyykSgFe+0fx2xE0Wnr2qs=
-28,54,1LgCWGN84auRh4crc5Lx3jy3ikQ=,bS3EbjRZ5QdGHkYyffGW0+tG0uI=
-29,53,1LgCWGN84auRh4crc5Lx3jy3ikQ=,5E6oGFyJUmXfB1qlSNbV2RDBr0I=
-30,53,MwxIuflLnlE0NOC6bcvIbNlUPXA=,5E6oGFyJUmXfB1qlSNbV2RDBr0I=
-30,54,MwxIuflLnlE0NOC6bcvIbNlUPXA=,xlRo8niZiXFQvuEr95DHhpnCacI=
-31,54,MwxIuflLnlE0NOC6bcvIbNlUPXA=,OgxkNAU7haaRIC+4UZKqzQm16Ig=
-31,53,MwxIuflLnlE0NOC6bcvIbNlUPXA=,t4oeC1IE/FXsQY9idKxkIdUIeSQ=
-29,51,6aZqglIUwruZFJLWPjfiUxwdgpE=,+XUZwLlFzds5vu8ojEkSIwDfBu0=
-29,52,6aZqglIUwruZFJLWPjfiUxwdgpE=,5E6oGFyJUmXfB1qlSNbV2RDBr0I=
-28,51,6aZqglIUwruZFJLWPjfiUxwdgpE=,gV6ZyssZmLvTjh6pQpXeyFbayiw=
-28,52,6aZqglIUwruZFJLWPjfiUxwdgpE=,T+8chTyykSgFe+0fx2xE0Wnr2qs=
-30,51,MwxIuflLnlE0NOC6bcvIbNlUPXA=,+XUZwLlFzds5vu8ojEkSIwDfBu0=
-31,51,MwxIuflLnlE0NOC6bcvIbNlUPXA=,DHkTgLh8rNdSEyAYhogPyBK25zY=
-30,52,MwxIuflLnlE0NOC6bcvIbNlUPXA=,5E6oGFyJUmXfB1qlSNbV2RDBr0I=
-31,52,MwxIuflLnlE0NOC6bcvIbNlUPXA=,t4oeC1IE/FXsQY9idKxkIdUIeSQ=
-29,49,Z8EbWWqI4lqBs3WSf3qvyPHwKRY=,lIWhVwhwWzu1KktrSIgr8ymzmfA=
-28,50,Z8EbWWqI4lqBs3WSf3qvyPHwKRY=,gV6ZyssZmLvTjh6pQpXeyFbayiw=
-28,49,Z8EbWWqI4lqBs3WSf3qvyPHwKRY=,emcvRWsZQi3SowZtGctnvcXWNJo=
-29,50,Z8EbWWqI4lqBs3WSf3qvyPHwKRY=,+XUZwLlFzds5vu8ojEkSIwDfBu0=
-30,50,Z8EbWWqI4lqBs3WSf3qvyPHwKRY=,+XUZwLlFzds5vu8ojEkSIwDfBu0=
-31,50,Z8EbWWqI4lqBs3WSf3qvyPHwKRY=,DHkTgLh8rNdSEyAYhogPyBK25zY=
-30,49,Z8EbWWqI4lqBs3WSf3qvyPHwKRY=,lIWhVwhwWzu1KktrSIgr8ymzmfA=
-31,49,Z8EbWWqI4lqBs3WSf3qvyPHwKRY=,MaaznVlARQFswiQwSz/0ZOr+1bA=
-32,50,mLQUF3L3EhSgluUPsx/tcrrP45I=,DHkTgLh8rNdSEyAYhogPyBK25zY=
-32,49,mLQUF3L3EhSgluUPsx/tcrrP45I=,MaaznVlARQFswiQwSz/0ZOr+1bA=
-30,48,pXMJ36Um4eHyuz9Z9QQW0yUiV9w=,lIWhVwhwWzu1KktrSIgr8ymzmfA=
-31,48,pXMJ36Um4eHyuz9Z9QQW0yUiV9w=,MaaznVlARQFswiQwSz/0ZOr+1bA=
-29,48,T5TIACWQc0uPr2RarAUIzFzWzwI=,lIWhVwhwWzu1KktrSIgr8ymzmfA=
-28,48,T5TIACWQc0uPr2RarAUIzFzWzwI=,emcvRWsZQi3SowZtGctnvcXWNJo=
-26,48,T5TIACWQc0uPr2RarAUIzFzWzwI=,1zTrMUswAtPV+jpipEwSG/X0PdY=
-27,48,T5TIACWQc0uPr2RarAUIzFzWzwI=,emcvRWsZQi3SowZtGctnvcXWNJo=
-25,48,MwxIuflLnlE0NOC6bcvIbNlUPXA=,1zTrMUswAtPV+jpipEwSG/X0PdY=
-24,48,MwxIuflLnlE0NOC6bcvIbNlUPXA=,Qn+oEWOmXZbNikFlx2f62RQIyIY=
-22,48,1pdkTziTElAty8G55jOQ4MJdi/A=,IGfj0p8tZU5YVpTh1vsDfqBkKbs=
-23,48,1pdkTziTElAty8G55jOQ4MJdi/A=,Qn+oEWOmXZbNikFlx2f62RQIyIY=
-21,48,7214EncbDiusZXxrwqnfjKPX8GQ=,IGfj0p8tZU5YVpTh1vsDfqBkKbs=
-20,48,7214EncbDiusZXxrwqnfjKPX8GQ=,4N5W3demwLwI/Qt9mqpSuLBujZ0=
-19,48,7214EncbDiusZXxrwqnfjKPX8GQ=,4N5W3demwLwI/Qt9mqpSuLBujZ0=
-17,48,NFqJA2upVu9FGUi/QAHxw8k/GoY=,RjFn2pXV/iGqJXcZqFvEc2e2Tsw=
-18,48,7214EncbDiusZXxrwqnfjKPX8GQ=,RjFn2pXV/iGqJXcZqFvEc2e2Tsw=
-18,58,UDF7pA12I5R48amYPKNWmC4hJa8=,xlRo8niZiXFQvuEr95DHhpnCacI=
-19,57,UDF7pA12I5R48amYPKNWmC4hJa8=,n4Bur4Xx9g7+NNXuvcZa/PuQ3kA=
-18,57,UDF7pA12I5R48amYPKNWmC4hJa8=,SZ/wmGeLnVZuuYHcTGIJMDU3/TI=
-19,58,UDF7pA12I5R48amYPKNWmC4hJa8=,xpmpQE4GLNTWIdJ5EJALiyhgFUU=
-18,59,7auQ5XX5HJ9VawCv2P66lRldjgg=,xlRo8niZiXFQvuEr95DHhpnCacI=
-19,59,7auQ5XX5HJ9VawCv2P66lRldjgg=,xpmpQE4GLNTWIdJ5EJALiyhgFUU=
-19,60,7auQ5XX5HJ9VawCv2P66lRldjgg=,SMHP7egNPpzZMaHHvPgHccQF9xE=
-18,60,7auQ5XX5HJ9VawCv2P66lRldjgg=,Ke8NoKTCi5y3G6n4eNAP9jrJp98=
-18,62,jCzmUR0oM3liHApK5BQA/V9+G+Y=,L8qusCTc0Q8euWJYOEMrdYU6XWE=
-19,61,jCzmUR0oM3liHApK5BQA/V9+G+Y=,SMHP7egNPpzZMaHHvPgHccQF9xE=
-18,61,jCzmUR0oM3liHApK5BQA/V9+G+Y=,Ke8NoKTCi5y3G6n4eNAP9jrJp98=
-19,62,jCzmUR0oM3liHApK5BQA/V9+G+Y=,SHHUXFRv2Z6nGd8PkhgMsp6Rb4s=
-20,62,jCzmUR0oM3liHApK5BQA/V9+G+Y=,SHHUXFRv2Z6nGd8PkhgMsp6Rb4s=
-20,61,jCzmUR0oM3liHApK5BQA/V9+G+Y=,SMHP7egNPpzZMaHHvPgHccQF9xE=
-21,61,jCzmUR0oM3liHApK5BQA/V9+G+Y=,73cJ34QIrjmtfgDLtbBz58KDK2g=
-21,62,jCzmUR0oM3liHApK5BQA/V9+G+Y=,sjXtVkIZtxCvi38QGTFVdrbM9YE=
-23,62,OmEsh8H4vENmLuOa81nsOOnOKK0=,8rh4faIuvS7b26T54ZTNZkISYYc=
-23,61,OmEsh8H4vENmLuOa81nsOOnOKK0=,ixQE+U7Pup8zn2wLZR900NyO1eI=
-22,62,OmEsh8H4vENmLuOa81nsOOnOKK0=,sjXtVkIZtxCvi38QGTFVdrbM9YE=
-22,61,OmEsh8H4vENmLuOa81nsOOnOKK0=,73cJ34QIrjmtfgDLtbBz58KDK2g=
-24,60,EPZhYS6jI6iu5POW3DVyCytqlXg=,ixQE+U7Pup8zn2wLZR900NyO1eI=
-25,59,QePRFtM7NVlMRSGfKWQ1y1yDSBc=,fsnfMgSTvRkI8v2GSrMGLf+k9XE=
-25,60,QePRFtM7NVlMRSGfKWQ1y1yDSBc=,NkD1OM/FaVNtpmd47/WRwHD3pKA=
-24,59,QePRFtM7NVlMRSGfKWQ1y1yDSBc=,oEbEDO61UVtXwhZTV3k8s3ME7Zk=
-25,58,QePRFtM7NVlMRSGfKWQ1y1yDSBc=,fsnfMgSTvRkI8v2GSrMGLf+k9XE=
-25,57,QePRFtM7NVlMRSGfKWQ1y1yDSBc=,wW1Wldbx9Fz44A2LoJTRaMfRBCA=
-24,58,QePRFtM7NVlMRSGfKWQ1y1yDSBc=,oEbEDO61UVtXwhZTV3k8s3ME7Zk=
-24,57,QePRFtM7NVlMRSGfKWQ1y1yDSBc=,xJ1PizQ0Jxizv91KyatY193yRZE=
-23,60,QePRFtM7NVlMRSGfKWQ1y1yDSBc=,ixQE+U7Pup8zn2wLZR900NyO1eI=
-23,59,QePRFtM7NVlMRSGfKWQ1y1yDSBc=,oEbEDO61UVtXwhZTV3k8s3ME7Zk=
-20,60,qL7B8xLQxwcH6DvbRToBStLclqg=,SMHP7egNPpzZMaHHvPgHccQF9xE=
-21,59,qL7B8xLQxwcH6DvbRToBStLclqg=,OPv8iyYgQVxgF1L+WsT3PfLFuHY=
-22,59,QePRFtM7NVlMRSGfKWQ1y1yDSBc=,OPv8iyYgQVxgF1L+WsT3PfLFuHY=
-22,60,QePRFtM7NVlMRSGfKWQ1y1yDSBc=,73cJ34QIrjmtfgDLtbBz58KDK2g=
-21,60,qL7B8xLQxwcH6DvbRToBStLclqg=,73cJ34QIrjmtfgDLtbBz58KDK2g=
-20,58,P12FUcPxAwVV2RdEw8cB0p9LZCc=,xpmpQE4GLNTWIdJ5EJALiyhgFUU=
-20,59,qL7B8xLQxwcH6DvbRToBStLclqg=,xpmpQE4GLNTWIdJ5EJALiyhgFUU=
-23,57,QePRFtM7NVlMRSGfKWQ1y1yDSBc=,xJ1PizQ0Jxizv91KyatY193yRZE=
-22,58,QePRFtM7NVlMRSGfKWQ1y1yDSBc=,OPv8iyYgQVxgF1L+WsT3PfLFuHY=
-23,58,QePRFtM7NVlMRSGfKWQ1y1yDSBc=,oEbEDO61UVtXwhZTV3k8s3ME7Zk=
-20,57,P12FUcPxAwVV2RdEw8cB0p9LZCc=,n4Bur4Xx9g7+NNXuvcZa/PuQ3kA=
-21,58,P12FUcPxAwVV2RdEw8cB0p9LZCc=,OPv8iyYgQVxgF1L+WsT3PfLFuHY=
-22,57,QePRFtM7NVlMRSGfKWQ1y1yDSBc=,K/lYn1dUj7UyKa8tTVnmPw4X5G8=
-21,57,P12FUcPxAwVV2RdEw8cB0p9LZCc=,K/lYn1dUj7UyKa8tTVnmPw4X5G8=
-25,55,2OgQ8AK/vRJsFpZCBma3GVBdhwM=,kiw/GuqzYUagGGWKIfQWyFsIKl0=
-25,56,2OgQ8AK/vRJsFpZCBma3GVBdhwM=,wW1Wldbx9Fz44A2LoJTRaMfRBCA=
-24,56,2OgQ8AK/vRJsFpZCBma3GVBdhwM=,xJ1PizQ0Jxizv91KyatY193yRZE=
-24,55,2OgQ8AK/vRJsFpZCBma3GVBdhwM=,tBWzvqkcv/YAkSm0dhgAYtwub6A=
-23,55,iZBLqKKbVTmsFayeFCWUmLcVREU=,tBWzvqkcv/YAkSm0dhgAYtwub6A=
-23,56,iZBLqKKbVTmsFayeFCWUmLcVREU=,xJ1PizQ0Jxizv91KyatY193yRZE=
-22,56,iZBLqKKbVTmsFayeFCWUmLcVREU=,K/lYn1dUj7UyKa8tTVnmPw4X5G8=
-22,55,iZBLqKKbVTmsFayeFCWUmLcVREU=,OVrlhwUB56HsDmGltkkiwKFEKPQ=
-25,54,OYc1LYWmYGe19qRKXl9ZyUYptBU=,kiw/GuqzYUagGGWKIfQWyFsIKl0=
-24,54,OYc1LYWmYGe19qRKXl9ZyUYptBU=,tBWzvqkcv/YAkSm0dhgAYtwub6A=
-24,51,E4EiEhy/JORZ85mNmnsc/1qXtLw=,Ir3vzQKUgST6yzxt+spmeYe19U8=
-25,52,E4EiEhy/JORZ85mNmnsc/1qXtLw=,oYnIknPzeOX9Co5ANR4NiwzEKms=
-25,51,E4EiEhy/JORZ85mNmnsc/1qXtLw=,cm+TLcos8IYuohNzswpIqsnpCJg=
-24,52,E4EiEhy/JORZ85mNmnsc/1qXtLw=,Hb5h47CTrNh891e+HI05cO0uSso=
-24,53,OYc1LYWmYGe19qRKXl9ZyUYptBU=,Hb5h47CTrNh891e+HI05cO0uSso=
-25,53,OYc1LYWmYGe19qRKXl9ZyUYptBU=,oYnIknPzeOX9Co5ANR4NiwzEKms=
-23,51,E4EiEhy/JORZ85mNmnsc/1qXtLw=,Ir3vzQKUgST6yzxt+spmeYe19U8=
-23,52,E4EiEhy/JORZ85mNmnsc/1qXtLw=,Hb5h47CTrNh891e+HI05cO0uSso=
-22,51,E4EiEhy/JORZ85mNmnsc/1qXtLw=,HIXMn0ifKcU0m1kV7RsFPwRc+Lo=
-23,54,iZBLqKKbVTmsFayeFCWUmLcVREU=,tBWzvqkcv/YAkSm0dhgAYtwub6A=
-22,54,iZBLqKKbVTmsFayeFCWUmLcVREU=,OVrlhwUB56HsDmGltkkiwKFEKPQ=
-23,53,iZBLqKKbVTmsFayeFCWUmLcVREU=,Hb5h47CTrNh891e+HI05cO0uSso=
-22,53,iZBLqKKbVTmsFayeFCWUmLcVREU=,UY6R7ZNSM3X83jBqAgxZKqviTxQ=
-22,52,E4EiEhy/JORZ85mNmnsc/1qXtLw=,UY6R7ZNSM3X83jBqAgxZKqviTxQ=
-21,51,GaRjFMjRskmm6UyKReOQyk+HuU8=,HIXMn0ifKcU0m1kV7RsFPwRc+Lo=
-20,51,GaRjFMjRskmm6UyKReOQyk+HuU8=,O+DvlHOAJcEUuBc0DfEvQv5XOjo=
-20,52,GaRjFMjRskmm6UyKReOQyk+HuU8=,GtJ9xUT1Bnc4lFqTyWOHq+9yn4A=
-21,52,GaRjFMjRskmm6UyKReOQyk+HuU8=,UY6R7ZNSM3X83jBqAgxZKqviTxQ=
-21,55,iZBLqKKbVTmsFayeFCWUmLcVREU=,OVrlhwUB56HsDmGltkkiwKFEKPQ=
-21,53,iZBLqKKbVTmsFayeFCWUmLcVREU=,UY6R7ZNSM3X83jBqAgxZKqviTxQ=
-21,54,iZBLqKKbVTmsFayeFCWUmLcVREU=,OVrlhwUB56HsDmGltkkiwKFEKPQ=
-20,53,iZBLqKKbVTmsFayeFCWUmLcVREU=,GtJ9xUT1Bnc4lFqTyWOHq+9yn4A=
-21,56,iZBLqKKbVTmsFayeFCWUmLcVREU=,K/lYn1dUj7UyKa8tTVnmPw4X5G8=
-20,56,iZBLqKKbVTmsFayeFCWUmLcVREU=,n4Bur4Xx9g7+NNXuvcZa/PuQ3kA=
-20,54,iZBLqKKbVTmsFayeFCWUmLcVREU=,rDj9rEt2StSXLjXamQjVg+7qlp8=
-20,55,iZBLqKKbVTmsFayeFCWUmLcVREU=,rDj9rEt2StSXLjXamQjVg+7qlp8=
-19,52,AM6tWPnVw/gUjDETkBNx0lJJGMk=,GtJ9xUT1Bnc4lFqTyWOHq+9yn4A=
-18,51,AM6tWPnVw/gUjDETkBNx0lJJGMk=,BhXyGIODIfCyvAEcUaRrEdvaEJ0=
-19,51,AM6tWPnVw/gUjDETkBNx0lJJGMk=,O+DvlHOAJcEUuBc0DfEvQv5XOjo=
-18,52,AM6tWPnVw/gUjDETkBNx0lJJGMk=,G+pbkHr/ZtXR+W1tjDD+n1ymeCQ=
-18,56,GaRjFMjRskmm6UyKReOQyk+HuU8=,SZ/wmGeLnVZuuYHcTGIJMDU3/TI=
-19,56,GaRjFMjRskmm6UyKReOQyk+HuU8=,n4Bur4Xx9g7+NNXuvcZa/PuQ3kA=
-19,55,GaRjFMjRskmm6UyKReOQyk+HuU8=,rDj9rEt2StSXLjXamQjVg+7qlp8=
-19,54,AM6tWPnVw/gUjDETkBNx0lJJGMk=,rDj9rEt2StSXLjXamQjVg+7qlp8=
-19,53,AM6tWPnVw/gUjDETkBNx0lJJGMk=,GtJ9xUT1Bnc4lFqTyWOHq+9yn4A=
-18,53,AM6tWPnVw/gUjDETkBNx0lJJGMk=,G+pbkHr/ZtXR+W1tjDD+n1ymeCQ=
-18,55,GaRjFMjRskmm6UyKReOQyk+HuU8=,x4F2cofv9eu4ayCtfb4Xs7nC0sI=
-18,54,AM6tWPnVw/gUjDETkBNx0lJJGMk=,x4F2cofv9eu4ayCtfb4Xs7nC0sI=
-17,54,AM6tWPnVw/gUjDETkBNx0lJJGMk=,x4F2cofv9eu4ayCtfb4Xs7nC0sI=
-17,53,AM6tWPnVw/gUjDETkBNx0lJJGMk=,G+pbkHr/ZtXR+W1tjDD+n1ymeCQ=
-17,51,iZBLqKKbVTmsFayeFCWUmLcVREU=,BhXyGIODIfCyvAEcUaRrEdvaEJ0=
-17,52,iZBLqKKbVTmsFayeFCWUmLcVREU=,G+pbkHr/ZtXR+W1tjDD+n1ymeCQ=
-17,50,iZBLqKKbVTmsFayeFCWUmLcVREU=,BhXyGIODIfCyvAEcUaRrEdvaEJ0=
-17,49,iZBLqKKbVTmsFayeFCWUmLcVREU=,RjFn2pXV/iGqJXcZqFvEc2e2Tsw=
-17,55,hojM0QNVFpsEFcRTJV1Or7zCLxg=,x4F2cofv9eu4ayCtfb4Xs7nC0sI=
-17,56,hojM0QNVFpsEFcRTJV1Or7zCLxg=,SZ/wmGeLnVZuuYHcTGIJMDU3/TI=
-17,57,hojM0QNVFpsEFcRTJV1Or7zCLxg=,SZ/wmGeLnVZuuYHcTGIJMDU3/TI=
-17,58,hojM0QNVFpsEFcRTJV1Or7zCLxg=,xlRo8niZiXFQvuEr95DHhpnCacI=
-17,60,8qZD/gsvMBA7ZcUWlp4sU3xbUdc=,Ke8NoKTCi5y3G6n4eNAP9jrJp98=
-17,59,8qZD/gsvMBA7ZcUWlp4sU3xbUdc=,xlRo8niZiXFQvuEr95DHhpnCacI=
-17,62,1lMB9lqPSnFjA83vD4tCvLPfG7Q=,L8qusCTc0Q8euWJYOEMrdYU6XWE=
-17,61,1lMB9lqPSnFjA83vD4tCvLPfG7Q=,Ke8NoKTCi5y3G6n4eNAP9jrJp98=
-17,63,s7kiUGZz9Ii3m02Y7rN5rcv2o78=,L8qusCTc0Q8euWJYOEMrdYU6XWE=
-19,63,Mbh2xNFacJfQU4kcgs/gPf/o9Mc=,SHHUXFRv2Z6nGd8PkhgMsp6Rb4s=
-18,63,Mbh2xNFacJfQU4kcgs/gPf/o9Mc=,L8qusCTc0Q8euWJYOEMrdYU6XWE=
-20,63,Mbh2xNFacJfQU4kcgs/gPf/o9Mc=,SHHUXFRv2Z6nGd8PkhgMsp6Rb4s=
-21,63,Mbh2xNFacJfQU4kcgs/gPf/o9Mc=,sjXtVkIZtxCvi38QGTFVdrbM9YE=
-22,63,Mbh2xNFacJfQU4kcgs/gPf/o9Mc=,sjXtVkIZtxCvi38QGTFVdrbM9YE=
-23,63,Mbh2xNFacJfQU4kcgs/gPf/o9Mc=,8rh4faIuvS7b26T54ZTNZkISYYc=
-25,61,jP+9xKK6Ette29DdisiTjW2CKBQ=,NkD1OM/FaVNtpmd47/WRwHD3pKA=
-24,62,jP+9xKK6Ette29DdisiTjW2CKBQ=,8rh4faIuvS7b26T54ZTNZkISYYc=
-24,61,jP+9xKK6Ette29DdisiTjW2CKBQ=,ixQE+U7Pup8zn2wLZR900NyO1eI=
-25,62,jP+9xKK6Ette29DdisiTjW2CKBQ=,gfDK9ysguzlTXKPgupcbiAJxrPg=
-27,61,AlyZRs263SBsAmf0TqRNZUXhVWg=,Gos1P7AQgN7Nu/5cZwWLXuYkOCM=
-26,61,AlyZRs263SBsAmf0TqRNZUXhVWg=,NkD1OM/FaVNtpmd47/WRwHD3pKA=
-26,62,AlyZRs263SBsAmf0TqRNZUXhVWg=,gfDK9ysguzlTXKPgupcbiAJxrPg=
-27,62,AlyZRs263SBsAmf0TqRNZUXhVWg=,Wxp7ydwazCOrXPOez3ummWUMmgE=
-28,62,mS3VGb5OUcYuPuFkfxDqOfyFqY0=,Wxp7ydwazCOrXPOez3ummWUMmgE=
-29,61,mS3VGb5OUcYuPuFkfxDqOfyFqY0=,L3TKN68pnZkooUxO6xb4HLyCXko=
-28,61,mS3VGb5OUcYuPuFkfxDqOfyFqY0=,Gos1P7AQgN7Nu/5cZwWLXuYkOCM=
-29,62,mS3VGb5OUcYuPuFkfxDqOfyFqY0=,dnFuMr8R0x+HIQ7QnTY22hp7bo4=
-30,62,qtrXL2q5O12VEm922XoEutIFv3g=,dnFuMr8R0x+HIQ7QnTY22hp7bo4=
-31,61,qtrXL2q5O12VEm922XoEutIFv3g=,jboNB2i2U9T1s0bFaVh00Astq2c=
-30,61,qtrXL2q5O12VEm922XoEutIFv3g=,L3TKN68pnZkooUxO6xb4HLyCXko=
-31,62,qtrXL2q5O12VEm922XoEutIFv3g=,Z5ecVoU++Pbi+hn3BQ9MKtsawPA=
-24,63,8w21GrAhdqUaMdStXPQcI/UMpSQ=,8rh4faIuvS7b26T54ZTNZkISYYc=
-25,63,8w21GrAhdqUaMdStXPQcI/UMpSQ=,gfDK9ysguzlTXKPgupcbiAJxrPg=
-27,63,QNT62uhmvfrh4nkYIJqXATP6mgY=,Wxp7ydwazCOrXPOez3ummWUMmgE=
-26,63,QNT62uhmvfrh4nkYIJqXATP6mgY=,gfDK9ysguzlTXKPgupcbiAJxrPg=
-29,63,QNT62uhmvfrh4nkYIJqXATP6mgY=,dnFuMr8R0x+HIQ7QnTY22hp7bo4=
-28,63,QNT62uhmvfrh4nkYIJqXATP6mgY=,Wxp7ydwazCOrXPOez3ummWUMmgE=
-30,63,pkWok5uvFdHFy0kkL5lLPGMlD8Q=,dnFuMr8R0x+HIQ7QnTY22hp7bo4=
-31,63,pkWok5uvFdHFy0kkL5lLPGMlD8Q=,Z5ecVoU++Pbi+hn3BQ9MKtsawPA=
-32,62,P5W8aB4nVumuSimCoQGHeFLJ4Bg=,Z5ecVoU++Pbi+hn3BQ9MKtsawPA=
-32,61,P5W8aB4nVumuSimCoQGHeFLJ4Bg=,jboNB2i2U9T1s0bFaVh00Astq2c=
-32,59,CvKRmLPK6wNqNeHoWcMaAgGGJRk=,YYa09bE0rChv0moUepjcfRmNEds=
-32,60,CvKRmLPK6wNqNeHoWcMaAgGGJRk=,jboNB2i2U9T1s0bFaVh00Astq2c=
-32,57,s7kiUGZz9Ii3m02Y7rN5rcv2o78=,c9uu93/6PKYKiBHD2soef8X/HOo=
-32,58,s7kiUGZz9Ii3m02Y7rN5rcv2o78=,YYa09bE0rChv0moUepjcfRmNEds=
-32,63,pkWok5uvFdHFy0kkL5lLPGMlD8Q=,Z5ecVoU++Pbi+hn3BQ9MKtsawPA=
-32,48,pXMJ36Um4eHyuz9Z9QQW0yUiV9w=,MaaznVlARQFswiQwSz/0ZOr+1bA=
-32,55,s7kiUGZz9Ii3m02Y7rN5rcv2o78=,OgxkNAU7haaRIC+4UZKqzQm16Ig=
-32,56,s7kiUGZz9Ii3m02Y7rN5rcv2o78=,c9uu93/6PKYKiBHD2soef8X/HOo=
-32,54,s7kiUGZz9Ii3m02Y7rN5rcv2o78=,OgxkNAU7haaRIC+4UZKqzQm16Ig=
-32,52,7214EncbDiusZXxrwqnfjKPX8GQ=,t4oeC1IE/FXsQY9idKxkIdUIeSQ=
-32,53,s7kiUGZz9Ii3m02Y7rN5rcv2o78=,t4oeC1IE/FXsQY9idKxkIdUIeSQ=
-32,51,7214EncbDiusZXxrwqnfjKPX8GQ=,DHkTgLh8rNdSEyAYhogPyBK25zY=
-2,50,QdS8i6ot9UuJqT8lILUzAg+e4tE=,6/30WIe3B/YNTZR6cXvpmR1m+Lk=
-3,50,QdS8i6ot9UuJqT8lILUzAg+e4tE=,f5tjeKOwlqk1uFF3CMxoIBPN7zc=
-3,49,QdS8i6ot9UuJqT8lILUzAg+e4tE=,EJRPHuOnsL/NKInygDiK7GA9vuc=
-2,49,QdS8i6ot9UuJqT8lILUzAg+e4tE=,j+4jYRY/mhRnKIoT4CmzsytCfpI=
-4,49,gBwYYICFTi+zFmxo1JqqqtQzV1o=,EJRPHuOnsL/NKInygDiK7GA9vuc=
-5,49,gBwYYICFTi+zFmxo1JqqqtQzV1o=,qdGPtG8qTHpJq/NuC4rE8fwy1l4=
-4,50,gBwYYICFTi+zFmxo1JqqqtQzV1o=,f5tjeKOwlqk1uFF3CMxoIBPN7zc=
-5,50,gBwYYICFTi+zFmxo1JqqqtQzV1o=,p4SjGQEdor4n6evoinEEw78i6gc=
-7,49,gBwYYICFTi+zFmxo1JqqqtQzV1o=,M8dCvz40c4J+ABsfk0GTBzhhWOk=
-6,50,gBwYYICFTi+zFmxo1JqqqtQzV1o=,p4SjGQEdor4n6evoinEEw78i6gc=
-7,50,gBwYYICFTi+zFmxo1JqqqtQzV1o=,AeWg3pa1x1zDkSDDxy+V641KuuY=
-6,49,gBwYYICFTi+zFmxo1JqqqtQzV1o=,qdGPtG8qTHpJq/NuC4rE8fwy1l4=
-9,49,gBwYYICFTi+zFmxo1JqqqtQzV1o=,fTHkfn0FV8BuHp808LUuoajwKJg=
-9,50,gBwYYICFTi+zFmxo1JqqqtQzV1o=,EAURzFhjBoqn+OpUS5E+0JV458s=
-8,49,gBwYYICFTi+zFmxo1JqqqtQzV1o=,M8dCvz40c4J+ABsfk0GTBzhhWOk=
-8,50,gBwYYICFTi+zFmxo1JqqqtQzV1o=,AeWg3pa1x1zDkSDDxy+V641KuuY=
-8,51,hww5MVXfFog6bQMG1d8DGKi2Sac=,AeWg3pa1x1zDkSDDxy+V641KuuY=
-9,51,hww5MVXfFog6bQMG1d8DGKi2Sac=,EAURzFhjBoqn+OpUS5E+0JV458s=
-8,52,hww5MVXfFog6bQMG1d8DGKi2Sac=,0V89we8HZOhSYseF187r0zMm+PY=
-9,52,hww5MVXfFog6bQMG1d8DGKi2Sac=,1dwqstqE2nxOLvpsyqEKhHleoPQ=
-10,52,UPWTy7rGJBo0giUnAQuaHleLgnc=,1dwqstqE2nxOLvpsyqEKhHleoPQ=
-10,51,UPWTy7rGJBo0giUnAQuaHleLgnc=,EAURzFhjBoqn+OpUS5E+0JV458s=
-11,52,UPWTy7rGJBo0giUnAQuaHleLgnc=,dVgFsQDC+ta4rGLbOyf/kalssVw=
-11,51,UPWTy7rGJBo0giUnAQuaHleLgnc=,qGKNx2IM2As30fHNXEnhwW/KApg=
-10,49,ucPmn7JhWe5g7bLk4FluVlBKhVs=,fTHkfn0FV8BuHp808LUuoajwKJg=
-10,50,ucPmn7JhWe5g7bLk4FluVlBKhVs=,EAURzFhjBoqn+OpUS5E+0JV458s=
-11,50,ucPmn7JhWe5g7bLk4FluVlBKhVs=,qGKNx2IM2As30fHNXEnhwW/KApg=
-11,49,ucPmn7JhWe5g7bLk4FluVlBKhVs=,BJsZ6ryFh2z5ltW8rFRl4Qb6e9s=
-13,54,UPWTy7rGJBo0giUnAQuaHleLgnc=,Nksmp/oNOFQ+2RyB6U1pbdroyZk=
-13,53,UPWTy7rGJBo0giUnAQuaHleLgnc=,2hSM1Xhalz/vD8ykhiV3gcsrVNk=
-12,53,UPWTy7rGJBo0giUnAQuaHleLgnc=,dVgFsQDC+ta4rGLbOyf/kalssVw=
-12,51,UPWTy7rGJBo0giUnAQuaHleLgnc=,qGKNx2IM2As30fHNXEnhwW/KApg=
-13,52,UPWTy7rGJBo0giUnAQuaHleLgnc=,2hSM1Xhalz/vD8ykhiV3gcsrVNk=
-12,52,UPWTy7rGJBo0giUnAQuaHleLgnc=,dVgFsQDC+ta4rGLbOyf/kalssVw=
-12,54,UPWTy7rGJBo0giUnAQuaHleLgnc=,024Strrb7j2POwVrgfmUr6p+2no=
-13,51,UPWTy7rGJBo0giUnAQuaHleLgnc=,JuhpzSey3D2xJotOAyglVIM7tUw=
-12,50,16Isuy622RuMXBdudY1cwf8RUKE=,qGKNx2IM2As30fHNXEnhwW/KApg=
-12,49,16Isuy622RuMXBdudY1cwf8RUKE=,BJsZ6ryFh2z5ltW8rFRl4Qb6e9s=
-13,50,16Isuy622RuMXBdudY1cwf8RUKE=,JuhpzSey3D2xJotOAyglVIM7tUw=
-13,49,16Isuy622RuMXBdudY1cwf8RUKE=,r4oiVzQoJ4fCEJF9QV2Ij1iLlu4=
-15,52,YfsaFz1p3EsWASHx4FSRAai0vmA=,nbXULGejMgaeO48CFlpSoBuXKbk=
-14,52,YfsaFz1p3EsWASHx4FSRAai0vmA=,2hSM1Xhalz/vD8ykhiV3gcsrVNk=
-14,51,YfsaFz1p3EsWASHx4FSRAai0vmA=,JuhpzSey3D2xJotOAyglVIM7tUw=
-15,51,YfsaFz1p3EsWASHx4FSRAai0vmA=,2rJqEuPlVZfuUb1+GLg4hhkifOE=
-14,50,jFSrSCo3rCKQGZ6v5Bg4Pi3WgPM=,JuhpzSey3D2xJotOAyglVIM7tUw=
-15,50,jFSrSCo3rCKQGZ6v5Bg4Pi3WgPM=,2rJqEuPlVZfuUb1+GLg4hhkifOE=
-15,49,jFSrSCo3rCKQGZ6v5Bg4Pi3WgPM=,ZrpoRv2yFh/hXubP002bzD5EBA8=
-14,49,jFSrSCo3rCKQGZ6v5Bg4Pi3WgPM=,r4oiVzQoJ4fCEJF9QV2Ij1iLlu4=
-15,53,jnXBD27xgob2YB9Rad1xeeLiHzE=,nbXULGejMgaeO48CFlpSoBuXKbk=
-14,53,jnXBD27xgob2YB9Rad1xeeLiHzE=,2hSM1Xhalz/vD8ykhiV3gcsrVNk=
-14,54,jnXBD27xgob2YB9Rad1xeeLiHzE=,Nksmp/oNOFQ+2RyB6U1pbdroyZk=
-15,54,jnXBD27xgob2YB9Rad1xeeLiHzE=,RK0KWGzltpfhDIjxQQI64Mo9Epg=
-14,56,te4rB4Nv/4Mex1jqkOYKxWA0QBk=,SB5yjHTqbiHVBkDJN2BpNFS97KA=
-15,56,te4rB4Nv/4Mex1jqkOYKxWA0QBk=,kaJcJYsF5mBK7QH57FcoFlOD76M=
-14,55,te4rB4Nv/4Mex1jqkOYKxWA0QBk=,Nksmp/oNOFQ+2RyB6U1pbdroyZk=
-15,55,te4rB4Nv/4Mex1jqkOYKxWA0QBk=,RK0KWGzltpfhDIjxQQI64Mo9Epg=
-12,55,ucPmn7JhWe5g7bLk4FluVlBKhVs=,024Strrb7j2POwVrgfmUr6p+2no=
-13,55,ucPmn7JhWe5g7bLk4FluVlBKhVs=,Nksmp/oNOFQ+2RyB6U1pbdroyZk=
-13,56,ucPmn7JhWe5g7bLk4FluVlBKhVs=,SB5yjHTqbiHVBkDJN2BpNFS97KA=
-12,56,ucPmn7JhWe5g7bLk4FluVlBKhVs=,q5o9wO9O8BVfEpGTJTWbUtC1ZGk=
-11,53,UPWTy7rGJBo0giUnAQuaHleLgnc=,dVgFsQDC+ta4rGLbOyf/kalssVw=
-10,55,ucPmn7JhWe5g7bLk4FluVlBKhVs=,oAcuvkKJG9NTMuAHqyinfqGDx9c=
-11,56,ucPmn7JhWe5g7bLk4FluVlBKhVs=,q5o9wO9O8BVfEpGTJTWbUtC1ZGk=
-10,56,ucPmn7JhWe5g7bLk4FluVlBKhVs=,7b3xrxVGkHw8tT0i1sHGzAg4nAY=
-10,54,UPWTy7rGJBo0giUnAQuaHleLgnc=,oAcuvkKJG9NTMuAHqyinfqGDx9c=
-10,53,UPWTy7rGJBo0giUnAQuaHleLgnc=,1dwqstqE2nxOLvpsyqEKhHleoPQ=
-11,54,UPWTy7rGJBo0giUnAQuaHleLgnc=,024Strrb7j2POwVrgfmUr6p+2no=
-11,55,ucPmn7JhWe5g7bLk4FluVlBKhVs=,024Strrb7j2POwVrgfmUr6p+2no=
-9,53,q14cc5nzKkgD654LrRmmaKpOL3g=,1dwqstqE2nxOLvpsyqEKhHleoPQ=
-9,55,q14cc5nzKkgD654LrRmmaKpOL3g=,oAcuvkKJG9NTMuAHqyinfqGDx9c=
-9,54,q14cc5nzKkgD654LrRmmaKpOL3g=,oAcuvkKJG9NTMuAHqyinfqGDx9c=
-8,53,q14cc5nzKkgD654LrRmmaKpOL3g=,0V89we8HZOhSYseF187r0zMm+PY=
-9,56,q14cc5nzKkgD654LrRmmaKpOL3g=,7b3xrxVGkHw8tT0i1sHGzAg4nAY=
-8,54,q14cc5nzKkgD654LrRmmaKpOL3g=,358pJh6SuUBhbZpD3C7SLv6HxW8=
-8,56,q14cc5nzKkgD654LrRmmaKpOL3g=,ZwN4RV/SDIq4WcEY11YB1MGluqM=
-8,55,q14cc5nzKkgD654LrRmmaKpOL3g=,358pJh6SuUBhbZpD3C7SLv6HxW8=
-6,55,tOq6BCi7+Z2TyqTGPupYNC0djEY=,frX9s35iLEpIm8SoQoKxK9DYwsE=
-7,55,tOq6BCi7+Z2TyqTGPupYNC0djEY=,358pJh6SuUBhbZpD3C7SLv6HxW8=
-7,56,tOq6BCi7+Z2TyqTGPupYNC0djEY=,ZwN4RV/SDIq4WcEY11YB1MGluqM=
-6,56,tOq6BCi7+Z2TyqTGPupYNC0djEY=,JDfEQdgm+Q05SKH1YS2iK+uZprw=
-5,55,tOq6BCi7+Z2TyqTGPupYNC0djEY=,frX9s35iLEpIm8SoQoKxK9DYwsE=
-5,56,tOq6BCi7+Z2TyqTGPupYNC0djEY=,JDfEQdgm+Q05SKH1YS2iK+uZprw=
-4,56,tOq6BCi7+Z2TyqTGPupYNC0djEY=,8JBHEZ9/VPehC0JA86XZD4jxXVY=
-4,55,tOq6BCi7+Z2TyqTGPupYNC0djEY=,qmWHPex9MKE2P16p1vHDMxyf3zY=
-4,57,tOq6BCi7+Z2TyqTGPupYNC0djEY=,8JBHEZ9/VPehC0JA86XZD4jxXVY=
-5,58,tOq6BCi7+Z2TyqTGPupYNC0djEY=,+c7UJFb0zCvMkBldz2WHC/8+OJk=
-4,58,tOq6BCi7+Z2TyqTGPupYNC0djEY=,rHOE5WpSnauVqeRVb4NaQTGO+JE=
-5,57,tOq6BCi7+Z2TyqTGPupYNC0djEY=,JDfEQdgm+Q05SKH1YS2iK+uZprw=
-3,58,bPMrkn1tQXjvZ/oAxHH6yBWcvgo=,rHOE5WpSnauVqeRVb4NaQTGO+JE=
-3,57,bPMrkn1tQXjvZ/oAxHH6yBWcvgo=,8JBHEZ9/VPehC0JA86XZD4jxXVY=
-2,57,bPMrkn1tQXjvZ/oAxHH6yBWcvgo=,BE9ekN5ZcIW09UkCgtWymq1D9QE=
-2,58,bPMrkn1tQXjvZ/oAxHH6yBWcvgo=,+z0HwgzjUWuJcoTSrUEoguADtBE=
-5,59,tOq6BCi7+Z2TyqTGPupYNC0djEY=,+c7UJFb0zCvMkBldz2WHC/8+OJk=
-5,60,tOq6BCi7+Z2TyqTGPupYNC0djEY=,40gjoferbcir7nNcXvyKVlGU57g=
-4,60,tOq6BCi7+Z2TyqTGPupYNC0djEY=,qAU+DEYg37IiAA7dZsnEfkW38CM=
-4,59,tOq6BCi7+Z2TyqTGPupYNC0djEY=,rHOE5WpSnauVqeRVb4NaQTGO+JE=
-3,60,DTeHM4td91i4ZFkEqKQy0+ymLas=,qAU+DEYg37IiAA7dZsnEfkW38CM=
-2,59,DTeHM4td91i4ZFkEqKQy0+ymLas=,+z0HwgzjUWuJcoTSrUEoguADtBE=
-3,59,DTeHM4td91i4ZFkEqKQy0+ymLas=,rHOE5WpSnauVqeRVb4NaQTGO+JE=
-2,60,DTeHM4td91i4ZFkEqKQy0+ymLas=,MaOM5/MOqt3+0oQDkaK1dCYXNo8=
-5,62,myednL4HAPInLvQOe3qtOAZ/CMw=,KT4oQgDgQa7UZSugU2vEgq7Zb3Y=
-4,62,myednL4HAPInLvQOe3qtOAZ/CMw=,lAuWh9ETL5gxkVg2XN0HfYKfBJA=
-4,61,myednL4HAPInLvQOe3qtOAZ/CMw=,qAU+DEYg37IiAA7dZsnEfkW38CM=
-5,61,myednL4HAPInLvQOe3qtOAZ/CMw=,40gjoferbcir7nNcXvyKVlGU57g=
-3,61,5BbVfXBbsGAPYwXSxdZnmo5NHpQ=,qAU+DEYg37IiAA7dZsnEfkW38CM=
-3,62,5BbVfXBbsGAPYwXSxdZnmo5NHpQ=,lAuWh9ETL5gxkVg2XN0HfYKfBJA=
-2,61,5BbVfXBbsGAPYwXSxdZnmo5NHpQ=,MaOM5/MOqt3+0oQDkaK1dCYXNo8=
-2,62,5BbVfXBbsGAPYwXSxdZnmo5NHpQ=,ZrpoRv2yFh/hXubP002bzD5EBA8=
-8,60,ohAY5XpsEyht2Lcczfrlc4ZQXnA=,BGlxTGHEA0S31vWIBka6lCNVwB4=
-6,60,tOq6BCi7+Z2TyqTGPupYNC0djEY=,40gjoferbcir7nNcXvyKVlGU57g=
-7,60,tOq6BCi7+Z2TyqTGPupYNC0djEY=,BGlxTGHEA0S31vWIBka6lCNVwB4=
-9,57,Db4intuUOIlwFx5DEiHBsjAMCV8=,7b3xrxVGkHw8tT0i1sHGzAg4nAY=
-6,59,tOq6BCi7+Z2TyqTGPupYNC0djEY=,+c7UJFb0zCvMkBldz2WHC/8+OJk=
-9,60,ohAY5XpsEyht2Lcczfrlc4ZQXnA=,pOIHwE0Qipas2+fu5CPYW9HyTOA=
-7,59,tOq6BCi7+Z2TyqTGPupYNC0djEY=,reSUPhYsRvwY1s5uzm+HVliGrMk=
-8,59,ohAY5XpsEyht2Lcczfrlc4ZQXnA=,reSUPhYsRvwY1s5uzm+HVliGrMk=
-8,57,Db4intuUOIlwFx5DEiHBsjAMCV8=,ZwN4RV/SDIq4WcEY11YB1MGluqM=
-7,58,tOq6BCi7+Z2TyqTGPupYNC0djEY=,reSUPhYsRvwY1s5uzm+HVliGrMk=
-9,58,Db4intuUOIlwFx5DEiHBsjAMCV8=,ri3MC9IcFtq+yX+QP8h0l9ijd0M=
-9,59,ohAY5XpsEyht2Lcczfrlc4ZQXnA=,ri3MC9IcFtq+yX+QP8h0l9ijd0M=
-6,57,tOq6BCi7+Z2TyqTGPupYNC0djEY=,JDfEQdgm+Q05SKH1YS2iK+uZprw=
-6,58,tOq6BCi7+Z2TyqTGPupYNC0djEY=,+c7UJFb0zCvMkBldz2WHC/8+OJk=
-7,57,tOq6BCi7+Z2TyqTGPupYNC0djEY=,ZwN4RV/SDIq4WcEY11YB1MGluqM=
-8,58,Db4intuUOIlwFx5DEiHBsjAMCV8=,reSUPhYsRvwY1s5uzm+HVliGrMk=
-11,58,ucPmn7JhWe5g7bLk4FluVlBKhVs=,Q8Ywdlmh9ucNATsxleHjxL0v3u4=
-10,57,ucPmn7JhWe5g7bLk4FluVlBKhVs=,7b3xrxVGkHw8tT0i1sHGzAg4nAY=
-10,58,ucPmn7JhWe5g7bLk4FluVlBKhVs=,ri3MC9IcFtq+yX+QP8h0l9ijd0M=
-11,57,ucPmn7JhWe5g7bLk4FluVlBKhVs=,q5o9wO9O8BVfEpGTJTWbUtC1ZGk=
-10,60,gtui+wDwZSRz1SVh76qy3M5QHfc=,pOIHwE0Qipas2+fu5CPYW9HyTOA=
-10,59,gtui+wDwZSRz1SVh76qy3M5QHfc=,ri3MC9IcFtq+yX+QP8h0l9ijd0M=
-11,59,gtui+wDwZSRz1SVh76qy3M5QHfc=,Q8Ywdlmh9ucNATsxleHjxL0v3u4=
-11,60,gtui+wDwZSRz1SVh76qy3M5QHfc=,VCUnHphM5huROSdkyIkWkYCFIbc=
-12,61,hE/Ob0ChsSjqVDh3jW0U1iIlaNE=,VCUnHphM5huROSdkyIkWkYCFIbc=
-13,61,hE/Ob0ChsSjqVDh3jW0U1iIlaNE=,ba6PKA31ovtXnqD4utnHZ4gj5dM=
-12,62,hE/Ob0ChsSjqVDh3jW0U1iIlaNE=,1bl8inv+1vhHX2hX1t+8HFTvB5s=
-13,62,hE/Ob0ChsSjqVDh3jW0U1iIlaNE=,2sMMHukIWITXGXH6Ns/rkFIAHGQ=
-15,62,btMP71gfUAiRV2I05BRm1Q0ADqM=,3bP3ew0C3g2k4QT77arIG3ucwhE=
-14,62,btMP71gfUAiRV2I05BRm1Q0ADqM=,2sMMHukIWITXGXH6Ns/rkFIAHGQ=
-14,61,btMP71gfUAiRV2I05BRm1Q0ADqM=,ba6PKA31ovtXnqD4utnHZ4gj5dM=
-15,61,btMP71gfUAiRV2I05BRm1Q0ADqM=,xm4GtiCvLimO5E4iHrVOR+rQExE=
-13,60,hE/Ob0ChsSjqVDh3jW0U1iIlaNE=,ba6PKA31ovtXnqD4utnHZ4gj5dM=
-12,60,hE/Ob0ChsSjqVDh3jW0U1iIlaNE=,VCUnHphM5huROSdkyIkWkYCFIbc=
-13,58,ucPmn7JhWe5g7bLk4FluVlBKhVs=,QZlyGOVcenDOE4OvFioNH7fPmrk=
-12,57,ucPmn7JhWe5g7bLk4FluVlBKhVs=,q5o9wO9O8BVfEpGTJTWbUtC1ZGk=
-13,59,hE/Ob0ChsSjqVDh3jW0U1iIlaNE=,QZlyGOVcenDOE4OvFioNH7fPmrk=
-13,57,ucPmn7JhWe5g7bLk4FluVlBKhVs=,SB5yjHTqbiHVBkDJN2BpNFS97KA=
-12,59,hE/Ob0ChsSjqVDh3jW0U1iIlaNE=,Q8Ywdlmh9ucNATsxleHjxL0v3u4=
-12,58,ucPmn7JhWe5g7bLk4FluVlBKhVs=,Q8Ywdlmh9ucNATsxleHjxL0v3u4=
-15,60,jkrzlXhrGUQbcmCLa7E7GRPwgtA=,xm4GtiCvLimO5E4iHrVOR+rQExE=
-15,58,OwnfVYkqbkTnAkd7tcxHrijisVk=,K8sjInWB9d0vb1Og+6ZfafymhVY=
-14,58,OwnfVYkqbkTnAkd7tcxHrijisVk=,QZlyGOVcenDOE4OvFioNH7fPmrk=
-16,60,btMP71gfUAiRV2I05BRm1Q0ADqM=,xm4GtiCvLimO5E4iHrVOR+rQExE=
-14,60,jkrzlXhrGUQbcmCLa7E7GRPwgtA=,ba6PKA31ovtXnqD4utnHZ4gj5dM=
-14,57,OwnfVYkqbkTnAkd7tcxHrijisVk=,SB5yjHTqbiHVBkDJN2BpNFS97KA=
-16,59,btMP71gfUAiRV2I05BRm1Q0ADqM=,K8sjInWB9d0vb1Og+6ZfafymhVY=
-16,62,btMP71gfUAiRV2I05BRm1Q0ADqM=,3bP3ew0C3g2k4QT77arIG3ucwhE=
-14,59,jkrzlXhrGUQbcmCLa7E7GRPwgtA=,QZlyGOVcenDOE4OvFioNH7fPmrk=
-16,61,btMP71gfUAiRV2I05BRm1Q0ADqM=,xm4GtiCvLimO5E4iHrVOR+rQExE=
-15,59,jkrzlXhrGUQbcmCLa7E7GRPwgtA=,K8sjInWB9d0vb1Og+6ZfafymhVY=
-15,57,OwnfVYkqbkTnAkd7tcxHrijisVk=,kaJcJYsF5mBK7QH57FcoFlOD76M=
-16,57,btMP71gfUAiRV2I05BRm1Q0ADqM=,kaJcJYsF5mBK7QH57FcoFlOD76M=
-16,58,btMP71gfUAiRV2I05BRm1Q0ADqM=,K8sjInWB9d0vb1Og+6ZfafymhVY=
-16,56,pqKO0mWJUdqXsqdVVCV65R7CxP8=,kaJcJYsF5mBK7QH57FcoFlOD76M=
-16,55,btMP71gfUAiRV2I05BRm1Q0ADqM=,RK0KWGzltpfhDIjxQQI64Mo9Epg=
-16,53,pqKO0mWJUdqXsqdVVCV65R7CxP8=,nbXULGejMgaeO48CFlpSoBuXKbk=
-16,54,pqKO0mWJUdqXsqdVVCV65R7CxP8=,RK0KWGzltpfhDIjxQQI64Mo9Epg=
-16,52,pqKO0mWJUdqXsqdVVCV65R7CxP8=,nbXULGejMgaeO48CFlpSoBuXKbk=
-16,51,pqKO0mWJUdqXsqdVVCV65R7CxP8=,2rJqEuPlVZfuUb1+GLg4hhkifOE=
-16,50,jFSrSCo3rCKQGZ6v5Bg4Pi3WgPM=,2rJqEuPlVZfuUb1+GLg4hhkifOE=
-16,49,jFSrSCo3rCKQGZ6v5Bg4Pi3WgPM=,ZrpoRv2yFh/hXubP002bzD5EBA8=
-15,48,jFSrSCo3rCKQGZ6v5Bg4Pi3WgPM=,ZrpoRv2yFh/hXubP002bzD5EBA8=
-14,48,jFSrSCo3rCKQGZ6v5Bg4Pi3WgPM=,r4oiVzQoJ4fCEJF9QV2Ij1iLlu4=
-12,48,P8DAxQ0GSkNsIKo9X6Ay3zi5AjU=,BJsZ6ryFh2z5ltW8rFRl4Qb6e9s=
-13,48,P8DAxQ0GSkNsIKo9X6Ay3zi5AjU=,r4oiVzQoJ4fCEJF9QV2Ij1iLlu4=
-10,48,toB/Kfnzzspkr7Ppjn8bqSNrI6k=,fTHkfn0FV8BuHp808LUuoajwKJg=
-11,48,toB/Kfnzzspkr7Ppjn8bqSNrI6k=,BJsZ6ryFh2z5ltW8rFRl4Qb6e9s=
-9,48,toB/Kfnzzspkr7Ppjn8bqSNrI6k=,fTHkfn0FV8BuHp808LUuoajwKJg=
-8,48,toB/Kfnzzspkr7Ppjn8bqSNrI6k=,M8dCvz40c4J+ABsfk0GTBzhhWOk=
-7,48,gBwYYICFTi+zFmxo1JqqqtQzV1o=,M8dCvz40c4J+ABsfk0GTBzhhWOk=
-6,48,gBwYYICFTi+zFmxo1JqqqtQzV1o=,qdGPtG8qTHpJq/NuC4rE8fwy1l4=
-5,48,gBwYYICFTi+zFmxo1JqqqtQzV1o=,qdGPtG8qTHpJq/NuC4rE8fwy1l4=
-4,48,gBwYYICFTi+zFmxo1JqqqtQzV1o=,EJRPHuOnsL/NKInygDiK7GA9vuc=
-1,48,wyAvrLElQsyh27PUEwePP/kQLeI=,j+4jYRY/mhRnKIoT4CmzsytCfpI=
-2,48,gBwYYICFTi+zFmxo1JqqqtQzV1o=,j+4jYRY/mhRnKIoT4CmzsytCfpI=
-3,48,gBwYYICFTi+zFmxo1JqqqtQzV1o=,EJRPHuOnsL/NKInygDiK7GA9vuc=
-3,52,waT6c5FriiK5+2263lsz0Kt6uJU=,L6k5XofNs3cyMzpoRIY/XB3GU/M=
-2,51,waT6c5FriiK5+2263lsz0Kt6uJU=,6/30WIe3B/YNTZR6cXvpmR1m+Lk=
-3,51,waT6c5FriiK5+2263lsz0Kt6uJU=,f5tjeKOwlqk1uFF3CMxoIBPN7zc=
-2,52,waT6c5FriiK5+2263lsz0Kt6uJU=,5Am8MeOLiSa+ewIVUGbUtjJmxHo=
-7,51,hww5MVXfFog6bQMG1d8DGKi2Sac=,AeWg3pa1x1zDkSDDxy+V641KuuY=
-7,53,q14cc5nzKkgD654LrRmmaKpOL3g=,0V89we8HZOhSYseF187r0zMm+PY=
-5,52,VUx+DIJod6eny24/7Pm5ks6ujgc=,smGXthqKMtuOuC0cg2yGjqpDseQ=
-4,53,J+4hyUVG7M92zDDYGPmiIx54bX0=,L6k5XofNs3cyMzpoRIY/XB3GU/M=
-6,52,hww5MVXfFog6bQMG1d8DGKi2Sac=,smGXthqKMtuOuC0cg2yGjqpDseQ=
-4,54,J+4hyUVG7M92zDDYGPmiIx54bX0=,qmWHPex9MKE2P16p1vHDMxyf3zY=
-7,54,q14cc5nzKkgD654LrRmmaKpOL3g=,358pJh6SuUBhbZpD3C7SLv6HxW8=
-6,54,q14cc5nzKkgD654LrRmmaKpOL3g=,frX9s35iLEpIm8SoQoKxK9DYwsE=
-5,54,J+4hyUVG7M92zDDYGPmiIx54bX0=,frX9s35iLEpIm8SoQoKxK9DYwsE=
-4,52,VUx+DIJod6eny24/7Pm5ks6ujgc=,L6k5XofNs3cyMzpoRIY/XB3GU/M=
-7,52,hww5MVXfFog6bQMG1d8DGKi2Sac=,0V89we8HZOhSYseF187r0zMm+PY=
-6,53,q14cc5nzKkgD654LrRmmaKpOL3g=,smGXthqKMtuOuC0cg2yGjqpDseQ=
-5,53,J+4hyUVG7M92zDDYGPmiIx54bX0=,smGXthqKMtuOuC0cg2yGjqpDseQ=
-5,51,VUx+DIJod6eny24/7Pm5ks6ujgc=,p4SjGQEdor4n6evoinEEw78i6gc=
-4,51,VUx+DIJod6eny24/7Pm5ks6ujgc=,f5tjeKOwlqk1uFF3CMxoIBPN7zc=
-6,51,hww5MVXfFog6bQMG1d8DGKi2Sac=,p4SjGQEdor4n6evoinEEw78i6gc=
-3,56,bPMrkn1tQXjvZ/oAxHH6yBWcvgo=,8JBHEZ9/VPehC0JA86XZD4jxXVY=
-2,54,J+4hyUVG7M92zDDYGPmiIx54bX0=,OX84dYxBvOWxRnu2uBVP3pnSnmk=
-3,54,J+4hyUVG7M92zDDYGPmiIx54bX0=,qmWHPex9MKE2P16p1vHDMxyf3zY=
-3,53,J+4hyUVG7M92zDDYGPmiIx54bX0=,L6k5XofNs3cyMzpoRIY/XB3GU/M=
-2,53,J+4hyUVG7M92zDDYGPmiIx54bX0=,5Am8MeOLiSa+ewIVUGbUtjJmxHo=
-3,55,bPMrkn1tQXjvZ/oAxHH6yBWcvgo=,qmWHPex9MKE2P16p1vHDMxyf3zY=
-2,56,bPMrkn1tQXjvZ/oAxHH6yBWcvgo=,BE9ekN5ZcIW09UkCgtWymq1D9QE=
-2,55,bPMrkn1tQXjvZ/oAxHH6yBWcvgo=,OX84dYxBvOWxRnu2uBVP3pnSnmk=
-1,53,4wB7Qvx36B0FoqV8Ik+35SZiV/Q=,5Am8MeOLiSa+ewIVUGbUtjJmxHo=
-1,54,4wB7Qvx36B0FoqV8Ik+35SZiV/Q=,OX84dYxBvOWxRnu2uBVP3pnSnmk=
-1,49,4wB7Qvx36B0FoqV8Ik+35SZiV/Q=,j+4jYRY/mhRnKIoT4CmzsytCfpI=
-1,52,4wB7Qvx36B0FoqV8Ik+35SZiV/Q=,5Am8MeOLiSa+ewIVUGbUtjJmxHo=
-1,50,4wB7Qvx36B0FoqV8Ik+35SZiV/Q=,6/30WIe3B/YNTZR6cXvpmR1m+Lk=
-1,51,4wB7Qvx36B0FoqV8Ik+35SZiV/Q=,6/30WIe3B/YNTZR6cXvpmR1m+Lk=
-1,56,4wB7Qvx36B0FoqV8Ik+35SZiV/Q=,BE9ekN5ZcIW09UkCgtWymq1D9QE=
-1,55,4wB7Qvx36B0FoqV8Ik+35SZiV/Q=,OX84dYxBvOWxRnu2uBVP3pnSnmk=
-1,57,bbg3aQsrrt5O6omoGzCtmKwFCIg=,BE9ekN5ZcIW09UkCgtWymq1D9QE=
-1,58,bbg3aQsrrt5O6omoGzCtmKwFCIg=,+z0HwgzjUWuJcoTSrUEoguADtBE=
-1,60,bbg3aQsrrt5O6omoGzCtmKwFCIg=,MaOM5/MOqt3+0oQDkaK1dCYXNo8=
-1,59,bbg3aQsrrt5O6omoGzCtmKwFCIg=,+z0HwgzjUWuJcoTSrUEoguADtBE=
-1,62,4wB7Qvx36B0FoqV8Ik+35SZiV/Q=,ZrpoRv2yFh/hXubP002bzD5EBA8=
-1,61,4wB7Qvx36B0FoqV8Ik+35SZiV/Q=,MaOM5/MOqt3+0oQDkaK1dCYXNo8=
-1,63,btMP71gfUAiRV2I05BRm1Q0ADqM=,ZrpoRv2yFh/hXubP002bzD5EBA8=
-3,63,CBTubWsY5VdYfNKhHhOMlpwQX/I=,lAuWh9ETL5gxkVg2XN0HfYKfBJA=
-2,63,CBTubWsY5VdYfNKhHhOMlpwQX/I=,ZrpoRv2yFh/hXubP002bzD5EBA8=
-4,63,CBTubWsY5VdYfNKhHhOMlpwQX/I=,lAuWh9ETL5gxkVg2XN0HfYKfBJA=
-5,63,CBTubWsY5VdYfNKhHhOMlpwQX/I=,KT4oQgDgQa7UZSugU2vEgq7Zb3Y=
-6,63,CBTubWsY5VdYfNKhHhOMlpwQX/I=,KT4oQgDgQa7UZSugU2vEgq7Zb3Y=
-7,63,CBTubWsY5VdYfNKhHhOMlpwQX/I=,QZlyGOVcenDOE4OvFioNH7fPmrk=
-6,62,pgEYqas3QOW6G+PQbAGtLtzqCo8=,KT4oQgDgQa7UZSugU2vEgq7Zb3Y=
-7,61,pgEYqas3QOW6G+PQbAGtLtzqCo8=,BGlxTGHEA0S31vWIBka6lCNVwB4=
-6,61,pgEYqas3QOW6G+PQbAGtLtzqCo8=,40gjoferbcir7nNcXvyKVlGU57g=
-7,62,pgEYqas3QOW6G+PQbAGtLtzqCo8=,QZlyGOVcenDOE4OvFioNH7fPmrk=
-8,63,CBTubWsY5VdYfNKhHhOMlpwQX/I=,QZlyGOVcenDOE4OvFioNH7fPmrk=
-10,62,ohAY5XpsEyht2Lcczfrlc4ZQXnA=,OzF2SaHgLMch6r4BarBAc/UlSqk=
-9,61,Ch2DpjeBPJJ4024vws5G89qubp0=,pOIHwE0Qipas2+fu5CPYW9HyTOA=
-11,62,ohAY5XpsEyht2Lcczfrlc4ZQXnA=,1bl8inv+1vhHX2hX1t+8HFTvB5s=
-10,61,ohAY5XpsEyht2Lcczfrlc4ZQXnA=,pOIHwE0Qipas2+fu5CPYW9HyTOA=
-11,61,ohAY5XpsEyht2Lcczfrlc4ZQXnA=,VCUnHphM5huROSdkyIkWkYCFIbc=
-9,63,CBTubWsY5VdYfNKhHhOMlpwQX/I=,OzF2SaHgLMch6r4BarBAc/UlSqk=
-8,62,Ch2DpjeBPJJ4024vws5G89qubp0=,QZlyGOVcenDOE4OvFioNH7fPmrk=
-9,62,Ch2DpjeBPJJ4024vws5G89qubp0=,OzF2SaHgLMch6r4BarBAc/UlSqk=
-10,63,CBTubWsY5VdYfNKhHhOMlpwQX/I=,OzF2SaHgLMch6r4BarBAc/UlSqk=
-8,61,Ch2DpjeBPJJ4024vws5G89qubp0=,BGlxTGHEA0S31vWIBka6lCNVwB4=
-11,63,CBTubWsY5VdYfNKhHhOMlpwQX/I=,1bl8inv+1vhHX2hX1t+8HFTvB5s=
-12,63,btMP71gfUAiRV2I05BRm1Q0ADqM=,1bl8inv+1vhHX2hX1t+8HFTvB5s=
-13,63,btMP71gfUAiRV2I05BRm1Q0ADqM=,2sMMHukIWITXGXH6Ns/rkFIAHGQ=
-16,63,btMP71gfUAiRV2I05BRm1Q0ADqM=,3bP3ew0C3g2k4QT77arIG3ucwhE=
-14,63,btMP71gfUAiRV2I05BRm1Q0ADqM=,2sMMHukIWITXGXH6Ns/rkFIAHGQ=
-16,48,wyAvrLElQsyh27PUEwePP/kQLeI=,ZrpoRv2yFh/hXubP002bzD5EBA8=
-15,63,btMP71gfUAiRV2I05BRm1Q0ADqM=,3bP3ew0C3g2k4QT77arIG3ucwhE=
-2,34,wTXXZgh+K50BkC11FadUouopmII=,p86XgKLEnI0UvRvh+v6qPDRM89M=
-3,33,wTXXZgh+K50BkC11FadUouopmII=,jL07Mp4j59bJ4mw0dshU1PwdeBc=
-3,34,wTXXZgh+K50BkC11FadUouopmII=,WwOGDLs7zka3YPmYg7+sMIEw4WY=
-2,33,wTXXZgh+K50BkC11FadUouopmII=,MJXRaPwZXBgTuvy3FY1JpAu/iVA=
-4,33,PSPbAFwWeYRKq+rUOVDyAljr6PI=,jL07Mp4j59bJ4mw0dshU1PwdeBc=
-4,34,PSPbAFwWeYRKq+rUOVDyAljr6PI=,WwOGDLs7zka3YPmYg7+sMIEw4WY=
-5,33,PSPbAFwWeYRKq+rUOVDyAljr6PI=,dqz94swXjXI/bMywKxfALGuevEs=
-5,34,PSPbAFwWeYRKq+rUOVDyAljr6PI=,B5FK5ABuP1cX2HW113EQouCDFrw=
-6,33,qnGIwMcwl3Gji4V1O4Fm6GR35NQ=,dqz94swXjXI/bMywKxfALGuevEs=
-6,34,qnGIwMcwl3Gji4V1O4Fm6GR35NQ=,B5FK5ABuP1cX2HW113EQouCDFrw=
-7,33,qnGIwMcwl3Gji4V1O4Fm6GR35NQ=,hY/gsDB39olq7h4TFz1fzteBOaU=
-7,34,qnGIwMcwl3Gji4V1O4Fm6GR35NQ=,2r3RNhJDY8tHI0J7CGxaeehsjLc=
-7,35,ZyLIkzzL+hXDtSla+s3Mww+F90c=,2r3RNhJDY8tHI0J7CGxaeehsjLc=
-6,36,ZyLIkzzL+hXDtSla+s3Mww+F90c=,b+DC66RAwKLZ4CUEOGxGXVL4ImA=
-6,35,ZyLIkzzL+hXDtSla+s3Mww+F90c=,B5FK5ABuP1cX2HW113EQouCDFrw=
-7,36,ZyLIkzzL+hXDtSla+s3Mww+F90c=,s69ngrJj7Ok3hve7lZPWofo3sUo=
-8,36,aKM6Pi5AN1Ww6yc9y9QTkRNrHB4=,s69ngrJj7Ok3hve7lZPWofo3sUo=
-8,35,aKM6Pi5AN1Ww6yc9y9QTkRNrHB4=,2r3RNhJDY8tHI0J7CGxaeehsjLc=
-9,35,aKM6Pi5AN1Ww6yc9y9QTkRNrHB4=,VnW9cXSrf0SF1gtvaLd7M+lvSP0=
-9,36,aKM6Pi5AN1Ww6yc9y9QTkRNrHB4=,CZNM+YYhpNgAUxz17He3wAKDhUk=
-9,34,qnGIwMcwl3Gji4V1O4Fm6GR35NQ=,VnW9cXSrf0SF1gtvaLd7M+lvSP0=
-8,34,qnGIwMcwl3Gji4V1O4Fm6GR35NQ=,2r3RNhJDY8tHI0J7CGxaeehsjLc=
-8,33,qnGIwMcwl3Gji4V1O4Fm6GR35NQ=,hY/gsDB39olq7h4TFz1fzteBOaU=
-9,33,qnGIwMcwl3Gji4V1O4Fm6GR35NQ=,5zlcXoaN/TqtTwHoWlXXY9PBMlM=
-9,40,oPqyByQ8KnvFgPvx6+sD/oyCTcU=,LG0NiUmLHvYZM5nRYgXFXqCS5h4=
-8,40,PSPbAFwWeYRKq+rUOVDyAljr6PI=,4nm9FxDlMAP+ui6Mgg9iMyMit28=
-9,37,fYJGD93ILhNeD8pbo2ftHcsl3ag=,CZNM+YYhpNgAUxz17He3wAKDhUk=
-9,39,oPqyByQ8KnvFgPvx6+sD/oyCTcU=,cdQLVEEiYt7cy7XaHvEIBA+JkWQ=
-9,38,fYJGD93ILhNeD8pbo2ftHcsl3ag=,cdQLVEEiYt7cy7XaHvEIBA+JkWQ=
-8,37,fYJGD93ILhNeD8pbo2ftHcsl3ag=,s69ngrJj7Ok3hve7lZPWofo3sUo=
-8,39,PSPbAFwWeYRKq+rUOVDyAljr6PI=,sSzqifeYlb5fG20ShI0Abdji1QY=
-8,38,fYJGD93ILhNeD8pbo2ftHcsl3ag=,sSzqifeYlb5fG20ShI0Abdji1QY=
-10,41,OhRvE6wJ1RpXesh/sDYqZXYcir0=,LG0NiUmLHvYZM5nRYgXFXqCS5h4=
-10,42,OhRvE6wJ1RpXesh/sDYqZXYcir0=,/bH1e8DWXZ8RdHwllDrpa5pXN/c=
-11,41,OhRvE6wJ1RpXesh/sDYqZXYcir0=,KaXQdxD7+n8SKbMeDJ0dJUWqRWI=
-11,42,OhRvE6wJ1RpXesh/sDYqZXYcir0=,GMlX7x4tDDxoJIbf4Hflx+r+JVA=
-10,39,nG7LsiHmWQ/DB4DyH44/+VNVf7c=,cdQLVEEiYt7cy7XaHvEIBA+JkWQ=
-11,40,nG7LsiHmWQ/DB4DyH44/+VNVf7c=,KaXQdxD7+n8SKbMeDJ0dJUWqRWI=
-11,39,nG7LsiHmWQ/DB4DyH44/+VNVf7c=,DhVbCoisnrGlM0sMykv9OG/fi1M=
-10,40,nG7LsiHmWQ/DB4DyH44/+VNVf7c=,LG0NiUmLHvYZM5nRYgXFXqCS5h4=
-12,40,nG7LsiHmWQ/DB4DyH44/+VNVf7c=,KaXQdxD7+n8SKbMeDJ0dJUWqRWI=
-12,39,nG7LsiHmWQ/DB4DyH44/+VNVf7c=,DhVbCoisnrGlM0sMykv9OG/fi1M=
-13,40,nG7LsiHmWQ/DB4DyH44/+VNVf7c=,V7kgbE+xW+UGFP4FY42Tya/0lTM=
-13,39,nG7LsiHmWQ/DB4DyH44/+VNVf7c=,4J+fDuI2lEQjygak+jXh0/LZoPA=
-14,39,ocawK4FB37YyBs6RQeZqZooNA0k=,4J+fDuI2lEQjygak+jXh0/LZoPA=
-14,40,ocawK4FB37YyBs6RQeZqZooNA0k=,V7kgbE+xW+UGFP4FY42Tya/0lTM=
-15,40,ocawK4FB37YyBs6RQeZqZooNA0k=,PnvA0lUqfxxmHQXXdThNAYOkHWg=
-15,39,ocawK4FB37YyBs6RQeZqZooNA0k=,WuufR4AKp64E71uaSxvgA0uBaaA=
-15,38,NHyV5ecUeXJ3OjDWboQgW8YIbAg=,WuufR4AKp64E71uaSxvgA0uBaaA=
-14,38,NHyV5ecUeXJ3OjDWboQgW8YIbAg=,4J+fDuI2lEQjygak+jXh0/LZoPA=
-15,37,NHyV5ecUeXJ3OjDWboQgW8YIbAg=,p3fyRS3qp0r7S5t48Pirm8do3Wg=
-14,37,NHyV5ecUeXJ3OjDWboQgW8YIbAg=,TZnDOAN54NowvKxAvfyQGxNCBks=
-15,35,QK+Lo6cEo0CMQH6S5opPPROLKCM=,Z4ly2w7vKuK3ErCMq32vujwIUDk=
-14,35,QK+Lo6cEo0CMQH6S5opPPROLKCM=,BpvXSOaF6fKRHVNg/jDavdh31M0=
-15,36,QK+Lo6cEo0CMQH6S5opPPROLKCM=,p3fyRS3qp0r7S5t48Pirm8do3Wg=
-14,36,QK+Lo6cEo0CMQH6S5opPPROLKCM=,TZnDOAN54NowvKxAvfyQGxNCBks=
-13,33,QK+Lo6cEo0CMQH6S5opPPROLKCM=,v419Uo5PafzDiJ0xPbfk5WgICNs=
-10,33,aKM6Pi5AN1Ww6yc9y9QTkRNrHB4=,5zlcXoaN/TqtTwHoWlXXY9PBMlM=
-10,34,aKM6Pi5AN1Ww6yc9y9QTkRNrHB4=,VnW9cXSrf0SF1gtvaLd7M+lvSP0=
-13,34,QK+Lo6cEo0CMQH6S5opPPROLKCM=,BpvXSOaF6fKRHVNg/jDavdh31M0=
-11,34,aKM6Pi5AN1Ww6yc9y9QTkRNrHB4=,flPFSoZfdgLQNffSwc1a/jPVf6M=
-12,34,QK+Lo6cEo0CMQH6S5opPPROLKCM=,flPFSoZfdgLQNffSwc1a/jPVf6M=
-12,33,QK+Lo6cEo0CMQH6S5opPPROLKCM=,xbkxaFgpE1ur9ifc4FPt/I/EaQ4=
-11,33,aKM6Pi5AN1Ww6yc9y9QTkRNrHB4=,xbkxaFgpE1ur9ifc4FPt/I/EaQ4=
-15,34,QK+Lo6cEo0CMQH6S5opPPROLKCM=,Z4ly2w7vKuK3ErCMq32vujwIUDk=
-15,33,QK+Lo6cEo0CMQH6S5opPPROLKCM=,QEVd4xoAYVAnem3T+I9xXyva/pE=
-14,33,QK+Lo6cEo0CMQH6S5opPPROLKCM=,v419Uo5PafzDiJ0xPbfk5WgICNs=
-14,34,QK+Lo6cEo0CMQH6S5opPPROLKCM=,BpvXSOaF6fKRHVNg/jDavdh31M0=
-10,38,BYhMa/JWUIic25IqFFqWtYzs0xo=,cdQLVEEiYt7cy7XaHvEIBA+JkWQ=
-10,37,BYhMa/JWUIic25IqFFqWtYzs0xo=,CZNM+YYhpNgAUxz17He3wAKDhUk=
-12,32,ZeT3WIJSM1A4sdaPA11HPvDYwJ4=,xbkxaFgpE1ur9ifc4FPt/I/EaQ4=
-10,35,aKM6Pi5AN1Ww6yc9y9QTkRNrHB4=,VnW9cXSrf0SF1gtvaLd7M+lvSP0=
-13,38,BYhMa/JWUIic25IqFFqWtYzs0xo=,4J+fDuI2lEQjygak+jXh0/LZoPA=
-12,35,t0eWIV1oCf+QdLOTxEyltigsdPw=,flPFSoZfdgLQNffSwc1a/jPVf6M=
-13,32,ZeT3WIJSM1A4sdaPA11HPvDYwJ4=,v419Uo5PafzDiJ0xPbfk5WgICNs=
-13,35,t0eWIV1oCf+QdLOTxEyltigsdPw=,BpvXSOaF6fKRHVNg/jDavdh31M0=
-13,37,BYhMa/JWUIic25IqFFqWtYzs0xo=,TZnDOAN54NowvKxAvfyQGxNCBks=
-13,36,t0eWIV1oCf+QdLOTxEyltigsdPw=,TZnDOAN54NowvKxAvfyQGxNCBks=
-11,35,aKM6Pi5AN1Ww6yc9y9QTkRNrHB4=,flPFSoZfdgLQNffSwc1a/jPVf6M=
-11,38,BYhMa/JWUIic25IqFFqWtYzs0xo=,DhVbCoisnrGlM0sMykv9OG/fi1M=
-10,36,aKM6Pi5AN1Ww6yc9y9QTkRNrHB4=,CZNM+YYhpNgAUxz17He3wAKDhUk=
-11,37,BYhMa/JWUIic25IqFFqWtYzs0xo=,lAyq8QHr4h6DrkwfJDttm5Qzzsw=
-12,36,t0eWIV1oCf+QdLOTxEyltigsdPw=,lAyq8QHr4h6DrkwfJDttm5Qzzsw=
-12,38,BYhMa/JWUIic25IqFFqWtYzs0xo=,DhVbCoisnrGlM0sMykv9OG/fi1M=
-11,36,aKM6Pi5AN1Ww6yc9y9QTkRNrHB4=,lAyq8QHr4h6DrkwfJDttm5Qzzsw=
-12,37,BYhMa/JWUIic25IqFFqWtYzs0xo=,lAyq8QHr4h6DrkwfJDttm5Qzzsw=
-16,34,1BKL4MBX2sWGB5Bl9UwHGBsQTuY=,Z4ly2w7vKuK3ErCMq32vujwIUDk=
-16,35,1BKL4MBX2sWGB5Bl9UwHGBsQTuY=,Z4ly2w7vKuK3ErCMq32vujwIUDk=
-16,33,1BKL4MBX2sWGB5Bl9UwHGBsQTuY=,QEVd4xoAYVAnem3T+I9xXyva/pE=
-16,36,1BKL4MBX2sWGB5Bl9UwHGBsQTuY=,p3fyRS3qp0r7S5t48Pirm8do3Wg=
-15,32,1BKL4MBX2sWGB5Bl9UwHGBsQTuY=,QEVd4xoAYVAnem3T+I9xXyva/pE=
-14,32,1BKL4MBX2sWGB5Bl9UwHGBsQTuY=,v419Uo5PafzDiJ0xPbfk5WgICNs=
-16,38,V7mGOL7IquXPS1hJT/4HNBQ45KI=,WuufR4AKp64E71uaSxvgA0uBaaA=
-16,37,V7mGOL7IquXPS1hJT/4HNBQ45KI=,p3fyRS3qp0r7S5t48Pirm8do3Wg=
-16,40,V7mGOL7IquXPS1hJT/4HNBQ45KI=,PnvA0lUqfxxmHQXXdThNAYOkHWg=
-16,39,V7mGOL7IquXPS1hJT/4HNBQ45KI=,WuufR4AKp64E71uaSxvgA0uBaaA=
-13,41,OhRvE6wJ1RpXesh/sDYqZXYcir0=,V7kgbE+xW+UGFP4FY42Tya/0lTM=
-14,41,YK3eya6zSmY8WJrAKKqGRNZwXLM=,V7kgbE+xW+UGFP4FY42Tya/0lTM=
-15,41,YK3eya6zSmY8WJrAKKqGRNZwXLM=,PnvA0lUqfxxmHQXXdThNAYOkHWg=
-12,41,OhRvE6wJ1RpXesh/sDYqZXYcir0=,KaXQdxD7+n8SKbMeDJ0dJUWqRWI=
-12,42,OhRvE6wJ1RpXesh/sDYqZXYcir0=,GMlX7x4tDDxoJIbf4Hflx+r+JVA=
-13,42,OhRvE6wJ1RpXesh/sDYqZXYcir0=,D5JRfQ0Ma0v8wgw1QvDQYs7zZI0=
-15,42,YK3eya6zSmY8WJrAKKqGRNZwXLM=,tqjDia1QeTwKfepo5cDFJPX60oE=
-14,42,YK3eya6zSmY8WJrAKKqGRNZwXLM=,D5JRfQ0Ma0v8wgw1QvDQYs7zZI0=
-14,43,2api0BJiuKOYzEhkm9E9dTvEzlE=,D5JRfQ0Ma0v8wgw1QvDQYs7zZI0=
-15,43,2api0BJiuKOYzEhkm9E9dTvEzlE=,tqjDia1QeTwKfepo5cDFJPX60oE=
-15,44,2api0BJiuKOYzEhkm9E9dTvEzlE=,8eIOgbF4gdgUH1I+8r8RVNahmdA=
-14,44,2api0BJiuKOYzEhkm9E9dTvEzlE=,titmi2vc3IeSHtzlwxJoeLjC0E8=
-13,43,OhRvE6wJ1RpXesh/sDYqZXYcir0=,D5JRfQ0Ma0v8wgw1QvDQYs7zZI0=
-12,43,OhRvE6wJ1RpXesh/sDYqZXYcir0=,GMlX7x4tDDxoJIbf4Hflx+r+JVA=
-12,44,OhRvE6wJ1RpXesh/sDYqZXYcir0=,HAj/o4IlAjD0EfU255yoMfRwKEc=
-13,44,OhRvE6wJ1RpXesh/sDYqZXYcir0=,titmi2vc3IeSHtzlwxJoeLjC0E8=
-12,45,IUgJtbpiWAqx/lTwIZzsM9g8950=,HAj/o4IlAjD0EfU255yoMfRwKEc=
-13,45,IUgJtbpiWAqx/lTwIZzsM9g8950=,titmi2vc3IeSHtzlwxJoeLjC0E8=
-12,46,IUgJtbpiWAqx/lTwIZzsM9g8950=,PBk3fjNIIOellNLHficemlxKb44=
-13,46,IUgJtbpiWAqx/lTwIZzsM9g8950=,zAvAhbHhkwgvp1wVv0tYyuCVrO0=
-10,43,OhRvE6wJ1RpXesh/sDYqZXYcir0=,/bH1e8DWXZ8RdHwllDrpa5pXN/c=
-11,43,OhRvE6wJ1RpXesh/sDYqZXYcir0=,GMlX7x4tDDxoJIbf4Hflx+r+JVA=
-11,44,OhRvE6wJ1RpXesh/sDYqZXYcir0=,HAj/o4IlAjD0EfU255yoMfRwKEc=
-10,44,OhRvE6wJ1RpXesh/sDYqZXYcir0=,l1/iz50QdEHcZ34UZmxM1EUm5Lk=
-11,45,IUgJtbpiWAqx/lTwIZzsM9g8950=,HAj/o4IlAjD0EfU255yoMfRwKEc=
-10,45,IUgJtbpiWAqx/lTwIZzsM9g8950=,l1/iz50QdEHcZ34UZmxM1EUm5Lk=
-11,46,IUgJtbpiWAqx/lTwIZzsM9g8950=,PBk3fjNIIOellNLHficemlxKb44=
-10,46,IUgJtbpiWAqx/lTwIZzsM9g8950=,BdwSY5kC4B90jg32T2jRKe/Y7Rc=
-8,45,IUgJtbpiWAqx/lTwIZzsM9g8950=,v1J0khV+1hXrFwKcCpZS1Yzond0=
-9,45,IUgJtbpiWAqx/lTwIZzsM9g8950=,l1/iz50QdEHcZ34UZmxM1EUm5Lk=
-9,46,IUgJtbpiWAqx/lTwIZzsM9g8950=,BdwSY5kC4B90jg32T2jRKe/Y7Rc=
-8,46,IUgJtbpiWAqx/lTwIZzsM9g8950=,npIS2kBovgxGnyL7UO6Z9U1+Sjw=
-8,42,OhRvE6wJ1RpXesh/sDYqZXYcir0=,geBx9pyGMQpfo/1+pmGH+e1TFts=
-8,44,OhRvE6wJ1RpXesh/sDYqZXYcir0=,v1J0khV+1hXrFwKcCpZS1Yzond0=
-9,42,OhRvE6wJ1RpXesh/sDYqZXYcir0=,/bH1e8DWXZ8RdHwllDrpa5pXN/c=
-9,44,OhRvE6wJ1RpXesh/sDYqZXYcir0=,l1/iz50QdEHcZ34UZmxM1EUm5Lk=
-8,43,OhRvE6wJ1RpXesh/sDYqZXYcir0=,geBx9pyGMQpfo/1+pmGH+e1TFts=
-9,43,OhRvE6wJ1RpXesh/sDYqZXYcir0=,/bH1e8DWXZ8RdHwllDrpa5pXN/c=
-9,41,OhRvE6wJ1RpXesh/sDYqZXYcir0=,LG0NiUmLHvYZM5nRYgXFXqCS5h4=
-8,41,OhRvE6wJ1RpXesh/sDYqZXYcir0=,4nm9FxDlMAP+ui6Mgg9iMyMit28=
-7,44,OhRvE6wJ1RpXesh/sDYqZXYcir0=,v1J0khV+1hXrFwKcCpZS1Yzond0=
-7,43,OhRvE6wJ1RpXesh/sDYqZXYcir0=,geBx9pyGMQpfo/1+pmGH+e1TFts=
-6,44,OhRvE6wJ1RpXesh/sDYqZXYcir0=,OPv8iyYgQVxgF1L+WsT3PfLFuHY=
-6,43,OhRvE6wJ1RpXesh/sDYqZXYcir0=,XU+zUiRXhLrwWuRfYBpIMcMQxE8=
-7,42,OhRvE6wJ1RpXesh/sDYqZXYcir0=,geBx9pyGMQpfo/1+pmGH+e1TFts=
-6,42,OhRvE6wJ1RpXesh/sDYqZXYcir0=,XU+zUiRXhLrwWuRfYBpIMcMQxE8=
-7,41,OhRvE6wJ1RpXesh/sDYqZXYcir0=,4nm9FxDlMAP+ui6Mgg9iMyMit28=
-6,41,OhRvE6wJ1RpXesh/sDYqZXYcir0=,aOenoMnzg+TNfFLjxSxD33Z6VR4=
-7,37,fYJGD93ILhNeD8pbo2ftHcsl3ag=,s69ngrJj7Ok3hve7lZPWofo3sUo=
-6,40,PSPbAFwWeYRKq+rUOVDyAljr6PI=,aOenoMnzg+TNfFLjxSxD33Z6VR4=
-6,37,fYJGD93ILhNeD8pbo2ftHcsl3ag=,b+DC66RAwKLZ4CUEOGxGXVL4ImA=
-7,40,PSPbAFwWeYRKq+rUOVDyAljr6PI=,4nm9FxDlMAP+ui6Mgg9iMyMit28=
-7,38,fYJGD93ILhNeD8pbo2ftHcsl3ag=,sSzqifeYlb5fG20ShI0Abdji1QY=
-7,39,PSPbAFwWeYRKq+rUOVDyAljr6PI=,sSzqifeYlb5fG20ShI0Abdji1QY=
-6,38,fYJGD93ILhNeD8pbo2ftHcsl3ag=,OzF2SaHgLMch6r4BarBAc/UlSqk=
-6,39,PSPbAFwWeYRKq+rUOVDyAljr6PI=,OzF2SaHgLMch6r4BarBAc/UlSqk=
-5,40,I6o0ZiLDgHDavJlV09S0Bfl4t6s=,aOenoMnzg+TNfFLjxSxD33Z6VR4=
-5,39,I6o0ZiLDgHDavJlV09S0Bfl4t6s=,OzF2SaHgLMch6r4BarBAc/UlSqk=
-4,39,I6o0ZiLDgHDavJlV09S0Bfl4t6s=,fxgUcoCDogLYIg0DyKRbxfII9UY=
-4,40,I6o0ZiLDgHDavJlV09S0Bfl4t6s=,YKWCXQiMaRwThr/Zqjk3de0CN1w=
-3,39,LHaEp1m2HrFoiP/XUanoJEf4s60=,fxgUcoCDogLYIg0DyKRbxfII9UY=
-3,40,LHaEp1m2HrFoiP/XUanoJEf4s60=,YKWCXQiMaRwThr/Zqjk3de0CN1w=
-2,39,LHaEp1m2HrFoiP/XUanoJEf4s60=,JaPaU7AWmKep5SG8zkxEeE8oLrA=
-2,40,LHaEp1m2HrFoiP/XUanoJEf4s60=,vLvz7p+t2bNchhmdfMFh4fnR5w4=
-5,38,5+TT9HtKSRe5uN+KGeaBaqBjS58=,OzF2SaHgLMch6r4BarBAc/UlSqk=
-5,36,ZyLIkzzL+hXDtSla+s3Mww+F90c=,b+DC66RAwKLZ4CUEOGxGXVL4ImA=
-5,37,5+TT9HtKSRe5uN+KGeaBaqBjS58=,b+DC66RAwKLZ4CUEOGxGXVL4ImA=
-4,35,ZyLIkzzL+hXDtSla+s3Mww+F90c=,WwOGDLs7zka3YPmYg7+sMIEw4WY=
-5,35,ZyLIkzzL+hXDtSla+s3Mww+F90c=,B5FK5ABuP1cX2HW113EQouCDFrw=
-4,36,ZyLIkzzL+hXDtSla+s3Mww+F90c=,7nz3JiLbkP3IRwtkWah8Yq/UEFk=
-4,38,5+TT9HtKSRe5uN+KGeaBaqBjS58=,fxgUcoCDogLYIg0DyKRbxfII9UY=
-4,37,5+TT9HtKSRe5uN+KGeaBaqBjS58=,7nz3JiLbkP3IRwtkWah8Yq/UEFk=
-2,35,cM797YnPhzvk3MwhioFOE0FKwdw=,p86XgKLEnI0UvRvh+v6qPDRM89M=
-3,37,/5Av+nSpIdr3EEyr6D+1Y9cjgX8=,7nz3JiLbkP3IRwtkWah8Yq/UEFk=
-3,35,cM797YnPhzvk3MwhioFOE0FKwdw=,WwOGDLs7zka3YPmYg7+sMIEw4WY=
-3,38,/5Av+nSpIdr3EEyr6D+1Y9cjgX8=,fxgUcoCDogLYIg0DyKRbxfII9UY=
-2,38,/5Av+nSpIdr3EEyr6D+1Y9cjgX8=,JaPaU7AWmKep5SG8zkxEeE8oLrA=
-3,36,cM797YnPhzvk3MwhioFOE0FKwdw=,7nz3JiLbkP3IRwtkWah8Yq/UEFk=
-2,37,/5Av+nSpIdr3EEyr6D+1Y9cjgX8=,Kc+Oj3q26fJqOjkaAZTiEPj0hug=
-2,36,cM797YnPhzvk3MwhioFOE0FKwdw=,Kc+Oj3q26fJqOjkaAZTiEPj0hug=
-5,41,uR6pVl87o7o8fNWBCDqwkBmiKK0=,aOenoMnzg+TNfFLjxSxD33Z6VR4=
-3,41,LHaEp1m2HrFoiP/XUanoJEf4s60=,YKWCXQiMaRwThr/Zqjk3de0CN1w=
-4,41,+UK32HcT0auRSZCOl7mtdKBn4GM=,YKWCXQiMaRwThr/Zqjk3de0CN1w=
-2,41,LHaEp1m2HrFoiP/XUanoJEf4s60=,vLvz7p+t2bNchhmdfMFh4fnR5w4=
-5,42,+UK32HcT0auRSZCOl7mtdKBn4GM=,XU+zUiRXhLrwWuRfYBpIMcMQxE8=
-4,42,+UK32HcT0auRSZCOl7mtdKBn4GM=,ImF2+9e8ZawRZHVFsnu8h+Vzd8A=
-3,42,LHaEp1m2HrFoiP/XUanoJEf4s60=,ImF2+9e8ZawRZHVFsnu8h+Vzd8A=
-2,42,LHaEp1m2HrFoiP/XUanoJEf4s60=,Rf6RyfgE/z1p1ChlussqdvLBtWQ=
-5,43,m84hoFMZCKZN+VV0NcdYHFcASEc=,XU+zUiRXhLrwWuRfYBpIMcMQxE8=
-5,44,m84hoFMZCKZN+VV0NcdYHFcASEc=,OPv8iyYgQVxgF1L+WsT3PfLFuHY=
-4,43,m84hoFMZCKZN+VV0NcdYHFcASEc=,ImF2+9e8ZawRZHVFsnu8h+Vzd8A=
-4,44,m84hoFMZCKZN+VV0NcdYHFcASEc=,iUPA1l3KyQaUIbrDYU7/YvLCBUk=
-3,44,m84hoFMZCKZN+VV0NcdYHFcASEc=,iUPA1l3KyQaUIbrDYU7/YvLCBUk=
-3,43,m84hoFMZCKZN+VV0NcdYHFcASEc=,ImF2+9e8ZawRZHVFsnu8h+Vzd8A=
-2,43,m84hoFMZCKZN+VV0NcdYHFcASEc=,Rf6RyfgE/z1p1ChlussqdvLBtWQ=
-2,44,m84hoFMZCKZN+VV0NcdYHFcASEc=,txPPaUZsjQXy/q6SvlvjWVj/zAc=
-2,45,WuAqNu0CM6LfXexwxjcYZiV6Gng=,txPPaUZsjQXy/q6SvlvjWVj/zAc=
-3,45,WuAqNu0CM6LfXexwxjcYZiV6Gng=,iUPA1l3KyQaUIbrDYU7/YvLCBUk=
-3,46,WuAqNu0CM6LfXexwxjcYZiV6Gng=,Kqlxni++smVF8aXFR5EsH33cDkE=
-2,46,WuAqNu0CM6LfXexwxjcYZiV6Gng=,MfJpj6Ahp7I8GjgE6JzSECZo168=
-7,45,EzDqF6m8dgosvOFnTJNxwnH6DEE=,v1J0khV+1hXrFwKcCpZS1Yzond0=
-7,46,EzDqF6m8dgosvOFnTJNxwnH6DEE=,npIS2kBovgxGnyL7UO6Z9U1+Sjw=
-6,46,EzDqF6m8dgosvOFnTJNxwnH6DEE=,fKliBVMd0pmVSUwQ32s24AEssqU=
-5,45,WuAqNu0CM6LfXexwxjcYZiV6Gng=,OPv8iyYgQVxgF1L+WsT3PfLFuHY=
-5,46,WuAqNu0CM6LfXexwxjcYZiV6Gng=,fKliBVMd0pmVSUwQ32s24AEssqU=
-4,45,WuAqNu0CM6LfXexwxjcYZiV6Gng=,iUPA1l3KyQaUIbrDYU7/YvLCBUk=
-6,45,EzDqF6m8dgosvOFnTJNxwnH6DEE=,OPv8iyYgQVxgF1L+WsT3PfLFuHY=
-4,46,WuAqNu0CM6LfXexwxjcYZiV6Gng=,Kqlxni++smVF8aXFR5EsH33cDkE=
-4,47,2SCpVb+H8AumW9muVNsPWLIY9So=,Kqlxni++smVF8aXFR5EsH33cDkE=
-1,46,zDcTwgTaT9zUIsLW3AuLlD4XUYg=,MfJpj6Ahp7I8GjgE6JzSECZo168=
-1,45,zDcTwgTaT9zUIsLW3AuLlD4XUYg=,txPPaUZsjQXy/q6SvlvjWVj/zAc=
-5,47,2SCpVb+H8AumW9muVNsPWLIY9So=,fKliBVMd0pmVSUwQ32s24AEssqU=
-3,47,2SCpVb+H8AumW9muVNsPWLIY9So=,Kqlxni++smVF8aXFR5EsH33cDkE=
-2,47,2SCpVb+H8AumW9muVNsPWLIY9So=,MfJpj6Ahp7I8GjgE6JzSECZo168=
-6,47,2SCpVb+H8AumW9muVNsPWLIY9So=,fKliBVMd0pmVSUwQ32s24AEssqU=
-7,47,2SCpVb+H8AumW9muVNsPWLIY9So=,npIS2kBovgxGnyL7UO6Z9U1+Sjw=
-9,47,2SCpVb+H8AumW9muVNsPWLIY9So=,BdwSY5kC4B90jg32T2jRKe/Y7Rc=
-8,47,2SCpVb+H8AumW9muVNsPWLIY9So=,npIS2kBovgxGnyL7UO6Z9U1+Sjw=
-11,47,2SCpVb+H8AumW9muVNsPWLIY9So=,PBk3fjNIIOellNLHficemlxKb44=
-10,47,2SCpVb+H8AumW9muVNsPWLIY9So=,BdwSY5kC4B90jg32T2jRKe/Y7Rc=
-12,47,2SCpVb+H8AumW9muVNsPWLIY9So=,PBk3fjNIIOellNLHficemlxKb44=
-13,47,2SCpVb+H8AumW9muVNsPWLIY9So=,zAvAhbHhkwgvp1wVv0tYyuCVrO0=
-16,45,2SCpVb+H8AumW9muVNsPWLIY9So=,8eIOgbF4gdgUH1I+8r8RVNahmdA=
-14,45,2api0BJiuKOYzEhkm9E9dTvEzlE=,titmi2vc3IeSHtzlwxJoeLjC0E8=
-14,47,2SCpVb+H8AumW9muVNsPWLIY9So=,zAvAhbHhkwgvp1wVv0tYyuCVrO0=
-15,45,2api0BJiuKOYzEhkm9E9dTvEzlE=,8eIOgbF4gdgUH1I+8r8RVNahmdA=
-15,46,2api0BJiuKOYzEhkm9E9dTvEzlE=,/C25HzBQQAa1Xlxw67laEqYGhhg=
-14,46,2api0BJiuKOYzEhkm9E9dTvEzlE=,zAvAhbHhkwgvp1wVv0tYyuCVrO0=
-16,47,qnGIwMcwl3Gji4V1O4Fm6GR35NQ=,/C25HzBQQAa1Xlxw67laEqYGhhg=
-15,47,2SCpVb+H8AumW9muVNsPWLIY9So=,/C25HzBQQAa1Xlxw67laEqYGhhg=
-16,46,2SCpVb+H8AumW9muVNsPWLIY9So=,/C25HzBQQAa1Xlxw67laEqYGhhg=
-16,44,V7mGOL7IquXPS1hJT/4HNBQ45KI=,8eIOgbF4gdgUH1I+8r8RVNahmdA=
-16,43,V7mGOL7IquXPS1hJT/4HNBQ45KI=,tqjDia1QeTwKfepo5cDFJPX60oE=
-16,42,V7mGOL7IquXPS1hJT/4HNBQ45KI=,tqjDia1QeTwKfepo5cDFJPX60oE=
-16,41,V7mGOL7IquXPS1hJT/4HNBQ45KI=,PnvA0lUqfxxmHQXXdThNAYOkHWg=
-10,32,dD2lp/BsBwbVCL85oC3lVpGhm/0=,5zlcXoaN/TqtTwHoWlXXY9PBMlM=
-11,32,dD2lp/BsBwbVCL85oC3lVpGhm/0=,xbkxaFgpE1ur9ifc4FPt/I/EaQ4=
-8,32,qnGIwMcwl3Gji4V1O4Fm6GR35NQ=,hY/gsDB39olq7h4TFz1fzteBOaU=
-9,32,qnGIwMcwl3Gji4V1O4Fm6GR35NQ=,5zlcXoaN/TqtTwHoWlXXY9PBMlM=
-6,32,VjSwvvEPl4fn0ZjB/QQqiL/rOOU=,dqz94swXjXI/bMywKxfALGuevEs=
-7,32,qnGIwMcwl3Gji4V1O4Fm6GR35NQ=,hY/gsDB39olq7h4TFz1fzteBOaU=
-5,32,VjSwvvEPl4fn0ZjB/QQqiL/rOOU=,dqz94swXjXI/bMywKxfALGuevEs=
-4,32,VjSwvvEPl4fn0ZjB/QQqiL/rOOU=,jL07Mp4j59bJ4mw0dshU1PwdeBc=
-2,32,qnGIwMcwl3Gji4V1O4Fm6GR35NQ=,MJXRaPwZXBgTuvy3FY1JpAu/iVA=
-3,32,qnGIwMcwl3Gji4V1O4Fm6GR35NQ=,jL07Mp4j59bJ4mw0dshU1PwdeBc=
-1,32,qnGIwMcwl3Gji4V1O4Fm6GR35NQ=,MJXRaPwZXBgTuvy3FY1JpAu/iVA=
-1,34,ZeT3WIJSM1A4sdaPA11HPvDYwJ4=,p86XgKLEnI0UvRvh+v6qPDRM89M=
-1,33,ZeT3WIJSM1A4sdaPA11HPvDYwJ4=,MJXRaPwZXBgTuvy3FY1JpAu/iVA=
-1,35,ZeT3WIJSM1A4sdaPA11HPvDYwJ4=,p86XgKLEnI0UvRvh+v6qPDRM89M=
-1,36,ZeT3WIJSM1A4sdaPA11HPvDYwJ4=,Kc+Oj3q26fJqOjkaAZTiEPj0hug=
-1,38,0rE46r48fD6pjDGzK4afZiNKkV8=,JaPaU7AWmKep5SG8zkxEeE8oLrA=
-1,37,0rE46r48fD6pjDGzK4afZiNKkV8=,Kc+Oj3q26fJqOjkaAZTiEPj0hug=
-1,39,0rE46r48fD6pjDGzK4afZiNKkV8=,JaPaU7AWmKep5SG8zkxEeE8oLrA=
-1,40,0rE46r48fD6pjDGzK4afZiNKkV8=,vLvz7p+t2bNchhmdfMFh4fnR5w4=
-1,47,zDcTwgTaT9zUIsLW3AuLlD4XUYg=,MfJpj6Ahp7I8GjgE6JzSECZo168=
-16,32,qnGIwMcwl3Gji4V1O4Fm6GR35NQ=,QEVd4xoAYVAnem3T+I9xXyva/pE=
-1,44,zDcTwgTaT9zUIsLW3AuLlD4XUYg=,txPPaUZsjQXy/q6SvlvjWVj/zAc=
-1,43,zDcTwgTaT9zUIsLW3AuLlD4XUYg=,Rf6RyfgE/z1p1ChlussqdvLBtWQ=
-1,42,zDcTwgTaT9zUIsLW3AuLlD4XUYg=,Rf6RyfgE/z1p1ChlussqdvLBtWQ=
-1,41,zDcTwgTaT9zUIsLW3AuLlD4XUYg=,vLvz7p+t2bNchhmdfMFh4fnR5w4=
