-1,-1,VlUqZ49FNKbc6ms3ALN1+3W7LwQ=,jxlC0P0FTG4+tvuQFkAYulJjY7E=
-1,-2,VlUqZ49FNKbc6ms3ALN1+3W7LwQ=,k2Gu0dvQJci5IBJ1PIER7nsWY/c=
-1,-3,mgWsdWiKhfonjzRg2uhDOhiPIHY=,jtc9NSJEggKTWEK3/SM50f81Lcw=
-1,-4,mgWsdWiKhfonjzRg2uhDOhiPIHY=,ZmfzCYZAYkDtaWDjq71o3yKuz+g=
-1,-5,mgWsdWiKhfonjzRg2uhDOhiPIHY=,2EoSCdgQpEsEAJyOhTNRFzlf69U=
-1,-6,mgWsdWiKhfonjzRg2uhDOhiPIHY=,tNGUAoC88NJNP4bVBgpXUMtCQMw=
-1,-7,mgWsdWiKhfonjzRg2uhDOhiPIHY=,boTIONGIa7aKt2RRZAjSOIWchoU=
-1,-8,mgWsdWiKhfonjzRg2uhDOhiPIHY=,korhEjG8qHK0DApMAllBnCWs6GE=
-1,-9,mgWsdWiKhfonjzRg2uhDOhiPIHY=,1TsJw2H6YRMQmsD6zXwmWbnbQlg=
-1,-10,STz77AmDY2ApArXVdnCeE0u3sJk=,rTKI6a6nwDPuXFaP7It51lGAy2k=
-1,-11,STz77AmDY2ApArXVdnCeE0u3sJk=,We3GljJXFZfUH6+F9rKzI4Y6pXo=
-1,-12,STz77AmDY2ApArXVdnCeE0u3sJk=,IhPGKdIxf4qLH4vLFPDWBhBLJms=
-1,-13,STz77AmDY2ApArXVdnCeE0u3sJk=,21mxyDFlOwbFr0H7nBv2wOAZJpE=
-1,-14,STz77AmDY2ApArXVdnCeE0u3sJk=,mjPXUlf975BtLbxbixVIpLaeic4=
-1,-15,STz77AmDY2ApArXVdnCeE0u3sJk=,stL8GqL2OX7OQgrAy5xh5fz4CYc=
-1,-16,STz77AmDY2ApArXVdnCeE0u3sJk=,ktFbX2lcMaz730Gf/PJFauVYJXY=
-1,-17,STz77AmDY2ApArXVdnCeE0u3sJk=,HXlrnUvFhK5KxMxDd01YGKQylfQ=
-1,-18,HXNFw+zqBqC9OqBgIo2orFybH0Q=,TKE9wthOqCtkAne0+9FVCOSIvD4=
-1,-19,HXNFw+zqBqC9OqBgIo2orFybH0Q=,ZEkz1p3uufHPLpY5tFzwRCtqQio=
-1,-20,HXNFw+zqBqC9OqBgIo2orFybH0Q=,fUwRfcXQgFhsBd/1KzS0FY8bAJM=
-1,-21,HXNFw+zqBqC9OqBgIo2orFybH0Q=,liTu4ChNA5RIbOh90MkfHSZHh3Q=
-1,-22,HXNFw+zqBqC9OqBgIo2orFybH0Q=,rTbpgXtxgczOtlLkG1QeAh0UzQQ=
-1,-23,HXNFw+zqBqC9OqBgIo2orFybH0Q=,kyXxc9ojGwVjlzO41GuEpjp+6hY=
-1,-24,HXNFw+zqBqC9OqBgIo2orFybH0Q=,dp6k8ywWNmBPNoDVVPlc2attW8w=
-1,-25,IOE81WwCRHmlG4vUUJ0wSZMDhKs=,P1/Oh0ReN2WyvGghBOjqZZneMvk=
-1,-26,IOE81WwCRHmlG4vUUJ0wSZMDhKs=,xvd1W2y+hMGuaFk1ZM5AUfwG2Uk=
-1,-27,IOE81WwCRHmlG4vUUJ0wSZMDhKs=,YHrUD7smybw7au4b7WRUt/R/cR4=
-1,-28,IOE81WwCRHmlG4vUUJ0wSZMDhKs=,5QE4ve3r7wQbIKadhc4KPoaqrrs=
-1,-29,IOE81WwCRHmlG4vUUJ0wSZMDhKs=,2+M+g2JMNzAmnI75phBUzW9cUkE=
-1,-30,IOE81WwCRHmlG4vUUJ0wSZMDhKs=,YmX6JcgZ6h8UBc8ZH5Vrnpz0PGE=
-1,-31,IOE81WwCRHmlG4vUUJ0wSZMDhKs=,rTBELo07DpgNYCpJac14MSzpxhM=
-1,-32,IOE81WwCRHmlG4vUUJ0wSZMDhKs=,85xqUKf80KaZNU17/ieEQ2vlW9g=
-2,-2,P5tsaWoJ0Sl6TWhmtGXihkgHTAc=,Ci/Ai8XZqxSH+qGYhasJ1zu3f0Q=
-2,-1,P5tsaWoJ0Sl6TWhmtGXihkgHTAc=,kjLoQ8cYTYO81hGcAWNcfjfqv04=
-2,-4,P5tsaWoJ0Sl6TWhmtGXihkgHTAc=,oC2avndTBLTKwJUpTsXCGgXD0QA=
-2,-3,P5tsaWoJ0Sl6TWhmtGXihkgHTAc=,vyTUfwVcAcptvAonoWF6Xk3uGfk=
-2,-6,P5tsaWoJ0Sl6TWhmtGXihkgHTAc=,M9SsUt+Sygzw9HdnbMMqRs9sWQ8=
-2,-5,P5tsaWoJ0Sl6TWhmtGXihkgHTAc=,uEALoVGdLCExnSvqh2pbLLv2Cak=
-2,-8,5WELdWDtVoU8XDdDKFv2t+sU5DA=,ryVhuI+CNHp7YldsZxM2wMTNSHY=
-2,-7,5WELdWDtVoU8XDdDKFv2t+sU5DA=,bH3yBqmtQAUd7Ss5BHECgLhtwRk=
-2,-10,5WELdWDtVoU8XDdDKFv2t+sU5DA=,KnrXoaplr+uY6rI0JI8/v4zQFjs=
-2,-9,5WELdWDtVoU8XDdDKFv2t+sU5DA=,2YBW/4btQRrEuukWQSUYWbmCSAA=
-2,-12,5WELdWDtVoU8XDdDKFv2t+sU5DA=,jF75uXPQU/PwugF3jnFsLO06evM=
-2,-11,5WELdWDtVoU8XDdDKFv2t+sU5DA=,+i69co2mI/mDnHtssa0/PTB64jg=
-2,-14,5WELdWDtVoU8XDdDKFv2t+sU5DA=,Z4SB8dalO5CzE5y8tpKYcKKpp6g=
-2,-13,tK+kovrMlGs9DlG8E3aClXH4qsg=,F8dpJ316HwryAB/96cmjEk/bs38=
-2,-16,tK+kovrMlGs9DlG8E3aClXH4qsg=,rkZa1GfuzMa6g0yul5GLjpyKUSM=
-2,-15,tK+kovrMlGs9DlG8E3aClXH4qsg=,T54Oml/DMfPtUwwlJSEDC0C0obo=
-2,-18,tK+kovrMlGs9DlG8E3aClXH4qsg=,LI3Q8CXEMYvNAf+W/h75sB1DXhE=
-2,-17,tK+kovrMlGs9DlG8E3aClXH4qsg=,A8AIcSlFrkaLb67Z+7NaymI0abY=
-2,-20,tK+kovrMlGs9DlG8E3aClXH4qsg=,Ny3dn4e/XSLiW+JdKXeJtLdRNoU=
-2,-19,tK+kovrMlGs9DlG8E3aClXH4qsg=,bySnma2pHWXsQLeI6njpgLBnOic=
-2,-22,tK+kovrMlGs9DlG8E3aClXH4qsg=,urHqRZdsjHyCaNvjS5S3JvsWtjc=
-2,-21,UxTXbTnP6dRr+Auxj5e0JKZOR6s=,5Iv+uoVH/NUmmGWqVvGZkTzFc6Y=
-2,-24,UxTXbTnP6dRr+Auxj5e0JKZOR6s=,oRu1+J81t+2j6yWxBbF45nWZDvo=
-2,-23,UxTXbTnP6dRr+Auxj5e0JKZOR6s=,Jhc8HitnJDTMQuZJJbWS/wSxx60=
-2,-26,UxTXbTnP6dRr+Auxj5e0JKZOR6s=,zeWVqhnt2IazZqKaTJp0ZEVyRJc=
-2,-25,UxTXbTnP6dRr+Auxj5e0JKZOR6s=,B4WJFmTPBS196CYQOcqlzm4gHjw=
-2,-28,UxTXbTnP6dRr+Auxj5e0JKZOR6s=,QDpRgCtfP3To8Ea1vjRd0+BrVQg=
-2,-27,UxTXbTnP6dRr+Auxj5e0JKZOR6s=,j/a9/Pfz22vKbOgM7wqp3C2wLig=
-2,-30,5Z0WoIJS0xBAVYQVlvilM1DF4HA=,qNP+vcUfUHWkIYcsKidLh1Xu4Xc=
-2,-29,5Z0WoIJS0xBAVYQVlvilM1DF4HA=,yMa9ye76dtnsLXTl3iTsz2j/GY4=
-2,-32,5Z0WoIJS0xBAVYQVlvilM1DF4HA=,85xqUKf80KaZNU17/ieEQ2vlW9g=
-2,-31,5Z0WoIJS0xBAVYQVlvilM1DF4HA=,5nhxJymz7vI0p2bqvtofV4hb9oQ=
-3,-3,5Z0WoIJS0xBAVYQVlvilM1DF4HA=,+lyrzBxG/1zzr+Uz9GDZ7O3UprY=
-3,-4,5Z0WoIJS0xBAVYQVlvilM1DF4HA=,FYnsfTzktGxvGFKIAmw17INDq3k=
-3,-1,5Z0WoIJS0xBAVYQVlvilM1DF4HA=,km7IRYsZnqlGqA9EJUJqU+aYjfc=
-3,-2,73IHeHn99nTwMST4P4Z1J+w0EhQ=,cSO46VjlrERO2g7p+4YGUfUFaNU=
-3,-7,73IHeHn99nTwMST4P4Z1J+w0EhQ=,HMJRe/yHxRLR+TvgYc1VYduTYTY=
-3,-8,73IHeHn99nTwMST4P4Z1J+w0EhQ=,KEARJJ7704VJHAdUq4tuyjdzlbg=
-3,-5,73IHeHn99nTwMST4P4Z1J+w0EhQ=,nCAwzt8vZLuvqlHEhcFMBlc8AUM=
-3,-6,73IHeHn99nTwMST4P4Z1J+w0EhQ=,K1LIhK6CpWGOExPHPaWIqaBsB78=
-3,-11,73IHeHn99nTwMST4P4Z1J+w0EhQ=,mH8o52Kkv1fXOwtxWM88s3B+fmM=
-3,-12,lxybEBaREZ0UPoUEQhak3o5aV54=,vuSyqIPIbtOpsagW3Gll8e3INtQ=
-3,-9,lxybEBaREZ0UPoUEQhak3o5aV54=,tfOqL8KlmzI7LV0xyMgEzKaEb6o=
-3,-10,8GovrBk+HY7SRBWHQMpkFbuReQk=,MfhujL3LuftyU2y0n+c457nz1Lc=
-3,-15,yBgHqpErAZiPwedOuU3ZKzOKN8k=,cU+NHrjfjnjdMgV/psbcwX6ZEik=
-3,-16,XSzgkhU4xFvsVLmbZPqbmYVZ+l0=,34QumDKLDhlyfa+kAwgNYn76I0Y=
-3,-13,XSzgkhU4xFvsVLmbZPqbmYVZ+l0=,12acXvmjSnHLota8h0iMJ+sJGnc=
-3,-14,XSzgkhU4xFvsVLmbZPqbmYVZ+l0=,YKiHxJzNJk2ZnEIqmZ7AUVI8jPI=
-3,-19,XSzgkhU4xFvsVLmbZPqbmYVZ+l0=,GId8VwIz6OCheCtR32QvNFSSRrw=
-3,-20,XSzgkhU4xFvsVLmbZPqbmYVZ+l0=,Gk9W5PyzVvUa2zopCvNro4coaFk=
-3,-17,XSzgkhU4xFvsVLmbZPqbmYVZ+l0=,NMnHws/I6coNz948O4XWquR36x0=
-3,-18,ffuuM5Jdvdm3oienp2HVKl8KJ+k=,/k1ypKe6dejL0b9XJ9cxRpH2DEE=
-3,-23,ffuuM5Jdvdm3oienp2HVKl8KJ+k=,GySCq0lW44o/I8Fu/rjXgT5qU4M=
-3,-24,ffuuM5Jdvdm3oienp2HVKl8KJ+k=,oAli2sG5+uRcl0bMnxbvPayM4xU=
-3,-21,ffuuM5Jdvdm3oienp2HVKl8KJ+k=,Gu3pChP8jSH2H3wKEN3RWXMDmmc=
-3,-22,ffuuM5Jdvdm3oienp2HVKl8KJ+k=,+RM30us9Z2oNvCBUmoiqPHUokF8=
-3,-27,ffuuM5Jdvdm3oienp2HVKl8KJ+k=,oySbWh+FjTvVec/WNrnhH26gz0E=
-3,-28,ffuuM5Jdvdm3oienp2HVKl8KJ+k=,WD7tGDJsdIbaD5cy9DjwcvkGHSc=
-3,-25,ffuuM5Jdvdm3oienp2HVKl8KJ+k=,9oIAGDDTkTh0ERpftc2rfZ/la8k=
-3,-26,eESY9uTTR5wtrFBQ+l1keDSVP3s=,bGcXkA/eHkO0P5dmN8fgpC5RoIA=
-3,-31,eESY9uTTR5wtrFBQ+l1keDSVP3s=,kvuq/ig7eNXQTRVDtSnx8K5MxVA=
-3,-32,eESY9uTTR5wtrFBQ+l1keDSVP3s=,g6+Fh6puz55jglngnLZ0+KZ95d8=
-3,-29,eESY9uTTR5wtrFBQ+l1keDSVP3s=,txY0OrLy2Y1MHtWhFbq4u1nLtHI=
-3,-30,eESY9uTTR5wtrFBQ+l1keDSVP3s=,QMhLK5QV2b+b6M8Fi+y+NoDqdiA=
-4,-4,eESY9uTTR5wtrFBQ+l1keDSVP3s=,rjME7yn4zNIkiCnE4iENxUg915g=
-4,-3,eESY9uTTR5wtrFBQ+l1keDSVP3s=,rFFTQ/a2OV/5U19Kt2dDVknNjMY=
-4,-2,e+/bZr75llY5kvnXfE6onBm9s6s=,wohy0OY2JOSqBkNMvFPXy1pZJvA=
-4,-1,e+/bZr75llY5kvnXfE6onBm9s6s=,s1M4Dw++/ZeRMKhqdngdDvxep5I=
-4,-8,e+/bZr75llY5kvnXfE6onBm9s6s=,TNj6ByOfs9OTpGUetq1r0hUk+FY=
-4,-7,e+/bZr75llY5kvnXfE6onBm9s6s=,qQA1BWQ0CyNQzOZlHJj7hDaHK0U=
-4,-6,e+/bZr75llY5kvnXfE6onBm9s6s=,TTr9jbZ/l11OTIFFxZIUK94xy0M=
-4,-5,e+/bZr75llY5kvnXfE6onBm9s6s=,nCAwzt8vZLuvqlHEhcFMBlc8AUM=
-4,-12,5i83jnrPW4SiDuP8usxEBz09g7Y=,yZCMiGfqHibYpqGPA9YMdTyTjY8=
-4,-11,5i83jnrPW4SiDuP8usxEBz09g7Y=,sHwQIaBYmKKzQheG4i1IWtefAw0=
-4,-10,5i83jnrPW4SiDuP8usxEBz09g7Y=,CnDU3+8mnwSuzNIAuD7bv3vbaUM=
-4,-9,5i83jnrPW4SiDuP8usxEBz09g7Y=,pxH13UTtBgoGqJxs+irvbxabh1I=
-4,-16,5i83jnrPW4SiDuP8usxEBz09g7Y=,8JPI+dM6i50PnKazZyG1JkXedOo=
-4,-15,5i83jnrPW4SiDuP8usxEBz09g7Y=,I/snytrP1wXr0baKkJ3IKhQWdO0=
-4,-14,5i83jnrPW4SiDuP8usxEBz09g7Y=,DQ7C29cfKhTA1kngN5MnI/WG1LQ=
-4,-13,5i83jnrPW4SiDuP8usxEBz09g7Y=,+9ObLSuaphNJsBBTmIBDyKJqNOI=
-4,-20,5i83jnrPW4SiDuP8usxEBz09g7Y=,GU5GRkWqdck5KoLKhg4ixHRzp+A=
-4,-19,+WQ1siO2b2BurtezP96oGjwMr/A=,zhGM5TkIneyhzfuU3mAX0HKeveU=
-4,-18,+WQ1siO2b2BurtezP96oGjwMr/A=,GpsewBBr0QbYp97JRPrIboFtSB4=
-4,-17,+WQ1siO2b2BurtezP96oGjwMr/A=,/NBLyIGq1E1rA1pw/yLBMIckD5E=
-4,-24,+WQ1siO2b2BurtezP96oGjwMr/A=,oAli2sG5+uRcl0bMnxbvPayM4xU=
-4,-23,+WQ1siO2b2BurtezP96oGjwMr/A=,busZex8y1dKnLNTqxPt9/QBKUCs=
-4,-22,+WQ1siO2b2BurtezP96oGjwMr/A=,piowjsxIWhki/ygSZVUWzY/FOUM=
-4,-21,+WQ1siO2b2BurtezP96oGjwMr/A=,qIm+50HGCpau5a+HFc4gQ4CVIVg=
-4,-28,IvCqcjSIy8AbcVIbANbt+qLR9+k=,cBrhzsgnS/gyENPWINf8J5a7QF4=
-4,-27,IvCqcjSIy8AbcVIbANbt+qLR9+k=,TdG4KETpeneiOTN4ncBVw6LeFzM=
-4,-26,IvCqcjSIy8AbcVIbANbt+qLR9+k=,H+AuulZgqTnER0pmkXVKb+HgbvY=
-4,-25,IvCqcjSIy8AbcVIbANbt+qLR9+k=,FeY04/0VNQH6A8p7kmNDz4UTF/o=
-4,-32,IvCqcjSIy8AbcVIbANbt+qLR9+k=,R/tdd5/+txyZ0cL3ximf7e3gKpQ=
-4,-31,IvCqcjSIy8AbcVIbANbt+qLR9+k=,nOBQMEuK2eLHzw4P22vSJMcevYc=
-4,-30,IvCqcjSIy8AbcVIbANbt+qLR9+k=,UaiJoDaeP++ln34mw+m1zeZPTEc=
-4,-29,IvCqcjSIy8AbcVIbANbt+qLR9+k=,HZIH1Og2T6uK8Z5AqjzYCuSVfq4=
-5,-5,vHbQzD4MsJ8Q4OP2xLz5j4a+zTA=,dx6YE7sp924EiL8c3aVmbuf4mY4=
-5,-6,vHbQzD4MsJ8Q4OP2xLz5j4a+zTA=,ExEIlOynMBqSoIHIOSPRLdANRq0=
-5,-7,vHbQzD4MsJ8Q4OP2xLz5j4a+zTA=,cMatRccCEH8YqbnppCoPzoSbyEQ=
-5,-8,vHbQzD4MsJ8Q4OP2xLz5j4a+zTA=,oPsEsKmGoyqg3GFJFsLfxf0Cv8Q=
-5,-1,vHbQzD4MsJ8Q4OP2xLz5j4a+zTA=,4gSmWOeIFmZAWYgFmWEUYi36wbY=
-5,-2,vHbQzD4MsJ8Q4OP2xLz5j4a+zTA=,aosagz/UgyNZt9qqUHAA0E+jvDU=
-5,-3,95PyzxzQUPilObxjPv4wAD57klk=,wdqogIsDBvDUFfR4ZNl93MWpfOo=
-5,-4,95PyzxzQUPilObxjPv4wAD57klk=,x55fUkOCsA7Doe/DNsgtCdUy81M=
-5,-13,95PyzxzQUPilObxjPv4wAD57klk=,nf1CRIGajfgqAgGryHAR3KZKsKs=
-5,-14,95PyzxzQUPilObxjPv4wAD57klk=,nf1CRIGajfgqAgGryHAR3KZKsKs=
-5,-15,95PyzxzQUPilObxjPv4wAD57klk=,Lrwo+tEYRKX1P1JhOPdUbZ4Vfqc=
-5,-16,95PyzxzQUPilObxjPv4wAD57klk=,rm5EbR2ytN4oJbmYiHaci5nqISg=
-5,-9,95PyzxzQUPilObxjPv4wAD57klk=,AIaaUAmdX8tu7DL+PGRTw42k0PY=
-5,-10,TfMksviAKLZdd8ZQoaKDGMKFGoo=,R1Y8sxbe9cA7m0m7B0gVaaaH9eI=
-5,-11,TfMksviAKLZdd8ZQoaKDGMKFGoo=,Ov1luxPH1xFgXgmRcveyVBvmahI=
-5,-12,TfMksviAKLZdd8ZQoaKDGMKFGoo=,xkWT3S9h218ibHD9N9Pi5aK3Upw=
-5,-21,TfMksviAKLZdd8ZQoaKDGMKFGoo=,MEb5ZQGfrq7pIDPrPs5xwvP9vqo=
-5,-22,TfMksviAKLZdd8ZQoaKDGMKFGoo=,TWuegDtmXlPdveh1jH0xw/BsAuA=
-5,-23,TfMksviAKLZdd8ZQoaKDGMKFGoo=,zlFxW/pmXCkn+OcF2iEO8tSJPuY=
-5,-24,TfMksviAKLZdd8ZQoaKDGMKFGoo=,dwRF4KogzD1+tAa9Nk7itkt0rRo=
-5,-17,ae/dAIgBKhZK3jwnmhibXgRJdRk=,Uw+gK71ZXPmaiS9dO0/7exgX1sw=
-5,-18,ae/dAIgBKhZK3jwnmhibXgRJdRk=,/noAh7Uwrafi2lg+FxxB3PpgG4g=
-5,-19,ae/dAIgBKhZK3jwnmhibXgRJdRk=,tLXW+7yPQXn6SE+rTje1YYj9jjU=
-5,-20,ae/dAIgBKhZK3jwnmhibXgRJdRk=,t8SEWFvYOHjO3ofgUqoMmqWCFbs=
-5,-29,ae/dAIgBKhZK3jwnmhibXgRJdRk=,EYoRARvvYuagfXzHF//DQZZaQoA=
-5,-30,ae/dAIgBKhZK3jwnmhibXgRJdRk=,+F8r9IhdEJ+/p167MJw3EAjbRFI=
-5,-31,ae/dAIgBKhZK3jwnmhibXgRJdRk=,9n5r37yhNuLLNgD1MxoCT44f65w=
-5,-32,ae/dAIgBKhZK3jwnmhibXgRJdRk=,hsAvoKbmS03b70uP7BqNcQSmBVE=
-5,-25,5akILbs5u7XlYUw2OVOshDlqSVM=,j4YPP5PhB3PcOXrbJzYzotMYLhE=
-5,-26,5akILbs5u7XlYUw2OVOshDlqSVM=,T4qcSmftSqjxwfoCJyM+38NdQ48=
-5,-27,5akILbs5u7XlYUw2OVOshDlqSVM=,b05OZNwvTphN50RGTqYjE75B+Sg=
-5,-28,5akILbs5u7XlYUw2OVOshDlqSVM=,SyDU8/NyMYUsFXjyIBRcnPNhMVY=
-6,-6,5akILbs5u7XlYUw2OVOshDlqSVM=,nmyrnFOzxdytaAfPUho9hS4XLL0=
-6,-5,5akILbs5u7XlYUw2OVOshDlqSVM=,p050e/T5PjKrZx3qZlooCmdhod8=
-6,-8,5akILbs5u7XlYUw2OVOshDlqSVM=,/JOUwbLv4BA83iydRgJS/equNyY=
-6,-7,bHvRF4fFaKpoJ828m3GlG1kV90g=,ZB8R0SqTmQ6qXXLX3fZ91sg1Dok=
-6,-2,bHvRF4fFaKpoJ828m3GlG1kV90g=,mx1dJ6MNkln0as3vVdNhI/NJTwc=
-6,-1,bHvRF4fFaKpoJ828m3GlG1kV90g=,WneKKHbj1iX4MGVyxfvKBl8nPkY=
-6,-4,bHvRF4fFaKpoJ828m3GlG1kV90g=,jZnUgtB4bbOf3ijeKHbZK3wuGms=
-6,-3,bHvRF4fFaKpoJ828m3GlG1kV90g=,dL1lOmAfgoUTtSxzVF9CY5xXFWo=
-6,-14,PjzumVjdhOSS+sc0/r+6pEut1rM=,MxvwgRwHGPHgQW6GuqTHe2CHPPU=
-6,-13,PjzumVjdhOSS+sc0/r+6pEut1rM=,CZ8SmHDMgpMY2sWruSfYn7Qjp1Y=
-6,-16,PjzumVjdhOSS+sc0/r+6pEut1rM=,aglkmazANBul2O8VZktXE0Bg0BA=
-6,-15,PjzumVjdhOSS+sc0/r+6pEut1rM=,507PMkG8MC+xSfZC2q8gvcuDz9w=
-6,-10,PjzumVjdhOSS+sc0/r+6pEut1rM=,Uq5D+LfxD+GrrXIz13t2a97pKcE=
-6,-9,PjzumVjdhOSS+sc0/r+6pEut1rM=,qwy4UNGbu45EnYtVYCQT+wH5M18=
-6,-12,PjzumVjdhOSS+sc0/r+6pEut1rM=,m6lcHhEDPUb0g3zbFqTGmSfbhQs=
-6,-11,PjzumVjdhOSS+sc0/r+6pEut1rM=,pY4pZAGawRzGcH2T2OxpJBF5cc8=
-6,-22,PjzumVjdhOSS+sc0/r+6pEut1rM=,ezJC2nuRvSWIgsEvro/78LnikGs=
-6,-21,yTQic86Da1mSvB0gc79wqelHSKI=,2iu9kUUzmY6lMVu7qpRT5Mgbw/E=
-6,-24,yTQic86Da1mSvB0gc79wqelHSKI=,yFK8t0vpw9x/NOceHM2lVm9/GxY=
-6,-23,yTQic86Da1mSvB0gc79wqelHSKI=,hBtHZ3Mw7FsRPF+SQMWV0nsz3H4=
-6,-18,yTQic86Da1mSvB0gc79wqelHSKI=,Ukhg9BYbzCV8PART0t+0TWDWT9o=
-6,-17,yTQic86Da1mSvB0gc79wqelHSKI=,Jc4PatLDr781vbmwFiXaMpboCWw=
-6,-20,yTQic86Da1mSvB0gc79wqelHSKI=,fMgXbf/C0VomG+zZXfP5ExCkoDM=
-6,-19,yTQic86Da1mSvB0gc79wqelHSKI=,s5faHlIVWUBukDN/wqwYY07SCjA=
-6,-30,qzw+qSzhBC9/3saFHHmubn8A0lU=,wHwYGMZXiELen2v8CDGxtyR2OK4=
-6,-29,qzw+qSzhBC9/3saFHHmubn8A0lU=,r2kRwd6kyGPJkjRRjpjoZOE+IRU=
-6,-32,qzw+qSzhBC9/3saFHHmubn8A0lU=,Ohoi1Fdkvq8DcyzPBwShvbTIUgQ=
-6,-31,qzw+qSzhBC9/3saFHHmubn8A0lU=,T/lBNhBSmgmm1JOxZbmhLpv/sh4=
-6,-26,qzw+qSzhBC9/3saFHHmubn8A0lU=,h0EWF8n1nMWjBiOiBL8MiNNkqC8=
-6,-25,qzw+qSzhBC9/3saFHHmubn8A0lU=,8LVU/NpPqg2kE1Ha9h7JdddC/z8=
-6,-28,qzw+qSzhBC9/3saFHHmubn8A0lU=,CYpIQ6ss20tIFLX/FvfWKj5Xu/s=
-6,-27,qzw+qSzhBC9/3saFHHmubn8A0lU=,zdSsVV+qp0nDYDdm72ylkJu9Mm4=
-7,-7,rk2csb0yi0W6mSiseK8TBWNS7zs=,wKnvMiMs9Iho83sdUlppabVRQ0k=
-7,-8,rk2csb0yi0W6mSiseK8TBWNS7zs=,h88cR7Zd44kobbbxgkIUt+E4BoM=
-7,-5,rk2csb0yi0W6mSiseK8TBWNS7zs=,UakHqzqgV/1Akd2b4j7l0/1ZQQs=
-7,-6,rk2csb0yi0W6mSiseK8TBWNS7zs=,2UnN7cv1qnL3zG+AWtQvmZB9pyE=
-7,-3,rk2csb0yi0W6mSiseK8TBWNS7zs=,61pB/Rs907dGJyahWSJ9l7UTbs0=
-7,-4,rk2csb0yi0W6mSiseK8TBWNS7zs=,2+iqOlpgb2tadK4rPzlB2rAnaRs=
-7,-1,ExFx1CNeL1azhUR13SxwLHxN9tg=,eH1IjiTgo8Eejw/1u31S96kcCzo=
-7,-2,ExFx1CNeL1azhUR13SxwLHxN9tg=,3UWcZgzt29Wr7MLtHinCHBzcYeI=
-7,-15,ExFx1CNeL1azhUR13SxwLHxN9tg=,RL1yIm3awqJqqMikm6i1Ou/2Fh8=
-7,-16,ExFx1CNeL1azhUR13SxwLHxN9tg=,3EOlM3MCg/r9ftECGJpm+C8Yr4I=
-7,-13,ExFx1CNeL1azhUR13SxwLHxN9tg=,Z+j0z4Tu9Maa7B/0jFMVOtVSYmo=
-7,-14,ExFx1CNeL1azhUR13SxwLHxN9tg=,GZx1BXmXW645+jLfG6RgEFJ1Rdo=
-7,-11,ExFx1CNeL1azhUR13SxwLHxN9tg=,EXh6YQKVFumvIr4QVP/wRnqELQg=
-7,-12,ExFx1CNeL1azhUR13SxwLHxN9tg=,eX4OGrCAPDAgZ31XKmA4qlNxMDw=
-7,-9,pAWqOVBLsGAqi4gBgMNPsw6GzHo=,dNGs9h2lwbc5qXmjoBCUBHiEVEM=
-7,-10,pAWqOVBLsGAqi4gBgMNPsw6GzHo=,EARdBylx+E6ujc9Jo/lEzvrEOko=
-7,-23,pAWqOVBLsGAqi4gBgMNPsw6GzHo=,0O+y09JR98LSzr8WUHgDFJ1ddRo=
-7,-24,pAWqOVBLsGAqi4gBgMNPsw6GzHo=,JA3w5pBjZjnO4/8FAX1mjh30kvw=
-7,-21,pAWqOVBLsGAqi4gBgMNPsw6GzHo=,Jc1RlA4JiYaSOWrEa0k7ZX4miwI=
-7,-22,pAWqOVBLsGAqi4gBgMNPsw6GzHo=,IdF1ECIQ1fbtysopg2b3Ek2Tix4=
-7,-19,pAWqOVBLsGAqi4gBgMNPsw6GzHo=,Ocka5ni8ZBaFM1S1P9EwlZnLJt8=
-7,-20,pAWqOVBLsGAqi4gBgMNPsw6GzHo=,5j0EPUeT23CgSN6ZLgIkvjG3m1E=
-7,-17,h4H9tVyRbzkLy3drXjMulAchWgM=,zWZCMmfcQX9hALfVF/UZ87kHSv0=
-7,-18,h4H9tVyRbzkLy3drXjMulAchWgM=,5XJ6id5qFuCnOsG5c+5vjBuFjJQ=
-7,-31,h4H9tVyRbzkLy3drXjMulAchWgM=,fbf2uA10n3BgXRp/wgZKSRhPjR0=
-7,-32,h4H9tVyRbzkLy3drXjMulAchWgM=,RvXGY2YpZ4HvQ6nWv1lOSGxUPcI=
-7,-29,h4H9tVyRbzkLy3drXjMulAchWgM=,HTv/y4g21LbndB1eI3IvCGN+bic=
-7,-30,h4H9tVyRbzkLy3drXjMulAchWgM=,L4zwhXySZAvewM3vcplmVIF8u/w=
-7,-27,h4H9tVyRbzkLy3drXjMulAchWgM=,nbzNWs/gNdDPFFHhxSoRCGHVhqQ=
-7,-28,2iaXTSaPYemoH8vAaeod+RA9XZ0=,+DhwwPzMEmCFHtZYytJzMShx/pY=
-7,-25,2iaXTSaPYemoH8vAaeod+RA9XZ0=,g5wMQMXeQst0sQungs4rh5iBIiE=
-7,-26,2iaXTSaPYemoH8vAaeod+RA9XZ0=,BSqHn/7H2IfaSiaA9j6/NOqYi6k=
-8,-8,2iaXTSaPYemoH8vAaeod+RA9XZ0=,Q4OQzsFWF3+jBrXiWL1F+fBczNA=
-8,-7,2iaXTSaPYemoH8vAaeod+RA9XZ0=,YFiE3Eu7dw9B+Rn5Yvw0/GE0jjo=
-8,-6,2iaXTSaPYemoH8vAaeod+RA9XZ0=,LXoEJVOqLzIyOIwb8RAJJM9wxgo=
-8,-5,2iaXTSaPYemoH8vAaeod+RA9XZ0=,wYc7RFEW0BV8FF0WPmYlzZP5NF0=
-8,-4,2iaXTSaPYemoH8vAaeod+RA9XZ0=,Mrbwh5gZU9dCQBG3RWD6F7P5LQk=
-8,-3,2iaXTSaPYemoH8vAaeod+RA9XZ0=,L8ZCpx+WpToCTFh9dfhsNZGq6I4=
-8,-2,PRwgLvYH/Fa7xgVkv1sXi/jE2kA=,yEmpBfM+FlHtC4AELvSfFrupmyE=
-8,-1,PRwgLvYH/Fa7xgVkv1sXi/jE2kA=,FSfUe2oH3Q6qSDMng/w0vh4CL/8=
-8,-16,PRwgLvYH/Fa7xgVkv1sXi/jE2kA=,lEZmgc3t5q8M2+V7w1XHtm/rAQo=
-8,-15,PRwgLvYH/Fa7xgVkv1sXi/jE2kA=,KB75fvODaiZT+j4q55jW9aN8vN4=
-8,-14,PRwgLvYH/Fa7xgVkv1sXi/jE2kA=,YTwaNFn1FCsm4e0U0ymLjW9IqJI=
-8,-13,PRwgLvYH/Fa7xgVkv1sXi/jE2kA=,gZ2A4gnsxZm3UkHVi/t8mJX1Yxg=
-8,-12,CGnzMyomFK2WzUjW8qGwKd/oFXQ=,4yR2DcU9Fbj/oyWcyojrV5dDEf8=
-8,-11,CGnzMyomFK2WzUjW8qGwKd/oFXQ=,moc3ypPKw0JrqlSlbKdqum7JqYw=
-8,-10,CGnzMyomFK2WzUjW8qGwKd/oFXQ=,ue2Tfz+8eFL4Un2X/Vdm+6iu6VE=
-8,-9,CGnzMyomFK2WzUjW8qGwKd/oFXQ=,05/nntToajsvTWI1oh+B7KcAMxI=
-8,-24,CGnzMyomFK2WzUjW8qGwKd/oFXQ=,IOVIHqmjDfJjjBVOlR5L69w7vCg=
-8,-23,CGnzMyomFK2WzUjW8qGwKd/oFXQ=,CpZnexH0tb1jVYKUupmGWxvdeJc=
-8,-22,fOWmSDVXVFrMQfbzyCKMeTCN8OM=,O/ndk87nJKFRSv79bqlStZh8ZeM=
-8,-21,fOWmSDVXVFrMQfbzyCKMeTCN8OM=,tz7q6fDzJPdVZ8EDN3Ayli46k0o=
-8,-20,fOWmSDVXVFrMQfbzyCKMeTCN8OM=,Qy9EMOUtLbYwiFcbMro7O+VDMoQ=
-8,-19,fOWmSDVXVFrMQfbzyCKMeTCN8OM=,/8PsOwhrWKAasYIu4JgcxIZVlsg=
-8,-18,fOWmSDVXVFrMQfbzyCKMeTCN8OM=,A11Gi8B+zZCBfne4loUawx1Z/Qw=
-8,-17,fOWmSDVXVFrMQfbzyCKMeTCN8OM=,9yCOpEZ/Omc+1TafFjngU/ta650=
-8,-32,fOWmSDVXVFrMQfbzyCKMeTCN8OM=,0ZYbF4lZsMc4cGfUlA8qSfiXK2c=
-8,-31,fOWmSDVXVFrMQfbzyCKMeTCN8OM=,3UXKTstbioYPlcy7o5FuvTdoWN4=
-8,-30,xoLVKp3f9GYIUZBEGz8xYM7y1vI=,HNhKRy+ZugRPZXEyLi2+Yv+xzaQ=
-8,-29,xoLVKp3f9GYIUZBEGz8xYM7y1vI=,9Cw0XmzqrUV1mNpWCKQgvJ/esLE=
-8,-28,xoLVKp3f9GYIUZBEGz8xYM7y1vI=,OcI5mDLVQFPHEGgKm+pBkyt5pok=
-8,-27,xoLVKp3f9GYIUZBEGz8xYM7y1vI=,rz0KP46hDyg6sCf2UYPagL+r/xk=
-8,-26,xoLVKp3f9GYIUZBEGz8xYM7y1vI=,V6r2gT0ifjWMTFpdfLpNGJdhrzI=
-8,-25,xoLVKp3f9GYIUZBEGz8xYM7y1vI=,nIQgLtkV4xknlFhbXD7grD+hSms=
-9,-9,xoLVKp3f9GYIUZBEGz8xYM7y1vI=,YbkjGoXG0DXdJI6pXxXuJ982pCM=
-9,-10,xoLVKp3f9GYIUZBEGz8xYM7y1vI=,TWpFWxQH47orlBRvaCHQETbQxQM=
-9,-11,xoLVKp3f9GYIUZBEGz8xYM7y1vI=,zQEcjYcRXNcqc9NDgCNhh8ksCj0=
-9,-12,USABz1lPpkty4gL0OTaz68iD2d4=,hAYrwxWGZ+wD1BvOiAr24GJKe3U=
-9,-13,USABz1lPpkty4gL0OTaz68iD2d4=,RPnsKLSLt0Dyw79BE1wMdrKuI70=
-9,-14,USABz1lPpkty4gL0OTaz68iD2d4=,BNACS06KzfgjBNjw16kfbt5a1dU=
-9,-15,USABz1lPpkty4gL0OTaz68iD2d4=,2M8aSIM+1JPTscmyF4CICL5Yn0o=
-9,-16,USABz1lPpkty4gL0OTaz68iD2d4=,E3uGAVyJa3iQhhdjUJTrIyo+jGU=
-9,-1,USABz1lPpkty4gL0OTaz68iD2d4=,yUKkewwMzw0v6/ABZ46J6SftHTg=
-9,-2,iKr/geiUh2dZumngZHDDEkpU+qo=,XSmeyJoeGhc4Pfx4V+4rn1NKdZM=
-9,-3,iKr/geiUh2dZumngZHDDEkpU+qo=,kRAFsv86a+gKLlPtCTelQl5ZjW8=
-9,-4,iKr/geiUh2dZumngZHDDEkpU+qo=,ssliMm3qDq7R1VsWgZ82/VdXibE=
-9,-5,iKr/geiUh2dZumngZHDDEkpU+qo=,GemV/ntaxL3N38ezwmZQ27am7uQ=
-9,-6,iKr/geiUh2dZumngZHDDEkpU+qo=,9osQWWQzyEm2q05D2ooCk6hvM9Y=
-9,-7,iKr/geiUh2dZumngZHDDEkpU+qo=,+NYvJCp+6rQZyCAp+IVPHcMhQfQ=
-9,-8,iKr/geiUh2dZumngZHDDEkpU+qo=,Df41C61Dr8vPIeNJck+TzZswrs8=
-9,-25,eijDGAcmUVucn8mgOEUIQaNUeEc=,anpRQAabJtWhxOrDTRfiNw+G0UU=
-9,-26,eijDGAcmUVucn8mgOEUIQaNUeEc=,odipcD+Vsa5TWoiRByzSiTGs7yI=
-9,-27,eijDGAcmUVucn8mgOEUIQaNUeEc=,s3etprKAljoUJJpBjqSe2yFv33w=
-9,-28,eijDGAcmUVucn8mgOEUIQaNUeEc=,EyjHyZDvjsyqsoLNvadFb2fdy9w=
-9,-29,eijDGAcmUVucn8mgOEUIQaNUeEc=,JtFeXQUFw2pXV7mK+KorjoRpfX4=
-9,-30,eijDGAcmUVucn8mgOEUIQaNUeEc=,NhCEBMaWbf1ogDSBoxwC7xGHjOM=
-9,-31,eijDGAcmUVucn8mgOEUIQaNUeEc=,j4we1xwZWEHD6ZrPJ73ZyhhC/ZU=
-9,-32,eijDGAcmUVucn8mgOEUIQaNUeEc=,sRHzfnkPBc4H6nqjrlwk01MMNUc=
-9,-17,dN/RA93nctVrGXfW7wA87jCqXBI=,6gZUyYMTAd219Yy8bSMVnb3Hjh4=
-9,-18,dN/RA93nctVrGXfW7wA87jCqXBI=,mMN1p952Yss/bmWt2HhoSYFy6uU=
-9,-19,dN/RA93nctVrGXfW7wA87jCqXBI=,oLO5jBzjsEgam21YamIUbFDgLQc=
-9,-20,dN/RA93nctVrGXfW7wA87jCqXBI=,3vlj8pzrL5ai8KptgZMPvhHYaOk=
-9,-21,dN/RA93nctVrGXfW7wA87jCqXBI=,PB7he10aFVEX5DoGugZMVnNP7Sg=
-9,-22,dN/RA93nctVrGXfW7wA87jCqXBI=,AcEog2hKotfP89hbEy4Zsuu4Ji4=
-9,-23,dN/RA93nctVrGXfW7wA87jCqXBI=,N8xTFAURVbHs48rUsiSXw9ID4wk=
-9,-24,dN/RA93nctVrGXfW7wA87jCqXBI=,hkzib1qjkzQ82xiLxpls/T49p3g=
-10,-10,SRba8DZFpYMG9Sppwe+TVdee4to=,1HF3Y/kELOtKOUXCiaaXKfL9yPA=
-10,-9,SRba8DZFpYMG9Sppwe+TVdee4to=,fSA9PP4m4MeQ4wVz06L/qwngoz4=
-10,-12,SRba8DZFpYMG9Sppwe+TVdee4to=,gZhSIEDByzT2Yc8rGr8VLefm3a0=
-10,-11,SRba8DZFpYMG9Sppwe+TVdee4to=,U4LEJ/RRSU6ZoOTsmpHJxYxxdZg=
-10,-14,SRba8DZFpYMG9Sppwe+TVdee4to=,kh6HoXF0zNW5T88zSp2xvd5IUuA=
-10,-13,SRba8DZFpYMG9Sppwe+TVdee4to=,LHp3elbg3/OiVUx7NcAVVN8gHfs=
-10,-16,SRba8DZFpYMG9Sppwe+TVdee4to=,5T9dhKaMBky+O7g0Fh7bFujJY3c=
-10,-15,SRba8DZFpYMG9Sppwe+TVdee4to=,PxGtylhvPn7o3cIE2Jqh67NESDQ=
-10,-2,4poKPeB3YKwYPeUST5Ff2LjeX0I=,WMZ32kKoyXO+4N+DpaNDtHTwI1k=
-10,-1,4poKPeB3YKwYPeUST5Ff2LjeX0I=,Jqv/JIoUM52kfDVMoJVyKYR4zKQ=
-10,-4,4poKPeB3YKwYPeUST5Ff2LjeX0I=,rKrqh1EK8Ep1OklLyZRyoPwmpOk=
-10,-3,4poKPeB3YKwYPeUST5Ff2LjeX0I=,zBIOKr/pNvUQDrHS1W8iu61b9pw=
-10,-6,4poKPeB3YKwYPeUST5Ff2LjeX0I=,Gs5SpMTo0YEvugcFk0pXfbOnltU=
-10,-5,4poKPeB3YKwYPeUST5Ff2LjeX0I=,DQyUjfB86CPXJv0ER0gQaXNplOo=
-10,-8,CA8Tl5s/FIiBYk45cbnss/RlsyM=,2V2/woL95URwKBagJwJh/FN5V1s=
-10,-7,CA8Tl5s/FIiBYk45cbnss/RlsyM=,Ujn+q8otY829DWFYJ0OdEPDdCJc=
-10,-26,CA8Tl5s/FIiBYk45cbnss/RlsyM=,nYk7Rp7JLsQ7AHRahqA1sm8blVY=
-10,-25,CA8Tl5s/FIiBYk45cbnss/RlsyM=,v+kcdr8ssFTH9yJmBKQtvRlkEmU=
-10,-28,CA8Tl5s/FIiBYk45cbnss/RlsyM=,yTKWTGwWAcqOwY+xoeTGXFZyy2s=
-10,-27,CA8Tl5s/FIiBYk45cbnss/RlsyM=,SSrZw5dlZi7NpCCb1EYhVuhlFrU=
-10,-30,CA8Tl5s/FIiBYk45cbnss/RlsyM=,OoxF1eEQ/ZX+RyZGyFJSXyFv094=
-10,-29,kEKSolOljeDRpqUN7j6NB+OX8M4=,T3T91SIK0Mx1atzOReQRi/UPytQ=
-10,-32,kEKSolOljeDRpqUN7j6NB+OX8M4=,R7f0QthZxEi2CdXYySiM3oYd8SM=
-10,-31,kEKSolOljeDRpqUN7j6NB+OX8M4=,SJyg2squm95k7HQv3JbRuPZrdDY=
-10,-18,kEKSolOljeDRpqUN7j6NB+OX8M4=,h1ZhaSbrigMYT0q/Und7gKKMW+w=
-10,-17,kEKSolOljeDRpqUN7j6NB+OX8M4=,C2hYyKNKkgdp13x/rowilF4Pj34=
-10,-20,QPtHZhQ0d6YLBEGbypSHt8yJOss=,VyhYx5hMpZD0rDlVenJ/c2PCHgU=
-10,-19,QPtHZhQ0d6YLBEGbypSHt8yJOss=,6PokmA5amx6FUWF4knhnInL8Fp4=
-10,-22,QPtHZhQ0d6YLBEGbypSHt8yJOss=,wOUx/H0qfrfkMQZThebzj26+pkY=
-10,-21,QPtHZhQ0d6YLBEGbypSHt8yJOss=,X3Wtz8cfUHu5VR9hMNFEg5bUWAw=
-10,-24,QPtHZhQ0d6YLBEGbypSHt8yJOss=,3yesCY9W6JGdE5rDXdn67pRsTJ8=
-10,-23,QPtHZhQ0d6YLBEGbypSHt8yJOss=,8C6PpxH/Cp+FVliMDnS/syMvI6o=
-11,-11,QPtHZhQ0d6YLBEGbypSHt8yJOss=,eL0vsuG0YHcex0NJp6MmRUpWV3Y=
-11,-12,QPtHZhQ0d6YLBEGbypSHt8yJOss=,kbtR3cdTX7wI3UC2s2Q8GO9EG3c=
-11,-9,QPtHZhQ0d6YLBEGbypSHt8yJOss=,4i98czZkoXAeQib/4EcqzrNiqik=
-11,-10,vNcDdatzrij5ZtTzfw+chH7Q0LE=,6nqmtu+kV0gkm8SeVW6cz3q1b3Q=
-11,-15,vNcDdatzrij5ZtTzfw+chH7Q0LE=,HDixAA6gkXn0oBtOudakPV+skac=
-11,-16,vNcDdatzrij5ZtTzfw+chH7Q0LE=,K4J5e9gKPJqVTfedPluXAigIdi4=
-11,-13,vNcDdatzrij5ZtTzfw+chH7Q0LE=,amkcqZisQMlaT6rM8TDc7ySUsPg=
-11,-14,vNcDdatzrij5ZtTzfw+chH7Q0LE=,ARkc6h+sYHJtkPvOc1BBGuyVybg=
-11,-3,vNcDdatzrij5ZtTzfw+chH7Q0LE=,VCYy+WBFZLzIhVFgcIFtivHGJg4=
-11,-4,vNcDdatzrij5ZtTzfw+chH7Q0LE=,OKYUmHLq/ikuUpnWfohWikJ/bPE=
-11,-1,sPZKOXh+AxJgta8KyNQmeBDKEMs=,f+5yLzmpjDLoVcO9K/SjEiLkECo=
-11,-2,sPZKOXh+AxJgta8KyNQmeBDKEMs=,gni9of/gqOjDp2jnkyj0lXRzRY8=
-11,-7,sPZKOXh+AxJgta8KyNQmeBDKEMs=,zaaQ+H2xfI6Q7YTAPDtc5FhCB9o=
-11,-8,sPZKOXh+AxJgta8KyNQmeBDKEMs=,QlSsxFuchQ8CdpR+1kSgwirVESY=
-11,-5,sPZKOXh+AxJgta8KyNQmeBDKEMs=,euuEi2x1GtemZYElagKX1r2r7i8=
-11,-6,uHhFCoU7eZSpbOHU5iS8Iylh8fw=,MYdg7oBxP7Cwa1FJDWIO/EkhTZw=
-11,-27,uHhFCoU7eZSpbOHU5iS8Iylh8fw=,4zS5SrrOXNEulbr6DRXl/mj4MdM=
-11,-28,uHhFCoU7eZSpbOHU5iS8Iylh8fw=,jQGt8hi+TTOMfErCKSnir5j8PMA=
-11,-25,uHhFCoU7eZSpbOHU5iS8Iylh8fw=,KnRprhKmEWKIYOJ2KSM+JwzXDYg=
-11,-26,uHhFCoU7eZSpbOHU5iS8Iylh8fw=,mv10qGZZL6fgaQJmGErpslIR9M4=
-11,-31,uHhFCoU7eZSpbOHU5iS8Iylh8fw=,2R5u534ZGbSPIp7hHOTemkazo0M=
-11,-32,uHhFCoU7eZSpbOHU5iS8Iylh8fw=,C8McJukFQZ8p82glrZHGHLrjr4Y=
-11,-29,uHhFCoU7eZSpbOHU5iS8Iylh8fw=,2ODYvpjMbCgY3draWAvEVHZBXfc=
-11,-30,VswIVDEnOTTDMJAbjSbBl2VZZJw=,7u+fOc6+Z8ZTHYAIX5BtzuIH7GU=
-11,-19,VswIVDEnOTTDMJAbjSbBl2VZZJw=,Vm/kFs9KTek9zowws6n8BC7HqTg=
-11,-20,VswIVDEnOTTDMJAbjSbBl2VZZJw=,+eTvkpHza2kvbv+41OGXXChqs5I=
-11,-17,VswIVDEnOTTDMJAbjSbBl2VZZJw=,2V8ClYvZdYSzuxeeSVYgCrHRfaU=
-11,-18,VswIVDEnOTTDMJAbjSbBl2VZZJw=,66V30wL4lmNHDl90LJ5BPQX3egs=
-11,-23,VswIVDEnOTTDMJAbjSbBl2VZZJw=,R9buF+Sie+GkrQUfL+Pf+WdCDyE=
-11,-24,VswIVDEnOTTDMJAbjSbBl2VZZJw=,z9Bx8n7kGeJcSLpo7+Kz5+EFLig=
-11,-21,VswIVDEnOTTDMJAbjSbBl2VZZJw=,KI5/20TKGox+IwPYnl8Mt4vLVNM=
-11,-22,VswIVDEnOTTDMJAbjSbBl2VZZJw=,QhI82pWV3G0DVthH3gxlhZ7BKSI=
-12,-12,jog3dJev9w0YbrXxMWv4WKxK3eU=,ZN7DFVWGabF68SuEAeS8w3Hg2fI=
-12,-11,jog3dJev9w0YbrXxMWv4WKxK3eU=,PCZWdfijwatF6neOkpeu9lwtPWs=
-12,-10,jog3dJev9w0YbrXxMWv4WKxK3eU=,kn7I0XoucL7z6VygoaWDlB/j0O4=
-12,-9,jog3dJev9w0YbrXxMWv4WKxK3eU=,XNInSId7InBU89GQTDGKQMkaPts=
-12,-16,jog3dJev9w0YbrXxMWv4WKxK3eU=,cJMGfWI3mWH0bYEjei1bDLzpCyA=
-12,-15,jog3dJev9w0YbrXxMWv4WKxK3eU=,pw2+2pwQ8kVXIfml+pozJOEm6/s=
-12,-14,jog3dJev9w0YbrXxMWv4WKxK3eU=,BX/ABZB99NQBPvG0+b2Py5gqQHk=
-12,-13,jog3dJev9w0YbrXxMWv4WKxK3eU=,tW7aSnAfKemNpGFHv/Ap22sj650=
-12,-4,XxD4BQNqEE0fjQD8n8Si9BIjK88=,4QSgmabrw+8DlaSGhqvmgfMlbgo=
-12,-3,XxD4BQNqEE0fjQD8n8Si9BIjK88=,Ci5u4qMfSIXK4tOWWbrqMSh9tbw=
-12,-2,XxD4BQNqEE0fjQD8n8Si9BIjK88=,yBTgUHSO0znq0UsIaYOHawExdoI=
-12,-1,XxD4BQNqEE0fjQD8n8Si9BIjK88=,yo06tBE1k8EdJRrjMIEyZI0xV2E=
-12,-8,XxD4BQNqEE0fjQD8n8Si9BIjK88=,pzm3T1quthSD0WboXbLkkN9k/o0=
-12,-7,XxD4BQNqEE0fjQD8n8Si9BIjK88=,M3rj6jcjfLyBbtvHfg3K0R7B+i0=
-12,-6,anrL8dNTDA//W4gClQkfRnCezwM=,+7nNRbZLzulvq9bI3PCNzWxAIo8=
-12,-5,anrL8dNTDA//W4gClQkfRnCezwM=,sAIImYuEBqd1oZhUE1ZmpuiofS4=
-12,-28,anrL8dNTDA//W4gClQkfRnCezwM=,EEtcFkXWwAxckXVcoRnyZ5lAjg4=
-12,-27,anrL8dNTDA//W4gClQkfRnCezwM=,4OcJrb98dwDHwp7JcqTwBgWoT+A=
-12,-26,anrL8dNTDA//W4gClQkfRnCezwM=,7j1QnonKa3231nETrBaRGPS2QPI=
-12,-25,anrL8dNTDA//W4gClQkfRnCezwM=,5xeLKEm4r0xDlEgRKIlNzn29rto=
-12,-32,anrL8dNTDA//W4gClQkfRnCezwM=,C8McJukFQZ8p82glrZHGHLrjr4Y=
-12,-31,4nJZ9QAmBJsY3vTQOdfakffxevQ=,wUgC6Y10pSIK+D5tvizB99X/HWE=
-12,-30,4nJZ9QAmBJsY3vTQOdfakffxevQ=,6P2WyJs9pP8wkbjAhhqnH2MZ+xk=
-12,-29,4nJZ9QAmBJsY3vTQOdfakffxevQ=,70TONm1H5pszp+UAGr9yr48aUaw=
-12,-20,4nJZ9QAmBJsY3vTQOdfakffxevQ=,eHqkU2dmqIAgpR94tfR70D07gK8=
-12,-19,4nJZ9QAmBJsY3vTQOdfakffxevQ=,+rd1iAAGqgAoF0Jx3ZMpcoQaWk0=
-12,-18,4nJZ9QAmBJsY3vTQOdfakffxevQ=,aLsIgxhLpZ4RdCUM3TYON1qMTbI=
-12,-17,4nJZ9QAmBJsY3vTQOdfakffxevQ=,BZKm5kVJ4VUYQJC31HATCKwObmQ=
-12,-24,4nJZ9QAmBJsY3vTQOdfakffxevQ=,X2weeV4k+kDtyekm6B3w3lRUvVM=
-12,-23,O1GoL9l+RU1ABPHKS3Q7WNWHwqc=,zXvA20mv1fjIN6/lGaUe4oRAVug=
-12,-22,O1GoL9l+RU1ABPHKS3Q7WNWHwqc=,UzdFioSLwd/1aTiKlO+jbn11J/g=
-12,-21,O1GoL9l+RU1ABPHKS3Q7WNWHwqc=,3fZpt8YTd+rebnf/6kfLcN4fUUw=
-13,-13,O1GoL9l+RU1ABPHKS3Q7WNWHwqc=,UI97NDRszOyNSNl2X58AgnxL69o=
-13,-14,O1GoL9l+RU1ABPHKS3Q7WNWHwqc=,czxrkgUP3H3/WSUWHyLtMrM6wUw=
-13,-15,O1GoL9l+RU1ABPHKS3Q7WNWHwqc=,3yrqm3ZzGE6D6E4LpjsFokcyUgU=
-13,-16,O1GoL9l+RU1ABPHKS3Q7WNWHwqc=,9EjwS3hxpSIPM9U3SH3RPO0+HXE=
-13,-9,O1GoL9l+RU1ABPHKS3Q7WNWHwqc=,JmoGdnTtSVdTF5MIBwUdTi5OFcI=
-13,-10,O1GoL9l+RU1ABPHKS3Q7WNWHwqc=,4hgbxoNnbUGB6m1Yb2kGhmeGgqY=
-13,-11,fvgIga6T61UvBf/moawVnDwce3E=,NO7FT2p6oslGDIWvD4OcuyDick8=
-13,-12,fvgIga6T61UvBf/moawVnDwce3E=,jv+kjrDQjmRSspJKiLRX11Cw6+E=
-13,-5,fvgIga6T61UvBf/moawVnDwce3E=,aOY+r/rGjeldpSIV2FntAx7VE54=
-13,-6,fvgIga6T61UvBf/moawVnDwce3E=,YY5BLaBU59g7soQL6lpH8OXT5Ew=
-13,-7,fvgIga6T61UvBf/moawVnDwce3E=,Vql25KVTj+dyhuB1xqYK/qZS3Co=
-13,-8,fvgIga6T61UvBf/moawVnDwce3E=,8GPKvdaM0Z+BH/c7OTCSWqjktD0=
-13,-1,VKSUE1wdHZE1QYU52STbhJiJruk=,8IxVhbz5ejeJ2UIdQJLLVyWzLtE=
-13,-2,VKSUE1wdHZE1QYU52STbhJiJruk=,o3TOLTc8QbzJSyJv8+JDYBuR0Sg=
-13,-3,VKSUE1wdHZE1QYU52STbhJiJruk=,KQw+TBIkv/pv/sUof9y/MCzlP1w=
-13,-4,VKSUE1wdHZE1QYU52STbhJiJruk=,/G+59gLLTBadC3kEwMeONXtkFxY=
-13,-29,VKSUE1wdHZE1QYU52STbhJiJruk=,vYiND4rJdv5Hey/mgC1xmAhD19M=
-13,-30,VKSUE1wdHZE1QYU52STbhJiJruk=,vAdB3A8CXlZ8hJ+eczDfkgDFt78=
-13,-31,VKSUE1wdHZE1QYU52STbhJiJruk=,bIqYxXyllvqG47VmIYgdFRbbOy4=
-13,-32,kwQs6I73KVz0hPNlPHFTkUVZmko=,gd/f03r7a7/cJY3ma/A/EU6sNGU=
-13,-25,kwQs6I73KVz0hPNlPHFTkUVZmko=,VUL3vbp7eCWZO5xEfwotJMoLeBE=
-13,-26,kwQs6I73KVz0hPNlPHFTkUVZmko=,/pEipn9ANoEM78wKz9I4p+PYuec=
-13,-27,kwQs6I73KVz0hPNlPHFTkUVZmko=,gW3Fpf0jx5VFDzFNEf46rJKPUCA=
-13,-28,kwQs6I73KVz0hPNlPHFTkUVZmko=,JcPv/Kxf5KQp9d1VEMKY/Ae/MyU=
-13,-21,kwQs6I73KVz0hPNlPHFTkUVZmko=,5HALd0JRsT5d+v1T/yhu0i6k+eE=
-13,-22,kwQs6I73KVz0hPNlPHFTkUVZmko=,TrCA/QDp8Wte/VJoMPt2NgVrTmQ=
-13,-23,kwQs6I73KVz0hPNlPHFTkUVZmko=,OsdrxvYWrGQ6zHnI0t4KwfwgltU=
-13,-24,QhACjAEBKxsq7hw2pyVpEImTL28=,KYBk3NwzFkj6J/9t2no43iIPg14=
-13,-17,QhACjAEBKxsq7hw2pyVpEImTL28=,IMrpV4DrLBp6P0Hgt6kHOHEQTkc=
-13,-18,QhACjAEBKxsq7hw2pyVpEImTL28=,xs0V2njm7jhHb1PDGPdXHR2lg30=
-13,-19,QhACjAEBKxsq7hw2pyVpEImTL28=,2h0uZ2bsN4j09mS0+Hj3WBsOc2E=
-13,-20,QhACjAEBKxsq7hw2pyVpEImTL28=,674XhP91zl9gzby5tq9cACfa4mo=
-14,-14,QhACjAEBKxsq7hw2pyVpEImTL28=,R/4vOGv+oB5DccRkKs9gRAtiXmU=
-14,-13,QhACjAEBKxsq7hw2pyVpEImTL28=,dcEiqCWvZHb+AZVzUo/lQvRtSLk=
-14,-16,QhACjAEBKxsq7hw2pyVpEImTL28=,SfZP8tGWNzE4MP4edfF8WEcAxWw=
-14,-15,ZkmzeNDyH2A2ZS2sY2urtR1FScw=,JGt/3BF68DRcxrkgS12rwXHlNz4=
-14,-10,ZkmzeNDyH2A2ZS2sY2urtR1FScw=,jfbuwzAqNRaP5FPxzgVC4aEC1KE=
-14,-9,ZkmzeNDyH2A2ZS2sY2urtR1FScw=,y1uafxecFCsjug9lsWJ5tuv8SIo=
-14,-12,ZkmzeNDyH2A2ZS2sY2urtR1FScw=,7sGx+xZRH/17sCO06QRiHttWxIU=
-14,-11,ZkmzeNDyH2A2ZS2sY2urtR1FScw=,OH//7rCFjtlItB/Pw56EAg++mNM=
-14,-6,ZkmzeNDyH2A2ZS2sY2urtR1FScw=,1N4nR0USfbG/2bpBFNK9uhrEAjM=
-14,-5,Bq4PYbzM2JFd7J+8kVGPhfnJLcU=,pJwZUJNzAsu8z7YNFYrKCqrhdug=
-14,-8,Bq4PYbzM2JFd7J+8kVGPhfnJLcU=,NhEhTd1mR1w6nDmOewR0p5g6SuM=
-14,-7,Bq4PYbzM2JFd7J+8kVGPhfnJLcU=,PM975yh5RlKw1uUmBMpB8Tzc8TQ=
-14,-2,Bq4PYbzM2JFd7J+8kVGPhfnJLcU=,OJ0LNG8e3LXcsRd05d7mGUfS9Oo=
-14,-1,Bq4PYbzM2JFd7J+8kVGPhfnJLcU=,6VpJ5w1o/Oggh16bnjUeThg3oNE=
-14,-4,Bq4PYbzM2JFd7J+8kVGPhfnJLcU=,k3HgNicSRx4y9lj+9g9bjMZ+5Xs=
-14,-3,7W354UOWmraGZlv2024RSVlE/9Y=,q6Ure9ge6QWv9xBYG+187oyt1WE=
-14,-30,7W354UOWmraGZlv2024RSVlE/9Y=,t+i6sj5E1DIuYBvsHX1B46dtLfY=
-14,-29,7W354UOWmraGZlv2024RSVlE/9Y=,K1dt9igGH6OOPJEJARXYyuIssFI=
-14,-32,7W354UOWmraGZlv2024RSVlE/9Y=,nRShzzo1DEaICt1Sd4GMufd19XE=
-14,-31,7W354UOWmraGZlv2024RSVlE/9Y=,uhI1S4Jgy/+gh8LvpT14me6cikA=
-14,-26,7W354UOWmraGZlv2024RSVlE/9Y=,zk4eSR7fyEhEntcTuI/S48Yf+hk=
-14,-25,7W354UOWmraGZlv2024RSVlE/9Y=,GyF7PLcpU4JWMq4mGqB9iDCrVrM=
-14,-28,7W354UOWmraGZlv2024RSVlE/9Y=,0BGGoEIJGL3H+BpgbzchLB7V0c8=
-14,-27,kw0uZmNwYzLQXd7V04D2ZL2Ji1I=,HxXA5EpcrLi7HhAGBHpDPxBcXXM=
-14,-22,kw0uZmNwYzLQXd7V04D2ZL2Ji1I=,WalT876nB+mtZliNrSy4TZy+syA=
-14,-21,kw0uZmNwYzLQXd7V04D2ZL2Ji1I=,NzoWQz7EKdUSjyPk0pv8GmRxAY0=
-14,-24,kw0uZmNwYzLQXd7V04D2ZL2Ji1I=,fse/yywVFWHShylGuUS+z6mxOQ8=
-14,-23,kw0uZmNwYzLQXd7V04D2ZL2Ji1I=,y6g7VCCVG9OUqXKEV8/9isvXfvQ=
-14,-18,kw0uZmNwYzLQXd7V04D2ZL2Ji1I=,Oq4NtZcUO/WCFuxmdXPSNp0/yA4=
-14,-17,kw0uZmNwYzLQXd7V04D2ZL2Ji1I=,bMBwkZGNui9RA20nFmChuHLBhUA=
-14,-20,kw0uZmNwYzLQXd7V04D2ZL2Ji1I=,v2TMU0CSDpaotA2N2UVxMUou6AU=
-14,-19,evCkPMsz2uoe9jOuo3Cio5UrOAs=,OznaScvE0/upXihyIX5XcjuD8wk=
-15,-15,evCkPMsz2uoe9jOuo3Cio5UrOAs=,014LO+iuVs55OU6/1gzItsgErec=
-15,-16,evCkPMsz2uoe9jOuo3Cio5UrOAs=,/1HHTaNc5HJ1O7SDB5Hu+hfqVQw=
-15,-13,evCkPMsz2uoe9jOuo3Cio5UrOAs=,LmiJf2FD4fYyCxz7NIxE20KYe60=
-15,-14,evCkPMsz2uoe9jOuo3Cio5UrOAs=,Ay4qMXjvGERLVmgWf+7Yh28velE=
-15,-11,evCkPMsz2uoe9jOuo3Cio5UrOAs=,nc4MWTZf9PPVULnyAvhO3vZhQMo=
-15,-12,evCkPMsz2uoe9jOuo3Cio5UrOAs=,Ka9KhPBF10dDijBrHvW/TB/RA34=
-15,-9,evCkPMsz2uoe9jOuo3Cio5UrOAs=,rle1S0Pq3kaBIfkkr3dSiY/88uY=
-15,-10,bM8CmE0Yzp4SFpxLPu8iVOY3TEc=,mMhPSl7l4cHsNbd6zNfVCldg6Cg=
-15,-7,bM8CmE0Yzp4SFpxLPu8iVOY3TEc=,77t1VnHQR+NKwjJq5dcnrKBSo84=
-15,-8,bM8CmE0Yzp4SFpxLPu8iVOY3TEc=,8lHfHRFRcxtN9M9ZIU0aWCpedmU=
-15,-5,bM8CmE0Yzp4SFpxLPu8iVOY3TEc=,0Y0leYRdwxoZENQdqWrC56zZ2KM=
-15,-6,bM8CmE0Yzp4SFpxLPu8iVOY3TEc=,XKJXfYtzh79XXa8UyOyBkREBBgw=
-15,-3,bM8CmE0Yzp4SFpxLPu8iVOY3TEc=,kmh+QvZp9p5k/OCJAg/N1Yssdck=
-15,-4,bnu/34u7R14zpFsANGf4ps39zqY=,COKr2OHSZl13XBxmtkBrasmpNzc=
-15,-1,bnu/34u7R14zpFsANGf4ps39zqY=,iK5sdcW25b467pD2L3y1lgeOnbc=
-15,-2,bnu/34u7R14zpFsANGf4ps39zqY=,1rHZtXXBXFqWkfyHjZpK4oRXmSg=
-15,-31,bnu/34u7R14zpFsANGf4ps39zqY=,NgVZlgfLD+/EvIcFv/5pKRS8/E4=
-15,-32,bnu/34u7R14zpFsANGf4ps39zqY=,/q+yoY+VxJPHH8OYGbtS470j1H0=
-15,-29,bnu/34u7R14zpFsANGf4ps39zqY=,Az5Edppw3jhPJtY7CDJK/7djCKI=
-15,-30,bnu/34u7R14zpFsANGf4ps39zqY=,evozPpholcWmPSjCSItpzyHDr/4=
-15,-27,bnu/34u7R14zpFsANGf4ps39zqY=,1pP+/guLMtlm4pv0OY9cH8sZQbk=
-15,-28,ZJI3zdtJCqf4rKrlhZTy5CW9rlY=,QOrhguhzr1aRpxXhwPN25E8Mgj0=
-15,-25,ZJI3zdtJCqf4rKrlhZTy5CW9rlY=,2mhhQYNW/4bIq95PBPm0jfJ4fVA=
-15,-26,ZJI3zdtJCqf4rKrlhZTy5CW9rlY=,3mobvbLwiLtoJ0YE7QtQJAd1x0s=
-15,-23,ZJI3zdtJCqf4rKrlhZTy5CW9rlY=,cesOaAfoO6VqwYzODBuQhGbfGi4=
-15,-24,ZJI3zdtJCqf4rKrlhZTy5CW9rlY=,tcmcHQyMm4mBUvdymhJYttM7hAQ=
-15,-21,ZJI3zdtJCqf4rKrlhZTy5CW9rlY=,1YtfTx8+FqxnnS+ApLfm2I9TE+8=
-15,-22,ZJI3zdtJCqf4rKrlhZTy5CW9rlY=,fO/St+HuLxZbn9iSd2rV1ZiqLOY=
-15,-19,Q/IYNvElVtwElJYXEvnBal/uAGM=,R2txcvY2pgf5aj4SHfLUaV6V8VE=
-15,-20,Q/IYNvElVtwElJYXEvnBal/uAGM=,p4H/tKgXLU6D3c58pKzaznsG/Ao=
-15,-17,Q/IYNvElVtwElJYXEvnBal/uAGM=,NFH+CjsASbI8nqcSBHJKfguHs/Y=
-15,-18,Q/IYNvElVtwElJYXEvnBal/uAGM=,K3dSOCU4a6456kgG3mW4RsTXWyI=
-16,-16,Q/IYNvElVtwElJYXEvnBal/uAGM=,g2ZaM0cC71pgFAMq5ccY883mtKM=
-16,-15,Q/IYNvElVtwElJYXEvnBal/uAGM=,kuD1Sbbi+FMthFAs9UOCHbP0mIg=
-16,-14,Q/IYNvElVtwElJYXEvnBal/uAGM=,VdNa2sgQBsRYfzhzQeQYL5R9oRc=
-16,-13,Q/IYNvElVtwElJYXEvnBal/uAGM=,Hwf9TioZGpGv352DFRgMnSOeP7w=
-16,-12,nSEa4PybuE4T74EWgvprL39T3Sg=,Yj+vWVe0GjeQis4TZErCarr4vm4=
-16,-11,nSEa4PybuE4T74EWgvprL39T3Sg=,Yj+vWVe0GjeQis4TZErCarr4vm4=
-16,-10,nSEa4PybuE4T74EWgvprL39T3Sg=,8jSl98KbSygZXiRcv1PzKelMMck=
-16,-9,nSEa4PybuE4T74EWgvprL39T3Sg=,kZ2oIVUvT4TAYLZwerPkBHkwQ3c=
-16,-8,nSEa4PybuE4T74EWgvprL39T3Sg=,xhoQMfV8BLz0h3JhUq5Ki4nzOLU=
-16,-7,nSEa4PybuE4T74EWgvprL39T3Sg=,d9rsg9Fq434dG9c5/Phbn3Nuc24=
-16,-6,nSEa4PybuE4T74EWgvprL39T3Sg=,4KF24vzCL311EwqSo6YEQ9gAOqo=
-16,-5,ucO1bV0FSOXqxaNTyz47Tol2v/0=,u86DIsah1mgFdWGir+jUeBW8ShI=
-16,-4,ucO1bV0FSOXqxaNTyz47Tol2v/0=,JZa8zkpIoCfkWjZWXDuUMu8VEic=
-16,-3,ucO1bV0FSOXqxaNTyz47Tol2v/0=,pMSb9LM3OoCaA9RfNTQ4D+YI9KA=
-16,-2,ucO1bV0FSOXqxaNTyz47Tol2v/0=,ZUzH1njnMr2O+2fZ7n6DvIkonCM=
-16,-1,ucO1bV0FSOXqxaNTyz47Tol2v/0=,CLbHR3NWwiAmmoTJs5QIap8qSZc=
-16,-32,ucO1bV0FSOXqxaNTyz47Tol2v/0=,/HtxNJcYHdWHZCntyS05Ry6HWkw=
-16,-31,ucO1bV0FSOXqxaNTyz47Tol2v/0=,oFUHp4KustsLgCh4fXzKsloSH4I=
-16,-30,ANTceYg1g2Ru4ELp/dOHh+1FqrM=,mPFihPlKqSDepJjPb99vKukWBX0=
-16,-29,ANTceYg1g2Ru4ELp/dOHh+1FqrM=,TWqMTyeMYG2mQyVpVwhHlWsETto=
-16,-28,ANTceYg1g2Ru4ELp/dOHh+1FqrM=,2dZyP9yFmB14c5To3+OmxSjXDsM=
-16,-27,ANTceYg1g2Ru4ELp/dOHh+1FqrM=,NSUyv7EuS49elyivTsNUoqurOS4=
-16,-26,ANTceYg1g2Ru4ELp/dOHh+1FqrM=,pNiyNOsVmKXmPRKbuqB0l2treAI=
-16,-25,Bzo2T7dJJekBN4jS2q93GNrOroE=,5lGoUoY8NO5VrD1nLHUkPcuZcOU=
-16,-24,Bzo2T7dJJekBN4jS2q93GNrOroE=,cC/P8fW70E4qdfPbK772YisHJNM=
-16,-23,Bzo2T7dJJekBN4jS2q93GNrOroE=,TQUNmXJtV3+eQyDOzQ+n6Dl67jw=
-16,-22,Bzo2T7dJJekBN4jS2q93GNrOroE=,52PUJiLk0eq4C3Hsg6PxJSgeTSI=
-16,-21,Bzo2T7dJJekBN4jS2q93GNrOroE=,hs8797G9gndpO4t1WXCIuWjGIjY=
-16,-20,Bzo2T7dJJekBN4jS2q93GNrOroE=,4Sk6R41US0d8a7wsj/wFa+DszMo=
-16,-19,Bzo2T7dJJekBN4jS2q93GNrOroE=,oOPA28gFjHr2u4xdpf7eUAt09OY=
-16,-18,Bzo2T7dJJekBN4jS2q93GNrOroE=,CzBR9JnjQPuz+uFbIiXmpW5FdG0=
-16,-17,Bzo2T7dJJekBN4jS2q93GNrOroE=,wAN4HNyVyvnCmWX2cwzgFXmeWoY=
-17,-17,J9AdRsXrWZ1Toe6+dpvjhHWo5Wc=,dPyfRA8TUSc59G/n33hJ1BFXCSI=
-17,-18,J9AdRsXrWZ1Toe6+dpvjhHWo5Wc=,spo93sy1DxW6AiprSl43Alnxplc=
-17,-19,J9AdRsXrWZ1Toe6+dpvjhHWo5Wc=,3vAuv7aLnXFQLZGGZXCEIwP8lzE=
-17,-20,J9AdRsXrWZ1Toe6+dpvjhHWo5Wc=,Dd5iFkXH2Xk3jrjEPj9+xx2ITls=
-17,-21,J9AdRsXrWZ1Toe6+dpvjhHWo5Wc=,bZqg8ClHvOASlhe5gOguBjHDUBc=
-17,-22,J9AdRsXrWZ1Toe6+dpvjhHWo5Wc=,lr1EiB0GsAHYFOKuCuPQrUTkloM=
-17,-23,J9AdRsXrWZ1Toe6+dpvjhHWo5Wc=,W0Wq+IvgVxIJfz/dybV4CY26xAU=
-17,-24,J9AdRsXrWZ1Toe6+dpvjhHWo5Wc=,8V23U/e7Lhuk2RuVv29hX2+MDyM=
-17,-25,QHPl+JQlzhU/8H6DOivZwOgmR+U=,9LSLFTYCWzbGc5RaBrKuqFzCw8A=
-17,-26,QHPl+JQlzhU/8H6DOivZwOgmR+U=,hZwMyssfQGKmG1h3xqL1Rqup7zw=
-17,-27,QHPl+JQlzhU/8H6DOivZwOgmR+U=,EI65747wKSJhvJ18O1qeZ/3mKqk=
-17,-28,QHPl+JQlzhU/8H6DOivZwOgmR+U=,Epa1qN99xazn5mFZYv9WwiwYrfM=
-17,-29,QHPl+JQlzhU/8H6DOivZwOgmR+U=,sOQUzEH0WbgC9Tu9pYhcymuLq4s=
-17,-30,QHPl+JQlzhU/8H6DOivZwOgmR+U=,+Xw22ocZ4vcJWKazSs5dY/Ry7Yw=
-17,-31,QHPl+JQlzhU/8H6DOivZwOgmR+U=,WzTBlDYHtQu5mJMKMzSqT+vwIpc=
-17,-32,QHPl+JQlzhU/8H6DOivZwOgmR+U=,RTOLVEbA7qnldNBovTntOukOL+o=
-17,-1,QHPl+JQlzhU/8H6DOivZwOgmR+U=,xKig1pWeQJPd3YqficS3ZJOZlNA=
-17,-2,K00aq/9EIuDLRu2MoEZ/PkbtvBw=,1O2elHn4pm6r5beeCsJG8hwC130=
-17,-3,K00aq/9EIuDLRu2MoEZ/PkbtvBw=,288NrbSZh3Xiha9/2OBEhnJ0Jg8=
-17,-4,K00aq/9EIuDLRu2MoEZ/PkbtvBw=,QQVY5IfdzqjSQtcj/wFietOoWB4=
-17,-5,K00aq/9EIuDLRu2MoEZ/PkbtvBw=,RcZZckBD24AjFXMqSN0PhO/OS5U=
-17,-6,K00aq/9EIuDLRu2MoEZ/PkbtvBw=,9r0HAi/3sIoFnMSCHDIsPhbVwpI=
-17,-7,vmjyZLKNb/ZKFFnJpockFtbKBCY=,cD2BVjSivaQOdF6RcbtCgvBcjgQ=
-17,-8,vmjyZLKNb/ZKFFnJpockFtbKBCY=,1vui6PLAiOWIrMyrt4oMvpRVnnw=
-17,-9,vmjyZLKNb/ZKFFnJpockFtbKBCY=,JUFTF4CwXZAVSLpPj7AAhL0S9p4=
-17,-10,vmjyZLKNb/ZKFFnJpockFtbKBCY=,1qhgAfq6simAcwbMKOHz+5xEDTU=
-17,-11,vmjyZLKNb/ZKFFnJpockFtbKBCY=,gwEAukyOqt4yTzYsCxgLIbzo2fk=
-17,-12,vmjyZLKNb/ZKFFnJpockFtbKBCY=,b5J4m9bn/0RaGf9Nb9EM6jnqC/E=
-17,-13,vmjyZLKNb/ZKFFnJpockFtbKBCY=,MCqx3EfG4mwMnm8JJIGe5XfK1zE=
-17,-14,9deEGS4Nt2Rlmke6Ml57cxFlNZM=,CrXmUzXoPk7+6kUY9YUzg0bdOww=
-17,-15,9deEGS4Nt2Rlmke6Ml57cxFlNZM=,yF+k4xYMYX4lR1cqTCoi/wc7dAc=
-17,-16,9deEGS4Nt2Rlmke6Ml57cxFlNZM=,eCNaq97SNos0xTALO3wWU3Z3XEw=
-18,-18,9deEGS4Nt2Rlmke6Ml57cxFlNZM=,1n175sTta9NaJmEtU4XB/SNVFA4=
-18,-17,9deEGS4Nt2Rlmke6Ml57cxFlNZM=,LT58NJBIHlGhqtWJG6LCT2hytzE=
-18,-20,9deEGS4Nt2Rlmke6Ml57cxFlNZM=,19FB9hFEPFnNfjQFKRaTAMKs6mQ=
-18,-19,9deEGS4Nt2Rlmke6Ml57cxFlNZM=,sbUtZXy5QWXl8JQ088zybYUxAQQ=
-18,-22,9deEGS4Nt2Rlmke6Ml57cxFlNZM=,/ouVtctOaKzdw1Xz756Mp4obUpc=
-18,-21,9deEGS4Nt2Rlmke6Ml57cxFlNZM=,wqPSyVqIX7ZDA42rrDNAl0uKudo=
-18,-24,u7HB6KxZ+scSk+I4AsRHmf6mAwQ=,8RrGka+lMkI/Q8RrIGmNkNOEHfE=
-18,-23,u7HB6KxZ+scSk+I4AsRHmf6mAwQ=,w1UGQetesv6cO1dQgNUBM6Fl/7E=
-18,-26,u7HB6KxZ+scSk+I4AsRHmf6mAwQ=,SWQhsf1/ebPw5AFCd096DXqdOdM=
-18,-25,u7HB6KxZ+scSk+I4AsRHmf6mAwQ=,EkZhtx+LT5LC47EkSFu8JfsOLu4=
-18,-28,u7HB6KxZ+scSk+I4AsRHmf6mAwQ=,VFMiVkghOf/HvJ3UVutrVKJKwNo=
-18,-27,u7HB6KxZ+scSk+I4AsRHmf6mAwQ=,d3T7R58ab7AopjDBDj9R0v+fndI=
-18,-30,u7HB6KxZ+scSk+I4AsRHmf6mAwQ=,hrfFVnU9vMSdhwT2fqK7HGNY90Q=
-18,-29,u7HB6KxZ+scSk+I4AsRHmf6mAwQ=,xSWnrtgYdlZYujqLBSs5mFoSyY0=
-18,-32,ENjzU/ypsc4mbhkoVNR0WEwxqZ0=,UMj+k9SOwl+EHaPFOCtdZJa9xA4=
-18,-31,ENjzU/ypsc4mbhkoVNR0WEwxqZ0=,lvziurWCf++ko+RYa+Fj2+9mluo=
-18,-2,ENjzU/ypsc4mbhkoVNR0WEwxqZ0=,kP/dPifW4XSYG6eUNwPJe7Htjb8=
-18,-1,ENjzU/ypsc4mbhkoVNR0WEwxqZ0=,KkWuq4iBXf5UVfnCEAGZu6opnNc=
-18,-4,ENjzU/ypsc4mbhkoVNR0WEwxqZ0=,arboYgg5D7axo8Q3xpfplHA+G4Q=
-18,-3,ENjzU/ypsc4mbhkoVNR0WEwxqZ0=,fjA/3Haq2L10zcMk1j+uprwOm+4=
-18,-6,yC/sChaMogW4rlD04oljfiSR5gU=,C9pZYiBR183F8BoFhsm38sdSgfM=
-18,-5,yC/sChaMogW4rlD04oljfiSR5gU=,brhJ6Nnlba4uW0AU56z62bMazX0=
-18,-8,yC/sChaMogW4rlD04oljfiSR5gU=,70f6FW8OhldB0RpvFpP/Sd7HCN4=
-18,-7,yC/sChaMogW4rlD04oljfiSR5gU=,mXPKG/wUxq1cH7lLajpGwoPmgIA=
-18,-10,yC/sChaMogW4rlD04oljfiSR5gU=,JyLqP+1t4vUOMU/0t3IsOwajQTs=
-18,-9,yC/sChaMogW4rlD04oljfiSR5gU=,L25d2p3epOkSXpdfBTU9nHlMhks=
-18,-12,yC/sChaMogW4rlD04oljfiSR5gU=,ZZhk5mt5aL4NmcB3CPzjLlKzkSI=
-18,-11,kT3NGq4Yf7ebq4oxfq76KULa6Lo=,fPzzXShBzr8BeFaWC3EixJbPOU0=
-18,-14,kT3NGq4Yf7ebq4oxfq76KULa6Lo=,1riuQT7MfJ7lhsiD/QYEQBY/MV4=
-18,-13,kT3NGq4Yf7ebq4oxfq76KULa6Lo=,+OHXPOHU72234Zg5b9PEEX+gQeU=
-18,-16,kT3NGq4Yf7ebq4oxfq76KULa6Lo=,AdStfVgfslVkeO09wwQYsGLuutM=
-18,-15,kT3NGq4Yf7ebq4oxfq76KULa6Lo=,4DgQu/RkXpwe6LKdi6qn22tzggI=
-19,-19,kT3NGq4Yf7ebq4oxfq76KULa6Lo=,76vfyrioA9bsUO+/KZM+VIA49Kk=
-19,-20,kT3NGq4Yf7ebq4oxfq76KULa6Lo=,AZhdU9n3NqhPBVj/otUhYTkEw6w=
-19,-17,kT3NGq4Yf7ebq4oxfq76KULa6Lo=,m1mYZQrjQOiGpwAztQTxKFfKzEk=
-19,-18,fokOlZlCpwlgDkc9RFg9ROqiuUA=,RgLixE3iq1HL6yHZe7EEih3kc9k=
-19,-23,fokOlZlCpwlgDkc9RFg9ROqiuUA=,DoHHKVUZ9VcMJT8Ik1rSoFlkZxE=
-19,-24,fokOlZlCpwlgDkc9RFg9ROqiuUA=,MAH52Gvj3fMQMq6KeuqpXi1KW0o=
-19,-21,fokOlZlCpwlgDkc9RFg9ROqiuUA=,F7B/g1venmt6sxLcGqld39sKn9M=
-19,-22,fokOlZlCpwlgDkc9RFg9ROqiuUA=,E+pZRd//GcN30a/248JMQsUXOhs=
-19,-27,fokOlZlCpwlgDkc9RFg9ROqiuUA=,nbXQ74st98WLXsjCUO7tswH2Wos=
-19,-28,fokOlZlCpwlgDkc9RFg9ROqiuUA=,XfpxVFFIK4NIbcgGslpSqTlElJw=
-19,-25,fokOlZlCpwlgDkc9RFg9ROqiuUA=,3krrvhfHuJvAldZN01fEDmWEOek=
-19,-26,uPkX0zwVURnq4172rZyhlAioVIs=,tw8kYSRA9l2HYhK6k0Srw5HTDTA=
-19,-31,uPkX0zwVURnq4172rZyhlAioVIs=,Bq2PsJZ8kE1uzM8ZBK4w9dhYQlY=
-19,-32,uPkX0zwVURnq4172rZyhlAioVIs=,ePl37JqA0l3xMhR/SvRQXbZKHlA=
-19,-29,uPkX0zwVURnq4172rZyhlAioVIs=,8ztLQ1jjUgoc9LZJLWZidT6P6dg=
-19,-30,uPkX0zwVURnq4172rZyhlAioVIs=,/WVuAb/+FF3Eaya4CuvoDNBHQt8=
-19,-3,uPkX0zwVURnq4172rZyhlAioVIs=,XXMj/woYcdaJicTgKkh0Gr4poL4=
-19,-4,uPkX0zwVURnq4172rZyhlAioVIs=,MWC7Df3o+XOH4eFyD1fScx5avKo=
-19,-1,5igSZM7N7FN02F3HswwAZmf+IEs=,ZGUr9H+JLwmDuE4yOxqbixgSQB4=
-19,-2,5igSZM7N7FN02F3HswwAZmf+IEs=,ztBP83sXQY2t9nSypZ82grFdxrM=
-19,-7,5igSZM7N7FN02F3HswwAZmf+IEs=,JUmZxBPSJnnJ9r77CqC0T4G2uYw=
-19,-8,5igSZM7N7FN02F3HswwAZmf+IEs=,7JD/k2Dcqr7jZ/HwcglW8WGCGtw=
-19,-5,5igSZM7N7FN02F3HswwAZmf+IEs=,tYtz/cVf+rSceqxpC5WiT5AFo1Y=
-19,-6,1QdGXiE1X8ARw1TO5DS15Jr+LiI=,LkB2jHqezrlO4D1lHi9y74WM8iU=
-19,-11,1QdGXiE1X8ARw1TO5DS15Jr+LiI=,zUERULglfcyWdIpWyQ4/2cyoPhw=
-19,-12,1QdGXiE1X8ARw1TO5DS15Jr+LiI=,aOjhBTeTBzvmLdfqDun90qUIqdw=
-19,-9,1QdGXiE1X8ARw1TO5DS15Jr+LiI=,AcdCZ+muvmzadEHvD1P+lPQQaII=
-19,-10,1QdGXiE1X8ARw1TO5DS15Jr+LiI=,W6t/BU7Ldu1Wf1PXd0XGQfHQzf4=
-19,-15,1QdGXiE1X8ARw1TO5DS15Jr+LiI=,cGh2+atqbfSyhYtBM6Qxbvi1mOw=
-19,-16,1QdGXiE1X8ARw1TO5DS15Jr+LiI=,D38Jy1t06js50nA+sC50aOyb9jk=
-19,-13,1QdGXiE1X8ARw1TO5DS15Jr+LiI=,rU2JQ+ToBe4GA46+4drpFwBOMMQ=
-19,-14,iGzXLPUyuty2rL9ap0eJQ7HBNW0=,zRgg9e9fpQvcAp+A7CnJQ5/cSvM=
-20,-20,iGzXLPUyuty2rL9ap0eJQ7HBNW0=,mtYjuIkBAN0Y+A3vNjnYE817+Wo=
-20,-19,iGzXLPUyuty2rL9ap0eJQ7HBNW0=,XE8tO4Hyql/ZGgkzHlCgIQXQQ4I=
-20,-18,iGzXLPUyuty2rL9ap0eJQ7HBNW0=,480H1sC5pkvnIoiQyfNc/nQjQEM=
-20,-17,iGzXLPUyuty2rL9ap0eJQ7HBNW0=,MBMRCWKDQGIg8d7VJV0NkpyPTi8=
-20,-24,iGzXLPUyuty2rL9ap0eJQ7HBNW0=,QuKXCxpMKZM+5NQSBydUv0/GPtk=
-20,-23,iGzXLPUyuty2rL9ap0eJQ7HBNW0=,fade/XPi6VW5VwuMmwrNL7JRhsg=
-20,-22,iGzXLPUyuty2rL9ap0eJQ7HBNW0=,4vKSG8hds6HqjdF/Gb+bUgsM5wA=
-20,-21,ETkcvl7TIw/tDVkeVH68OY7mptc=,d9x86kn+WkUXO8mGBISGQB6SyRo=
-20,-28,ETkcvl7TIw/tDVkeVH68OY7mptc=,ML8Czg9iJIS1DAx/W26BLFe51hw=
-20,-27,ETkcvl7TIw/tDVkeVH68OY7mptc=,b9epvVr9lWNBAqYtdox8kkQefh0=
-20,-26,ETkcvl7TIw/tDVkeVH68OY7mptc=,jhD8rQuUFGakFk4T7EmIyhNKgNc=
-20,-25,ETkcvl7TIw/tDVkeVH68OY7mptc=,HVR3GCGX/XJkwZhrxHFbZqJ4Qj4=
-20,-32,ETkcvl7TIw/tDVkeVH68OY7mptc=,X4exF9JNMMYmEdqlutfGZKC6jFM=
-20,-31,ETkcvl7TIw/tDVkeVH68OY7mptc=,akox3GMf9VpoutF6ZL1shRYZ0Yw=
-20,-30,/eHYn4QK6Iz5zukgPZ6r/lWF01Y=,WkvjytPKOvKh5xwTMjCY9ZXnvdA=
-20,-29,/eHYn4QK6Iz5zukgPZ6r/lWF01Y=,1IOp6nibxrChod06PdEKIzR4iRE=
-20,-4,/eHYn4QK6Iz5zukgPZ6r/lWF01Y=,4N0UZ5YjG+AkQ+WT/peF7n5prwA=
-20,-3,/eHYn4QK6Iz5zukgPZ6r/lWF01Y=,A6Thqjc6tsxocAbby8PvXa/CUic=
-20,-2,/eHYn4QK6Iz5zukgPZ6r/lWF01Y=,+vm2WtO2kTllsYKWP4UjNyfL67o=
-20,-1,/eHYn4QK6Iz5zukgPZ6r/lWF01Y=,1xs0EWP+7uFN7W5lluoMxDQBjQE=
-20,-8,/eHYn4QK6Iz5zukgPZ6r/lWF01Y=,B4IO+2NdmSyGw6nA3boVYPTSECo=
-20,-7,1F8JPXRaDHozTnPeSpGiBnKs2OE=,DorNGDPasPEnSYtEzOO81ZWlYi4=
-20,-6,1F8JPXRaDHozTnPeSpGiBnKs2OE=,7+zYMsDasatF8eCFguFSyJSbqNI=
-20,-5,1F8JPXRaDHozTnPeSpGiBnKs2OE=,KD6FTt1zgpOhiORMpvC+PwdVV4o=
-20,-12,1F8JPXRaDHozTnPeSpGiBnKs2OE=,5BZx045zY2km/d814RBhgeCcNgc=
-20,-11,1F8JPXRaDHozTnPeSpGiBnKs2OE=,0VJ2WVuhRLsy63uMC9gs9yC5IaU=
-20,-10,1F8JPXRaDHozTnPeSpGiBnKs2OE=,F3o5aRqOz5b7k6X8lKEak1bU9l8=
-20,-9,1F8JPXRaDHozTnPeSpGiBnKs2OE=,ILnntYarPBpdTodSmFg429P/ubI=
-20,-16,1F8JPXRaDHozTnPeSpGiBnKs2OE=,E9TVERDlJk5xREXWgp9RUff7/7g=
-20,-15,4KDoQjapiHfRHPG0VJlM9JV+6sc=,5Kb25cUHpdNTTn105wabb5PusYk=
-20,-14,4KDoQjapiHfRHPG0VJlM9JV+6sc=,v9/RYDLtNSfXF9tZVQ1n0g4keM4=
-20,-13,4KDoQjapiHfRHPG0VJlM9JV+6sc=,Fe7lctOvFagGwx3cWOmKBCzg04k=
-21,-21,4KDoQjapiHfRHPG0VJlM9JV+6sc=,yBbfAziUSJP0PEMV0Cd7pcDdQwc=
-21,-22,4KDoQjapiHfRHPG0VJlM9JV+6sc=,1jKw468O4KV0CuQB10MObLfJjm4=
-21,-23,4KDoQjapiHfRHPG0VJlM9JV+6sc=,GnwDdjn6e+k0/8OT0D5kOf4gmCY=
-21,-24,4KDoQjapiHfRHPG0VJlM9JV+6sc=,c8Z7iDuL3nR3I4IIgKKqIuRMSWk=
-21,-17,I1/E9bot+K6HvKj5BPyaP71VYlw=,11FufAxM84WlZuSTUf5HEfMR14w=
-21,-18,I1/E9bot+K6HvKj5BPyaP71VYlw=,cAThifFbCUPPtWo0vOIaHh+f8sA=
-21,-19,I1/E9bot+K6HvKj5BPyaP71VYlw=,KZ3ZkzMS2Zhf7hpSgiMDXG93VCU=
-21,-20,I1/E9bot+K6HvKj5BPyaP71VYlw=,9NwNb/wsP1MZOJ8tiCRweHTjeBs=
-21,-29,I1/E9bot+K6HvKj5BPyaP71VYlw=,ymRB6B8bV0eaqLVyhRHQxTc3cBc=
-21,-30,I1/E9bot+K6HvKj5BPyaP71VYlw=,9W90vgJVuupGUxFSGNWu4yr1Mqs=
-21,-31,I1/E9bot+K6HvKj5BPyaP71VYlw=,gE9osKoPyNqgZbke5zT7bw5uEUM=
-21,-32,I1/E9bot+K6HvKj5BPyaP71VYlw=,vAsOdaSgC8ATBUZqepY0D5cWV2k=
-21,-25,y7DKwUyN8N3CT81fwfeeIBTKmsk=,xBjuHJwnjPjubCAi/NyHUR0RMtY=
-21,-26,y7DKwUyN8N3CT81fwfeeIBTKmsk=,rA/QQ+ut4Qs3cHMei5l1gU33MYc=
-21,-27,y7DKwUyN8N3CT81fwfeeIBTKmsk=,RvDAFuaA/LMoW35jvUAUcSkkEB8=
-21,-28,y7DKwUyN8N3CT81fwfeeIBTKmsk=,1MVic1hMxqmw2p6eIpnUqsb84/s=
-21,-5,y7DKwUyN8N3CT81fwfeeIBTKmsk=,67IlnTxsuqTr4mXxSebAmFqn/cU=
-21,-6,y7DKwUyN8N3CT81fwfeeIBTKmsk=,YndjBsaqXpEZE0w9l+KdjnLLHiA=
-21,-7,y7DKwUyN8N3CT81fwfeeIBTKmsk=,4WLPG75TOI7LVWJacMK12y96DiI=
-21,-8,147ZEnM+rQDMtr8R/bQsUt3lA4E=,KTWgETbdWlRCVwxle9l/xd6G4F8=
-21,-1,147ZEnM+rQDMtr8R/bQsUt3lA4E=,tmL7rXnJJsLf2x+78AVXBxvsTDE=
-21,-2,147ZEnM+rQDMtr8R/bQsUt3lA4E=,gX+qXOoGbEmqwYhIxKIGJnYv3HI=
-21,-3,147ZEnM+rQDMtr8R/bQsUt3lA4E=,AebSx7tRMNcv9IEgjlRJnRZijow=
-21,-4,147ZEnM+rQDMtr8R/bQsUt3lA4E=,IpBSc/c2hdJb32VXyfjSsWaNZa4=
-21,-13,mrQ/zSrvJ0ZdGmL8o2IFHih54hI=,Jy4U0m4yt65bLp0SpEC8Ii9IZfI=
-21,-14,mrQ/zSrvJ0ZdGmL8o2IFHih54hI=,rY/Wl7Nrwf7ahgyQ/cmSvKROAd4=
-21,-15,mrQ/zSrvJ0ZdGmL8o2IFHih54hI=,d3fNJ+snFt1pbzVMXrhnc61HfLU=
-21,-16,mrQ/zSrvJ0ZdGmL8o2IFHih54hI=,SjwEQiVg5dO/UH+JrTqSBgmON6k=
-21,-9,mrQ/zSrvJ0ZdGmL8o2IFHih54hI=,ciQ5YqR6nZTzEQZuMVNySKGr2Hk=
-21,-10,mrQ/zSrvJ0ZdGmL8o2IFHih54hI=,8W1K2mapP/PLcDRJxDoVdvLln6M=
-21,-11,mrQ/zSrvJ0ZdGmL8o2IFHih54hI=,WK3KHo9JaAwLL2DM00ydIF7HaEE=
-21,-12,mrQ/zSrvJ0ZdGmL8o2IFHih54hI=,iv2EcpPjHTEFFRa/zj46ON8Ms7I=
-22,-22,HMn2V3YfshqBIcv1knyBYFTO8ms=,q814l95GmloYfJgo+qVc6PKA5nM=
-22,-21,HMn2V3YfshqBIcv1knyBYFTO8ms=,qDCtyWxSH+hL5RMZMmIi6idQRhA=
-22,-24,HMn2V3YfshqBIcv1knyBYFTO8ms=,Nu8pDDgRkNqBxzsmg5eYQ3uEoNw=
-22,-23,HMn2V3YfshqBIcv1knyBYFTO8ms=,yWcjCMOZlgMLsUaqK1snyVj1qIA=
-22,-18,HMn2V3YfshqBIcv1knyBYFTO8ms=,e1/s9dONxDFxyd9PhP1iUEO0BLY=
-22,-17,HMn2V3YfshqBIcv1knyBYFTO8ms=,S0XI83xiSMuoChvwEd9ChuTykBw=
-22,-20,HMn2V3YfshqBIcv1knyBYFTO8ms=,QhFXF5CKLxqblDz0G5opvzhXlqA=
-22,-19,HMn2V3YfshqBIcv1knyBYFTO8ms=,e1/s9dONxDFxyd9PhP1iUEO0BLY=
-22,-30,HMn2V3YfshqBIcv1knyBYFTO8ms=,TJOL5EpNOIsiLV2sxRa9801RxGI=
-22,-29,HMn2V3YfshqBIcv1knyBYFTO8ms=,xtfru5vOktOo+smV8BlC2qBBJZw=
-22,-32,HMn2V3YfshqBIcv1knyBYFTO8ms=,33Q9hZLu0RcRJpu4O4Ax1Pydr6s=
-22,-31,N5hpXS23hxeUnwxSbeH0eOZE1Bo=,8YNUkTY9dEuygRw66n6mqJwqeeg=
-22,-26,N5hpXS23hxeUnwxSbeH0eOZE1Bo=,aerHHNLRy7Qmcm1moAnqRgkCV98=
-22,-25,N5hpXS23hxeUnwxSbeH0eOZE1Bo=,aerHHNLRy7Qmcm1moAnqRgkCV98=
-22,-28,N5hpXS23hxeUnwxSbeH0eOZE1Bo=,6ruhKzSynhWuY2OQWU9t164aO00=
-22,-27,N5hpXS23hxeUnwxSbeH0eOZE1Bo=,rJR3Klwr0Kt29lsM2oXdHInBJGI=
-22,-6,N5hpXS23hxeUnwxSbeH0eOZE1Bo=,+41dVyP85jAKUaraixYYSM0HBiU=
-22,-5,N5hpXS23hxeUnwxSbeH0eOZE1Bo=,CyiC25EdMJnEXqVWqhl9wruWlg0=
-22,-8,N5hpXS23hxeUnwxSbeH0eOZE1Bo=,TqyPgzD8HNTgZ4kN0rkvAkv4R+c=
-22,-7,N5hpXS23hxeUnwxSbeH0eOZE1Bo=,Np/0FXfDhaokJxNDyyFm1yZBfCk=
-22,-2,l8nNWh2RQdMO0AvBn0N5olbGtnA=,17lwbckSdtOi15aun8Hh7Dem56U=
-22,-1,l8nNWh2RQdMO0AvBn0N5olbGtnA=,jLqMNABE6Ggx53Qly7Nk5NfVDIY=
-22,-4,l8nNWh2RQdMO0AvBn0N5olbGtnA=,Fh28uV7qC+di5uK9a9Eo9nA2Rds=
-22,-3,l8nNWh2RQdMO0AvBn0N5olbGtnA=,qbJUzrepytD0KATBx8h4DYLAbrM=
-22,-14,l8nNWh2RQdMO0AvBn0N5olbGtnA=,iZESDxf5j8ojQPghrG9ZUtyGkY0=
-22,-13,l8nNWh2RQdMO0AvBn0N5olbGtnA=,FsNH5PQL3y8NzhLV7vxOHr9n5sc=
-22,-16,wZv7khUg+YvEYPYqGUkHNbVgwmA=,qE6DVC1BppcOt3+WUOKYzwUPl0M=
-22,-15,wZv7khUg+YvEYPYqGUkHNbVgwmA=,SPoBNjXQF9Ehz2rBZYsHcANAncA=
-22,-10,wZv7khUg+YvEYPYqGUkHNbVgwmA=,nEwX9C4LZ+9wS6j5XTq61qWKRyo=
-22,-9,wZv7khUg+YvEYPYqGUkHNbVgwmA=,5s44UWIUcMp4WElb+dDdTHChN1w=
-22,-12,wZv7khUg+YvEYPYqGUkHNbVgwmA=,Vn5V2TvtluuGeTix2JlQVrJaYVI=
-22,-11,wZv7khUg+YvEYPYqGUkHNbVgwmA=,cBrxNfoQQSoSFwM2Psbj/C6nSyM=
