31,-1,uFC9KqEbwZyv5Y7VlD9oYyOo11Y=,s67w/pH0Ix+SmJvt9eK6Hn2E4u0=
31,-2,uFC9KqEbwZyv5Y7VlD9oYyOo11Y=,iY335+fc/o/z/kowNlkq45iPHZw=
31,-3,uFC9KqEbwZyv5Y7VlD9oYyOo11Y=,HdqLw4YfLHs0ELKIgXugZWfp5T0=
31,-4,bsPvoc8p0oVR0h4plglFduY1un8=,VNKMPmo0hR3ZEYOebdFw8sNJjmU=
31,-5,bsPvoc8p0oVR0h4plglFduY1un8=,EXYAWcjIVK6tZIZZv+pqJIA0eZs=
31,-6,bsPvoc8p0oVR0h4plglFduY1un8=,tyl+ZjCXePmt5xusPZtMJfOzyBo=
31,-7,bsPvoc8p0oVR0h4plglFduY1un8=,5Lr0myh9lmCqHv+Msb6eBsXSgdQ=
31,-8,bsPvoc8p0oVR0h4plglFduY1un8=,IiFVYOeyuCkraOQoBl4cc0LH1zc=
31,-9,bsPvoc8p0oVR0h4plglFduY1un8=,Bwz1RoX8WgjKkcWCl109xn+nNHg=
31,-10,bsPvoc8p0oVR0h4plglFduY1un8=,MD88gAjOjndM09f+x/+Hsfzto/8=
31,-11,bsPvoc8p0oVR0h4plglFduY1un8=,s5dCJnlXUwOMEr4y/q1OqUSxJmA=
31,-12,bsPvoc8p0oVR0h4plglFduY1un8=,GGdZxSi/h5TcJqVB5z46+hsx8u4=
31,-13,bsPvoc8p0oVR0h4plglFduY1un8=,jbzX0xKr7DSlHbMWca6DEvSCTDY=
31,-14,bsPvoc8p0oVR0h4plglFduY1un8=,xNqVbeLSfsTHjVqYvCbvQlBel+k=
31,-15,bsPvoc8p0oVR0h4plglFduY1un8=,C2W2jPfHZIzbRBSD2TW1ePn/wV0=
31,-16,bsPvoc8p0oVR0h4plglFduY1un8=,RrLK9wOZu9WzCFdMdl8uKlGDbMU=
31,-17,bsPvoc8p0oVR0h4plglFduY1un8=,Fqmz0iysy9wJHjOnhYnfiiTkmFA=
31,-18,bsPvoc8p0oVR0h4plglFduY1un8=,ZVXe8E+AJmDzjBbcMhcgy3zehKs=
31,-19,4duKDsxaSXtmCPO/zrjAQe3CY3c=,TsILvcgZudY9t7FLgBZpVFmGGCk=
31,-20,4duKDsxaSXtmCPO/zrjAQe3CY3c=,nC3rT1UJtfgF9dzG9B4OP3Ky8pk=
31,-21,4duKDsxaSXtmCPO/zrjAQe3CY3c=,vhA/1yK8m+STBUgVEVFqpH0kCMQ=
31,-22,4duKDsxaSXtmCPO/zrjAQe3CY3c=,0kbQB0w4rIRfoWnmDjbafahI2Vc=
31,-23,4duKDsxaSXtmCPO/zrjAQe3CY3c=,gr+9XZaU8fikoRMUDjD6v3cwgkI=
31,-24,4duKDsxaSXtmCPO/zrjAQe3CY3c=,uNgA/yCSgSLWeMXsPvinub20iFY=
31,-25,4duKDsxaSXtmCPO/zrjAQe3CY3c=,e57wXBTmrtbNHRcxZbMC1JrfdBE=
31,-26,4duKDsxaSXtmCPO/zrjAQe3CY3c=,3BHkiFMObZU8iqIKVNqIIIDYuoM=
31,-27,4duKDsxaSXtmCPO/zrjAQe3CY3c=,IR4d8jpTU/c/Bj5h8z4iOOUZr4o=
31,-28,4duKDsxaSXtmCPO/zrjAQe3CY3c=,W0vWtfTMSBfRN1F1wAjMlBJBzWU=
31,-29,4duKDsxaSXtmCPO/zrjAQe3CY3c=,D6IwJNI8GkQP1Ky1rtB6L4/V6h0=
31,-30,4duKDsxaSXtmCPO/zrjAQe3CY3c=,cVnS6WuxU6H3Ys348GephCBhYIs=
31,-31,4duKDsxaSXtmCPO/zrjAQe3CY3c=,1/rpAXoZElf7llu3WYJqewJxY4c=
31,-32,4duKDsxaSXtmCPO/zrjAQe3CY3c=,rxBSbq44qB+orwwsJIrAWCnqSFQ=
30,-2,4duKDsxaSXtmCPO/zrjAQe3CY3c=,U0rSjJ/L/g825YtUbcHN4Rr3hao=
30,-1,4duKDsxaSXtmCPO/zrjAQe3CY3c=,wSF7gXG299SbdMTnC++Bt4PTlOc=
30,-4,0ZZi0dDM3t5O7gGRiWbCYJO+iXU=,scUubPWZAILBX4iAUQVlKiEZmlw=
30,-3,0ZZi0dDM3t5O7gGRiWbCYJO+iXU=,pmtkP/Wta8/0bM2NYnBCtn4LfGI=
30,-6,0ZZi0dDM3t5O7gGRiWbCYJO+iXU=,01HD78zDBBCZHWaHb988TdcwBPE=
30,-5,0ZZi0dDM3t5O7gGRiWbCYJO+iXU=,Y7k6nkXV7BAUl3BfDuPuOg1/9KI=
30,-8,0ZZi0dDM3t5O7gGRiWbCYJO+iXU=,nvySH6LzmNmQMZu2ipLhSSx62hA=
30,-7,0ZZi0dDM3t5O7gGRiWbCYJO+iXU=,XyJtOyxnSCn7wKrlnfj341SrAJU=
30,-10,0ZZi0dDM3t5O7gGRiWbCYJO+iXU=,rmrF9ePGVVxd0ImcCIjFD0Liz/g=
30,-9,0ZZi0dDM3t5O7gGRiWbCYJO+iXU=,WjE2N1rTgH0ZGNOMbB6hm1Nnp6E=
30,-12,0ZZi0dDM3t5O7gGRiWbCYJO+iXU=,UqrQXhVouLdTReEdjzP7fZs+CCg=
30,-11,0ZZi0dDM3t5O7gGRiWbCYJO+iXU=,9bPwrcbHTLi1SPjQjKz30mdos24=
30,-14,0ZZi0dDM3t5O7gGRiWbCYJO+iXU=,ppP9dc1GyPj8gInPXner5TZ7d/4=
30,-13,0ZZi0dDM3t5O7gGRiWbCYJO+iXU=,MwqXaA6jQmB9dDAXpIqagytnrZg=
30,-16,0ZZi0dDM3t5O7gGRiWbCYJO+iXU=,cnOAfscW2mdszaV1R1kJL98qSBk=
30,-15,0ZZi0dDM3t5O7gGRiWbCYJO+iXU=,0Ml//kCOUm34HJ/wpwTds+a+3so=
30,-18,0ZZi0dDM3t5O7gGRiWbCYJO+iXU=,zkuWc0D3vHayvm/rdx9DEHGuemg=
30,-17,6OxIl2H0aiRttNi0UDLVwy53rEo=,cUeYmrYRzZA1MH5fCVKuPwsAmSE=
30,-20,6OxIl2H0aiRttNi0UDLVwy53rEo=,cgwB2Rg0SzFXOpUi+1e3dZi3nRU=
30,-19,6OxIl2H0aiRttNi0UDLVwy53rEo=,9PasVAGJR09gHh6i/JxywraBf3k=
30,-22,6OxIl2H0aiRttNi0UDLVwy53rEo=,DO5TjsKgVanoJXQ7UA2eYNM71Iw=
30,-21,6OxIl2H0aiRttNi0UDLVwy53rEo=,v920Q3O+jXZENDxJwgggtlZiVyk=
30,-24,6OxIl2H0aiRttNi0UDLVwy53rEo=,04rXu5i9jNPGMkXN4KdwW2T4JHA=
30,-23,6OxIl2H0aiRttNi0UDLVwy53rEo=,+vq7usUW0VdawmMYWnFpM+k0BDs=
30,-26,6OxIl2H0aiRttNi0UDLVwy53rEo=,UdTQvGvEWBgbzpJfC4bGnQjil78=
30,-25,6OxIl2H0aiRttNi0UDLVwy53rEo=,zL7iK9OMyWjKj3JDfdUr10BJmTA=
30,-28,6OxIl2H0aiRttNi0UDLVwy53rEo=,XjkjuKb7APKMXxMgF+9C3wgZbUo=
30,-27,6OxIl2H0aiRttNi0UDLVwy53rEo=,fTlaIoAarSC9e9g0kG6ELcqPPT8=
30,-30,6OxIl2H0aiRttNi0UDLVwy53rEo=,FcgH7jmRpawaJL3U9KwQrmqDPPo=
30,-29,6OxIl2H0aiRttNi0UDLVwy53rEo=,p66f7AcG5YfqhzIWxLDTA5dtoqQ=
30,-32,6OxIl2H0aiRttNi0UDLVwy53rEo=,5lqWkWyt0X1ncONUrvDK8R1GJgM=
30,-31,6OxIl2H0aiRttNi0UDLVwy53rEo=,T6SRhLqz3di8WDsBiiwCNPsulZ8=
29,-3,6OxIl2H0aiRttNi0UDLVwy53rEo=,5IVJSafusE1y541dXrTB+IWCq6I=
29,-4,TVDzVK1djMylDFvw+Ql1q79VYpE=,v7Ofxc71x5dcY5tp++7eMxD2SXA=
29,-1,TVDzVK1djMylDFvw+Ql1q79VYpE=,GiN+PlINgoJfaFxBqlQSBoHIWMQ=
29,-2,TVDzVK1djMylDFvw+Ql1q79VYpE=,LF/p1AbxshqbZ7X0UwXSW59kjYQ=
29,-7,TVDzVK1djMylDFvw+Ql1q79VYpE=,HBPtGq0NMEtxaDd9CawCiSOtQL4=
29,-8,TVDzVK1djMylDFvw+Ql1q79VYpE=,OZcUUBbmUtz7/yKnO/a7g+tjOJI=
29,-5,TVDzVK1djMylDFvw+Ql1q79VYpE=,Cq9HIUqcF48mcNhC/7OMwAyCLwc=
29,-6,TVDzVK1djMylDFvw+Ql1q79VYpE=,9o/P1bScJqThNqnDWr6hGsBnvzo=
29,-11,TVDzVK1djMylDFvw+Ql1q79VYpE=,V5w7mBfN9zy6jcGruujqfwwARxM=
29,-12,TVDzVK1djMylDFvw+Ql1q79VYpE=,TvRfSZ6npan1w3M+A4gyR6WpqYY=
29,-9,TVDzVK1djMylDFvw+Ql1q79VYpE=,6cb7ssFJpDRVvwe4MIfdCtkhU00=
29,-10,TVDzVK1djMylDFvw+Ql1q79VYpE=,WnG0kWDNzK3FsaV9rcq9LegyKtU=
29,-15,TVDzVK1djMylDFvw+Ql1q79VYpE=,D4R+tzXMadlaMHYs9ibXq3/7NYw=
29,-16,TVDzVK1djMylDFvw+Ql1q79VYpE=,8DmhqcYwTu0Qp+gvdzEta6QDb+U=
29,-13,TVDzVK1djMylDFvw+Ql1q79VYpE=,Lydg1uNRb3NPbpqFXCBeHHufA9s=
29,-14,TVDzVK1djMylDFvw+Ql1q79VYpE=,e0xCV3LLmo30Umnp1/hHFsrKkNA=
29,-19,Oc6lsOT5tsBVfE3ia5Ja/ixPHV0=,GMmEI/QaJX8OIp1D17TSzXFHI8U=
29,-20,Oc6lsOT5tsBVfE3ia5Ja/ixPHV0=,Ak6xZB1acZpmj5NvI7KH3Mtc8Bg=
29,-17,Oc6lsOT5tsBVfE3ia5Ja/ixPHV0=,Om+KyuF9nNG4aLUTKs6+bhqDMp4=
29,-18,Oc6lsOT5tsBVfE3ia5Ja/ixPHV0=,+UTpV6mwqvi+xGrDAxuU7odj/DY=
29,-23,Oc6lsOT5tsBVfE3ia5Ja/ixPHV0=,N7tdCe7pXa1s+gqllauxNwYtaK4=
29,-24,Oc6lsOT5tsBVfE3ia5Ja/ixPHV0=,UHrsoYzaSvz7f+UAQPJfNTBCoBE=
29,-21,Oc6lsOT5tsBVfE3ia5Ja/ixPHV0=,M9ENjCEuKrIKXeqvaSTaFV+Byl8=
29,-22,Oc6lsOT5tsBVfE3ia5Ja/ixPHV0=,JY4VFX92x0+k5hv1U8cpQtLitEk=
29,-27,Oc6lsOT5tsBVfE3ia5Ja/ixPHV0=,DwkOARRdtZUmV2mddFvxBeyaing=
29,-28,Oc6lsOT5tsBVfE3ia5Ja/ixPHV0=,UczXU7gEdFvY+nzB1spCLuGAeKE=
29,-25,Oc6lsOT5tsBVfE3ia5Ja/ixPHV0=,hBSvLkCpUo9yllx7vBrgZ3w2eGg=
29,-26,Oc6lsOT5tsBVfE3ia5Ja/ixPHV0=,PCHO6QZOugnM9nbLNo6kX6B7t3E=
29,-31,Oc6lsOT5tsBVfE3ia5Ja/ixPHV0=,e50YsM9MbtzyzAKvBiCjeZABYLs=
29,-32,Oc6lsOT5tsBVfE3ia5Ja/ixPHV0=,1rk7lTZN5HYy5Hr06bPDyTNpX3M=
29,-29,Oc6lsOT5tsBVfE3ia5Ja/ixPHV0=,K72z2RMvFpzxNH647loXa7gLuiM=
29,-30,Oc6lsOT5tsBVfE3ia5Ja/ixPHV0=,FoYDeoAm5ap5qfCaXIXRoC+2LiE=
28,-4,3mewpYyApGUDjNTv6BpP2/ZyNaA=,CvhQiZm92O5NNLSOb/4xuQLFxso=
28,-3,3mewpYyApGUDjNTv6BpP2/ZyNaA=,G5ol3jMQ//imiApNCkxbtdvTycA=
28,-2,3mewpYyApGUDjNTv6BpP2/ZyNaA=,OTPnSuvv8/gcWSlElbqXVIlELZ8=
28,-1,3mewpYyApGUDjNTv6BpP2/ZyNaA=,CkUMbmXY/XV1MvDd5QjuHSd16ks=
28,-8,3mewpYyApGUDjNTv6BpP2/ZyNaA=,KD1GNcKBGLZTa8rbcH/rtqliIq4=
28,-7,3mewpYyApGUDjNTv6BpP2/ZyNaA=,NeBJU01dKleAnAYNGy23DtLSjp0=
28,-6,3mewpYyApGUDjNTv6BpP2/ZyNaA=,JjacSAGnndtQ46YCLnzE/4qICyw=
28,-5,3mewpYyApGUDjNTv6BpP2/ZyNaA=,lvdDsWxqq9baIf1wI1/JvbQvfXw=
28,-12,3mewpYyApGUDjNTv6BpP2/ZyNaA=,jNpH+nYPDMGV+tL5WMr4jcR9k2Q=
28,-11,3mewpYyApGUDjNTv6BpP2/ZyNaA=,RwSedi0dXGH+ChwO3e8zNeqXVAo=
28,-10,3mewpYyApGUDjNTv6BpP2/ZyNaA=,zdl3fowTssPXTSMK5P+IU1gd26s=
28,-9,3mewpYyApGUDjNTv6BpP2/ZyNaA=,g7K1QCw7eI0ZukGHx7U6/a2ovNo=
28,-16,3mewpYyApGUDjNTv6BpP2/ZyNaA=,rC7qO5GvkbGBwjksKO+nZYqaOV0=
28,-15,3mewpYyApGUDjNTv6BpP2/ZyNaA=,aS1feDxryd3wDLulHN2059iFkvY=
28,-14,SRBCaGAHSx+QrwDh0OxFeG8m5Q4=,5rsZRQZBLC67oEzNLlduGnJR0VQ=
28,-13,SRBCaGAHSx+QrwDh0OxFeG8m5Q4=,ypVNmHdBglgSFe+dlea2ebFniWA=
28,-20,SRBCaGAHSx+QrwDh0OxFeG8m5Q4=,eKzm0MB74e3EljQuPqS5RDVWkPw=
28,-19,SRBCaGAHSx+QrwDh0OxFeG8m5Q4=,ADWtB6uG3W1BOTa1Xv8Mjwd4mWE=
28,-18,SRBCaGAHSx+QrwDh0OxFeG8m5Q4=,oCi+QOzDbo9vV/hY/tlmLdiGVzg=
28,-17,SRBCaGAHSx+QrwDh0OxFeG8m5Q4=,2xu1yCztAozvD5iudyJONFxcV3U=
28,-24,SRBCaGAHSx+QrwDh0OxFeG8m5Q4=,AEnCLqcbpCl0O5XUOBDhxBBlIzg=
28,-23,SRBCaGAHSx+QrwDh0OxFeG8m5Q4=,GuH648Jm6mRCyud+ZpodZDTXxQs=
28,-22,SRBCaGAHSx+QrwDh0OxFeG8m5Q4=,IJOT2mcj9/Ljw5JTlzyBid+ehBw=
28,-21,SRBCaGAHSx+QrwDh0OxFeG8m5Q4=,AMbdSZWDOq0wrL1VIxi/wnqRkVY=
28,-28,SRBCaGAHSx+QrwDh0OxFeG8m5Q4=,mmKwa8SmC0GX8ig1V9JJSgn2Xvk=
28,-27,SRBCaGAHSx+QrwDh0OxFeG8m5Q4=,sFPwN+mWHGt6J0Nm0GJxMwuyQcA=
28,-26,SRBCaGAHSx+QrwDh0OxFeG8m5Q4=,OZRr7GVghg3/QtcyMjNTnX1ByOs=
28,-25,SRBCaGAHSx+QrwDh0OxFeG8m5Q4=,mgI5wE6h/YhYstML7OIKbgv9mEY=
28,-32,SRBCaGAHSx+QrwDh0OxFeG8m5Q4=,j8X7OHttXPqD+Gv7G/GPJQIRKTw=
28,-31,SRBCaGAHSx+QrwDh0OxFeG8m5Q4=,e808tj9/T7k2//GYpqRGwfHi5xw=
28,-30,UobU7e7ZdiAd73C2EcxmMqFkBKY=,P1rzw1PPvY1vW016TsrFNzV94ow=
28,-29,UobU7e7ZdiAd73C2EcxmMqFkBKY=,gDxIsc0Y2MY1dMWdP/v5ak2uTq4=
27,-5,UobU7e7ZdiAd73C2EcxmMqFkBKY=,RfMM+G4SyLm5Hz1Zw1++O7Tk9us=
27,-6,UobU7e7ZdiAd73C2EcxmMqFkBKY=,i2juvGAZTbKaKh8HoLSViDhKphw=
27,-7,UobU7e7ZdiAd73C2EcxmMqFkBKY=,i2juvGAZTbKaKh8HoLSViDhKphw=
27,-8,UobU7e7ZdiAd73C2EcxmMqFkBKY=,WV2j/pSHZUFJKksmX+kQaTrM6Hs=
27,-1,UobU7e7ZdiAd73C2EcxmMqFkBKY=,ogtW/Zji++cqlvg/df6hDUXTg1o=
27,-2,UobU7e7ZdiAd73C2EcxmMqFkBKY=,iqSNHHpamUondjnI49EP0sAVgpM=
27,-3,UobU7e7ZdiAd73C2EcxmMqFkBKY=,k/5pJW8Sb4wPNCBvi/YYOJUulj4=
27,-4,UobU7e7ZdiAd73C2EcxmMqFkBKY=,tdE2KnPT3PmOwGxPYYy6hKrk7cA=
27,-13,UobU7e7ZdiAd73C2EcxmMqFkBKY=,0vbiTo9NVKQWUFOFE8xnjVGPv6g=
27,-14,UobU7e7ZdiAd73C2EcxmMqFkBKY=,YTatCDgQWtI/msFa+qNDpFa3uIM=
27,-15,UobU7e7ZdiAd73C2EcxmMqFkBKY=,QAwu47MvDtoQZKLpzMGjaLmp1e8=
27,-16,UobU7e7ZdiAd73C2EcxmMqFkBKY=,Dll4OqoR/VJ5Ml0bE0qzLJVa+rI=
27,-9,UobU7e7ZdiAd73C2EcxmMqFkBKY=,zfkn+nAMtzgBYAkyz1QMGVKGGx8=
27,-10,1RfWbVUCmDSMLinVKm+mhSQmQME=,atXP3Weetrnqoh12jbsL2hxVhcM=
27,-11,1RfWbVUCmDSMLinVKm+mhSQmQME=,x05jBzBNFnetNAkb4utlpK+2S7g=
27,-12,1RfWbVUCmDSMLinVKm+mhSQmQME=,QnQ6JcjGRs8YH3+cD7GuBOErTg4=
27,-21,1RfWbVUCmDSMLinVKm+mhSQmQME=,e8OJt6+rl8cyVcYi7lf+wUXmW5w=
27,-22,1RfWbVUCmDSMLinVKm+mhSQmQME=,uciqtd2Uy0VNUjwr2vPIr1hRhrk=
27,-23,1RfWbVUCmDSMLinVKm+mhSQmQME=,kxtKHD6xfgShehLEjJHqA9tGtdk=
27,-24,1RfWbVUCmDSMLinVKm+mhSQmQME=,OLPsL6qg5kbQZJjEigTlQ/gwz6E=
27,-17,1RfWbVUCmDSMLinVKm+mhSQmQME=,1l/FooR9npc4tb/UDQGmUofC20M=
27,-18,1RfWbVUCmDSMLinVKm+mhSQmQME=,ZqcIqaNvZvcH0CdLZoO2Tw9Am1M=
27,-19,1RfWbVUCmDSMLinVKm+mhSQmQME=,DAmy979LNotFY9Xx8d17TkowDNw=
27,-20,1RfWbVUCmDSMLinVKm+mhSQmQME=,YA01FcIqGK9IQgj2J2tugjrNgYw=
27,-29,1RfWbVUCmDSMLinVKm+mhSQmQME=,gDxIsc0Y2MY1dMWdP/v5ak2uTq4=
27,-30,1RfWbVUCmDSMLinVKm+mhSQmQME=,wq1LHRtyruUUjdrfEAyy/RIaLIg=
27,-31,1RfWbVUCmDSMLinVKm+mhSQmQME=,Mm6h2JVua8uwX05ajXQIHmX3qi0=
27,-32,1RfWbVUCmDSMLinVKm+mhSQmQME=,pP11PiyT9jxkEKG+z+XhHCAkvZQ=
27,-25,1RfWbVUCmDSMLinVKm+mhSQmQME=,njFy1s0HtXkUvvhbMeCdM667Tgg=
27,-26,KgS8IWQaaSI4DYQrpMzwwvd3pFc=,6AmVT8M/5Loco3c1gFnYs5gSDiY=
27,-27,KgS8IWQaaSI4DYQrpMzwwvd3pFc=,42j485oF19BQpUme8TNPLdAloXU=
27,-28,KgS8IWQaaSI4DYQrpMzwwvd3pFc=,mbe+5oIXeYMtnYKhtjGCYiliy+M=
26,-6,KgS8IWQaaSI4DYQrpMzwwvd3pFc=,7FCKKck8r01oLr8CYwkC9TvdMkg=
26,-5,KgS8IWQaaSI4DYQrpMzwwvd3pFc=,OS+OJ/tM0COO+DLuhZC8fUz1Gn4=
26,-8,KgS8IWQaaSI4DYQrpMzwwvd3pFc=,lz3hTRqhcDz6QKhA5cKfRPJI264=
26,-7,KgS8IWQaaSI4DYQrpMzwwvd3pFc=,IPeqW/+hkfEwraH/MCPm60BQ8ek=
26,-2,KgS8IWQaaSI4DYQrpMzwwvd3pFc=,qX2idZNy+wD5DxNUhDDa4em1Qy8=
26,-1,KgS8IWQaaSI4DYQrpMzwwvd3pFc=,OmVD4oS6VMDa7PZUbvCn2xrH4p0=
26,-4,KgS8IWQaaSI4DYQrpMzwwvd3pFc=,AzX1t6jhlRFjQXnPnk01pCJMFeA=
26,-3,KgS8IWQaaSI4DYQrpMzwwvd3pFc=,+euV3wyS8z9uy15VusDszjG6LiM=
26,-14,KgS8IWQaaSI4DYQrpMzwwvd3pFc=,WRhg/MUmaIDXLhwhDynRq7z433I=
26,-13,KgS8IWQaaSI4DYQrpMzwwvd3pFc=,+FAODXExbF2PdKc2V8gHVxY2q6A=
26,-16,KgS8IWQaaSI4DYQrpMzwwvd3pFc=,xE3qHiKf5Pe2OAV8qj/3NTl6Ov8=
26,-15,KgS8IWQaaSI4DYQrpMzwwvd3pFc=,yo8lpgpsj0uyP0Q3iRs0pd1R3WQ=
26,-10,KgS8IWQaaSI4DYQrpMzwwvd3pFc=,0vnG1Sg8aj9dd0fycFgWrxw7h90=
26,-9,fDehBnlHIUy4nKYSBLXa/vo2nyU=,ChGNkrZ/EX5f5BiIWDQbqp0YrwI=
26,-12,fDehBnlHIUy4nKYSBLXa/vo2nyU=,eaWIar2mI+XN5PqAF6y0YL7FdPc=
26,-11,fDehBnlHIUy4nKYSBLXa/vo2nyU=,a/a6oKtJi79MugJzhxPZsl+YWQE=
26,-22,fDehBnlHIUy4nKYSBLXa/vo2nyU=,HhOzUez3kXeOQfOzj/QxnZDeW6Y=
26,-21,fDehBnlHIUy4nKYSBLXa/vo2nyU=,amaMzPrR25N7skcy7UchatfcAXA=
26,-24,fDehBnlHIUy4nKYSBLXa/vo2nyU=,PB1RsXXgTdmEPvt0A6NG4G31e1s=
26,-23,fDehBnlHIUy4nKYSBLXa/vo2nyU=,llctKIphPk4ZrTpOxglAQUHoP4U=
26,-18,fDehBnlHIUy4nKYSBLXa/vo2nyU=,Xlf+JF5jjNCpfd+eAEXtLxa9AOM=
26,-17,fDehBnlHIUy4nKYSBLXa/vo2nyU=,mtW3WmPGCrOWxiDGNSVIXT3/ZNM=
26,-20,fDehBnlHIUy4nKYSBLXa/vo2nyU=,OEBKX0c/3ZADbmNSmQ33spfaQzw=
26,-19,fDehBnlHIUy4nKYSBLXa/vo2nyU=,p2cobYPDOeVrzJgcmZtc9g1AuCY=
26,-30,fDehBnlHIUy4nKYSBLXa/vo2nyU=,DuMX7+7OoI2gOtjhrWZjcVGSNpA=
26,-29,fDehBnlHIUy4nKYSBLXa/vo2nyU=,QL/pOJG8OYmItlc4vvYyQJGQ1gM=
26,-32,fDehBnlHIUy4nKYSBLXa/vo2nyU=,7kdnXUyHvbTbSPkZfEsnlJcef70=
26,-31,fDehBnlHIUy4nKYSBLXa/vo2nyU=,Pg+2YaG8N+5taBXx0iuARUgO10o=
26,-26,fDehBnlHIUy4nKYSBLXa/vo2nyU=,FhuT7se4ePH6MjtyHNAyQurHrPw=
26,-25,B2P7cFSgjmzJFg6uJ1/QGlzZ72U=,ycSP+NIAOVWxJddvUxKPXKGIhq4=
26,-28,B2P7cFSgjmzJFg6uJ1/QGlzZ72U=,4jilYbtt9pqLv4d7ZJsUuOEtgMg=
26,-27,B2P7cFSgjmzJFg6uJ1/QGlzZ72U=,5Uz0a1Zql1qD0JtwLFWGyjVJmxw=
25,-7,B2P7cFSgjmzJFg6uJ1/QGlzZ72U=,bUbzy3/ypdpLR+F8zILxfUWAqJs=
25,-8,B2P7cFSgjmzJFg6uJ1/QGlzZ72U=,i3ogN0iKWy1HodHN3K+ElJchfUw=
25,-5,B2P7cFSgjmzJFg6uJ1/QGlzZ72U=,AZh/rtm7Y8UMkTJJ3fsUSJ3kvB0=
25,-6,B2P7cFSgjmzJFg6uJ1/QGlzZ72U=,ATsiB1l7McurQ5STjRSK6Fpi3IU=
25,-3,B2P7cFSgjmzJFg6uJ1/QGlzZ72U=,6vFEKRr0DJeDsKT0b1VDCz7+UWw=
25,-4,B2P7cFSgjmzJFg6uJ1/QGlzZ72U=,hfngxEzBXSvRAvufawnJDKPUvBM=
25,-1,B2P7cFSgjmzJFg6uJ1/QGlzZ72U=,htIcDaomHIZf0L+ICt3bIEn2KaE=
25,-2,B2P7cFSgjmzJFg6uJ1/QGlzZ72U=,wTLrlx0wYeF2+Xm/K9jF4I3x+Eo=
25,-15,B2P7cFSgjmzJFg6uJ1/QGlzZ72U=,5Q4smwlevAgsSswrcXA20YeWFT8=
25,-16,B2P7cFSgjmzJFg6uJ1/QGlzZ72U=,VIs+1pm0DKph2VuZ1J+4NrVMPcc=
25,-13,B2P7cFSgjmzJFg6uJ1/QGlzZ72U=,k2ZbCXQsc/01hBhR8TkSdOtOfXU=
25,-14,B2P7cFSgjmzJFg6uJ1/QGlzZ72U=,DT5OncnITP7uDAUBrl4RQ6mxo+8=
25,-11,DiXFi0aAZD0yrGWnVg1V29XY3W8=,9MNu9iGrsXQNWPqLO8SlgFtHgSI=
25,-12,DiXFi0aAZD0yrGWnVg1V29XY3W8=,1S7MWSzsZ1LxVan/YQKwNmkO1Ak=
25,-9,DiXFi0aAZD0yrGWnVg1V29XY3W8=,TmoXUUHwDRtd276w+FCeXs5rJCM=
25,-10,DiXFi0aAZD0yrGWnVg1V29XY3W8=,YK9I+FgIZjNr/SGF6fbod3Z2bws=
25,-23,DiXFi0aAZD0yrGWnVg1V29XY3W8=,n7mnwvglgJYi3eo4qiZPMVu8JB4=
25,-24,DiXFi0aAZD0yrGWnVg1V29XY3W8=,P6QS2AGmvosw868z5SqrLL6FGD8=
25,-21,DiXFi0aAZD0yrGWnVg1V29XY3W8=,ESZVTVrfvvO0WsttJCu7ORKrho0=
25,-22,DiXFi0aAZD0yrGWnVg1V29XY3W8=,k/3HpLYwez24FYEWXO9++NiRF1I=
25,-19,DiXFi0aAZD0yrGWnVg1V29XY3W8=,Ibm/3k9i0YZToewuCFdrii2mj8A=
25,-20,DiXFi0aAZD0yrGWnVg1V29XY3W8=,N5z6cbrbwR0rSWCFYailb0AlZNs=
25,-17,DiXFi0aAZD0yrGWnVg1V29XY3W8=,92QHoBpMiShK2mFEqkpKPWTU2Zo=
25,-18,DiXFi0aAZD0yrGWnVg1V29XY3W8=,cgcb8cpOeLvtAxLSb6p4OUfAmQc=
25,-31,DiXFi0aAZD0yrGWnVg1V29XY3W8=,LjrOCjM7H9tKuRIbW/RGCSBeahw=
25,-32,DiXFi0aAZD0yrGWnVg1V29XY3W8=,tbMufrrwBgquKi6AR1mz0DK4tGc=
25,-29,DiXFi0aAZD0yrGWnVg1V29XY3W8=,g5F43I2sKP0tHRX0iUgA7e1pYKw=
25,-30,oaXytWQpt43Ve2MMzhkl6kL3MpI=,8ibwDsG61hN4zzuF5wimvf+PBTU=
25,-27,oaXytWQpt43Ve2MMzhkl6kL3MpI=,EapceoP/xqX3BXWGQC34Eaj95yQ=
25,-28,oaXytWQpt43Ve2MMzhkl6kL3MpI=,mQLlNpyGJmuq3BBi7UIcHbn53eQ=
25,-25,oaXytWQpt43Ve2MMzhkl6kL3MpI=,dZg3D4q/hXbh1Jl19Okk/y2RGD0=
25,-26,oaXytWQpt43Ve2MMzhkl6kL3MpI=,Di19c6N6yNs4+klwC+p88pEVD0c=
24,-8,oaXytWQpt43Ve2MMzhkl6kL3MpI=,BUX2kGKs/LRR39HUX+fpTcTeqsM=
24,-7,oaXytWQpt43Ve2MMzhkl6kL3MpI=,iSxs3NA6HWlFToSLwN7Hvr9hg2o=
24,-6,oaXytWQpt43Ve2MMzhkl6kL3MpI=,ZJOft893C4+hrHzhKlYWEfbnI00=
24,-5,oaXytWQpt43Ve2MMzhkl6kL3MpI=,EC1bwXVTBa/MZpfb9s0eTSsdVTI=
24,-4,oaXytWQpt43Ve2MMzhkl6kL3MpI=,Bzxtck9+BnG7bjw1tmoFxH/Mixo=
24,-3,oaXytWQpt43Ve2MMzhkl6kL3MpI=,q0qD7tzs593N/h5sLZIvIMf778g=
24,-2,oaXytWQpt43Ve2MMzhkl6kL3MpI=,GDp7WbWPqFWJrFXZIOl3vFAkKQo=
24,-1,oaXytWQpt43Ve2MMzhkl6kL3MpI=,G/Zk6MljPLRoUdRncatFaAuG2Q0=
24,-16,oaXytWQpt43Ve2MMzhkl6kL3MpI=,++ql+Y6X3NFTt+kGdKc3xohlrF8=
24,-15,oaXytWQpt43Ve2MMzhkl6kL3MpI=,WjYDd/76kcj7mwqutksw8ncn5qk=
24,-14,0/3qqB+tfbM+NCI7v23Te2rp/Bc=,/DE8z8cChUSQdtnUuT8eexuYHUE=
24,-13,0/3qqB+tfbM+NCI7v23Te2rp/Bc=,V0eD1Tvu8uYCOvcCjqPBXxle/PQ=
24,-12,0/3qqB+tfbM+NCI7v23Te2rp/Bc=,Q8oeENw+cg/0QHUfJYPI8uVCN90=
24,-11,0/3qqB+tfbM+NCI7v23Te2rp/Bc=,SWbSgYwVM2jrdevY7xkeVnBzImY=
24,-10,0/3qqB+tfbM+NCI7v23Te2rp/Bc=,LV5e2eFRFOGhFD6H56YDxxSRJqo=
24,-9,0/3qqB+tfbM+NCI7v23Te2rp/Bc=,dA8ND20q4qc/Yn2WQYvXw9mJPrw=
24,-24,0/3qqB+tfbM+NCI7v23Te2rp/Bc=,OvrFthE17jdl7jaQXq/E4v+o71c=
24,-23,0/3qqB+tfbM+NCI7v23Te2rp/Bc=,S2CwZWHjbio3mFaEN0yE0nLHXww=
24,-22,0/3qqB+tfbM+NCI7v23Te2rp/Bc=,UGVRJd90sOn65DjVgt5b8XuoiEY=
24,-21,0/3qqB+tfbM+NCI7v23Te2rp/Bc=,jxxTl+aaZJb31fuC5PT5lz7OXs4=
24,-20,0/3qqB+tfbM+NCI7v23Te2rp/Bc=,RfHv/if24/9CKj4cgyaFIOiGjWg=
24,-19,0/3qqB+tfbM+NCI7v23Te2rp/Bc=,FG6GUjiS8iM03OAQBX0IMVw4H0Y=
24,-18,0/3qqB+tfbM+NCI7v23Te2rp/Bc=,JiqqE6939fHPlOhkQEyh0P1CYOc=
24,-17,0/3qqB+tfbM+NCI7v23Te2rp/Bc=,G87UUQ7OgTo+HkN20lo9zoJxE0o=
24,-32,0/3qqB+tfbM+NCI7v23Te2rp/Bc=,r2GEtvW6uI7ALNDRh1dAXbpZtuc=
24,-31,0/3qqB+tfbM+NCI7v23Te2rp/Bc=,ElWIJCpr9jzyLAwg4vhxw+PbKSs=
24,-30,eNsJzRUllR9vz+8SjIAcZLhOChA=,NgqN+FCrUXRDnWixKabqhkyFMvc=
24,-29,eNsJzRUllR9vz+8SjIAcZLhOChA=,ZpZ5ey3L5qZl8aUT0soebqQzNCk=
24,-28,eNsJzRUllR9vz+8SjIAcZLhOChA=,mNdlp+j45ZkS/xhN/DjAHIqP8GA=
24,-27,eNsJzRUllR9vz+8SjIAcZLhOChA=,asthaFYZ8425O3zeJsxAF0GOLno=
24,-26,eNsJzRUllR9vz+8SjIAcZLhOChA=,Pqfzht8IZj8rI01qO6+/Lk7H+GA=
24,-25,eNsJzRUllR9vz+8SjIAcZLhOChA=,tFTzGltnn+cMRqzrpK9yV3fTmQI=
23,-9,eNsJzRUllR9vz+8SjIAcZLhOChA=,je3I7NVXnmxIoEMtxCN3IcXlxNM=
23,-10,eNsJzRUllR9vz+8SjIAcZLhOChA=,KSMHp3z4S6FTHQWFyozG5ycRImQ=
23,-11,eNsJzRUllR9vz+8SjIAcZLhOChA=,u6CeTwIaroNn1f7/7RH1+kVVrzE=
23,-12,eNsJzRUllR9vz+8SjIAcZLhOChA=,Cu4h6iga3zuFcrgOTjOToyEe3zA=
23,-13,eNsJzRUllR9vz+8SjIAcZLhOChA=,6hBiztJ7k0jBjMWOociIM7cqFxw=
23,-14,eNsJzRUllR9vz+8SjIAcZLhOChA=,1L/IpDb61DfBjgFmRwIiE1oedtA=
23,-15,eNsJzRUllR9vz+8SjIAcZLhOChA=,jtcLydMLY8qjjTfSGiJUhsEfyiw=
23,-16,eNsJzRUllR9vz+8SjIAcZLhOChA=,gw3zFvj+hNPCN+g00vXWRbMJS4M=
23,-1,eNsJzRUllR9vz+8SjIAcZLhOChA=,WMx93zGBzX8r62ED9pLJLRNwKu8=
23,-2,9L8VKCGw88v6UDcdiRInmBnB38I=,1Bn3K/QTtmOMNRFsC6kOGFcOQac=
23,-3,9L8VKCGw88v6UDcdiRInmBnB38I=,2uDTN61VWT9QNoFNaSA6cTCvSd8=
23,-4,9L8VKCGw88v6UDcdiRInmBnB38I=,3IXrkQ5MtJwFgvOq3D3ydPEC3Xo=
23,-5,9L8VKCGw88v6UDcdiRInmBnB38I=,qpEvPFlwDXrznQiLHWwcHeWy7sM=
23,-6,9L8VKCGw88v6UDcdiRInmBnB38I=,IrXNTKZExjhQhKTvK7jUWd/MYQs=
23,-7,9L8VKCGw88v6UDcdiRInmBnB38I=,rEPYgM/a5VGSn3vqk4QbjtrqmaY=
23,-8,9L8VKCGw88v6UDcdiRInmBnB38I=,fFC2LuVnlmi0hW5h6Nhp3bLA8PU=
23,-25,9L8VKCGw88v6UDcdiRInmBnB38I=,G1024tp3FM3aA+ThJIjddL32VhE=
23,-26,9L8VKCGw88v6UDcdiRInmBnB38I=,g3rfPNN5lO5CwFc6CE0qlPZSlSQ=
23,-27,9L8VKCGw88v6UDcdiRInmBnB38I=,w2kHWRfCOjthUn98YGevnTbIFe8=
23,-28,9L8VKCGw88v6UDcdiRInmBnB38I=,ap4DatZyXk9VrkyCsTNi0/pmhVs=
23,-29,9L8VKCGw88v6UDcdiRInmBnB38I=,M3aMNVqdUtgjjBxIYN2t97EV49c=
23,-30,9L8VKCGw88v6UDcdiRInmBnB38I=,FSVmqoDc76ApGdrcxpAAY0nxH88=
23,-31,MLjDGsD4HnOwnRrctEU7DFGJ7a8=,BTuITl+Qmr1TvneD5KQCdsG4m24=
23,-32,MLjDGsD4HnOwnRrctEU7DFGJ7a8=,O9HdZ93gvk5iPdke2lkv24Jl3+4=
23,-17,MLjDGsD4HnOwnRrctEU7DFGJ7a8=,l61VDJU6D2MeCojZoVxcJMwjks4=
23,-18,MLjDGsD4HnOwnRrctEU7DFGJ7a8=,6aAJ+z9pFAWohG9FSqXlyYNtuag=
23,-19,MLjDGsD4HnOwnRrctEU7DFGJ7a8=,lpa+7H17YB+EBr0kfJ1JRJt+Sfc=
23,-20,MLjDGsD4HnOwnRrctEU7DFGJ7a8=,9RNwIGoJjfc7ee9Xk1xA0SruTno=
23,-21,MLjDGsD4HnOwnRrctEU7DFGJ7a8=,B9h7Gk0ifQ5EEPqROY6l/4hXs/4=
23,-22,MLjDGsD4HnOwnRrctEU7DFGJ7a8=,Uf4dHiv8zUCBuaVD5vDscqTGOzs=
23,-23,MLjDGsD4HnOwnRrctEU7DFGJ7a8=,1m66CmOwZCh0Jh6jklzn7PJwBAY=
23,-24,MLjDGsD4HnOwnRrctEU7DFGJ7a8=,/BacxBdNQ0R/CPhbT9nlU5NvSf4=
22,-10,MLjDGsD4HnOwnRrctEU7DFGJ7a8=,zf1YYeGQK3nUo8n6KXYxIVQjjNk=
22,-9,MLjDGsD4HnOwnRrctEU7DFGJ7a8=,zknaEasHXOAfFq+iVYL0hVHtgYA=
22,-12,MLjDGsD4HnOwnRrctEU7DFGJ7a8=,VVkYEJ93ujaEwjFo7bhT0/m99N4=
22,-11,RRFAKxQNIUmqeem7FT0KeHEHKOA=,I0ojrxYB5iVgJzoBC7nYO5zJzX4=
22,-14,RRFAKxQNIUmqeem7FT0KeHEHKOA=,m7ekpZ8qCtSMFhcNUJey6+Bw9Q8=
22,-13,RRFAKxQNIUmqeem7FT0KeHEHKOA=,PTQHkOuePZ6UfUXT6TKC625zD3g=
22,-16,RRFAKxQNIUmqeem7FT0KeHEHKOA=,SpxMfHC0tdaVbnKP63xeCwiqSIo=
22,-15,RRFAKxQNIUmqeem7FT0KeHEHKOA=,9KWg/5WOzdPAjqBSG2saqhbS87g=
22,-2,RRFAKxQNIUmqeem7FT0KeHEHKOA=,R99/4x14vb2zjaMnrrw6QsCe4hE=
22,-1,RRFAKxQNIUmqeem7FT0KeHEHKOA=,ZOIiHgDEqeQ1fUd/807uP9boh/I=
22,-4,RRFAKxQNIUmqeem7FT0KeHEHKOA=,F1nI5WvmCp4l0Tjsi8atCJTftNM=
22,-3,RRFAKxQNIUmqeem7FT0KeHEHKOA=,nRjQupqIVEHWrOT9i8oNPBxhJss=
22,-6,RRFAKxQNIUmqeem7FT0KeHEHKOA=,DE+7FsJVE8qxjZsJVLOYNZhPqIs=
22,-5,GidqblEi790X8AyM6TmPR6T7HmA=,auHKXMUwLPZfcYwx5HUWdkUU2qo=
22,-8,GidqblEi790X8AyM6TmPR6T7HmA=,yZKwAT80PDk6HE+nq1J+biRBQ9k=
22,-7,GidqblEi790X8AyM6TmPR6T7HmA=,zux+//8W/ytfkfR/NESPUksng0w=
22,-26,GidqblEi790X8AyM6TmPR6T7HmA=,EAs3GSXlTF8Lj3CSONnNlCUDL6Q=
22,-25,GidqblEi790X8AyM6TmPR6T7HmA=,Q9U1mPHJvLgouAsgGqirePESEcs=
22,-28,GidqblEi790X8AyM6TmPR6T7HmA=,bCvNrhp9yhunGvcfumigwzBup78=
22,-27,GidqblEi790X8AyM6TmPR6T7HmA=,BjIJDJSOw7NuOCbOnXWg15Me0ck=
22,-30,GidqblEi790X8AyM6TmPR6T7HmA=,4FfLXUHpJ/Xpsx0eauhmK6oHiMs=
22,-29,GidqblEi790X8AyM6TmPR6T7HmA=,21dTDQuKTUOVJEXnYBpr9So3UzI=
22,-32,GidqblEi790X8AyM6TmPR6T7HmA=,/NYjRrpWUUS8HZUNWMDuuPvW+IA=
22,-31,h5WokLuXNuRDwWw7Jb1snEvZJ9I=,/gYIuS5Q4cF4qbsIEXLRf1xZzXo=
22,-18,h5WokLuXNuRDwWw7Jb1snEvZJ9I=,GoUjm0gxikiE23yJJndVwGoQwAM=
22,-17,h5WokLuXNuRDwWw7Jb1snEvZJ9I=,DpIazFBymcXrkA+k0J6gjEQrITE=
22,-20,h5WokLuXNuRDwWw7Jb1snEvZJ9I=,WEIqdECtfCRKFcc9lATmEmp2ZMQ=
22,-19,h5WokLuXNuRDwWw7Jb1snEvZJ9I=,0NYRqMz4+fJOMhemOJgckU+NoEo=
22,-22,h5WokLuXNuRDwWw7Jb1snEvZJ9I=,y9cQ2LmxXttQCAEAWplO6lXqba4=
22,-21,h5WokLuXNuRDwWw7Jb1snEvZJ9I=,LgFJdaB3+T7aSq0aTqtHmEkri8M=
22,-24,h5WokLuXNuRDwWw7Jb1snEvZJ9I=,ZDBBdcFpJqBG/t8Cn1OY+csF1Mw=
22,-23,h5WokLuXNuRDwWw7Jb1snEvZJ9I=,50Ro/j+veIwtqUzCXpJHSATl43Y=
21,-11,h5WokLuXNuRDwWw7Jb1snEvZJ9I=,I0ojrxYB5iVgJzoBC7nYO5zJzX4=
21,-12,WePnLjmK2FDU57vyyJI7qwmIvT0=,rKqsutS2KQy6+YI5c9bijfdwAn4=
21,-9,WePnLjmK2FDU57vyyJI7qwmIvT0=,6ZZl7lO20U9vZt23C7WtZw187Lw=
21,-10,WePnLjmK2FDU57vyyJI7qwmIvT0=,fGgJTSkd5oGOZHAtiQaJtzgcYX4=
21,-15,WePnLjmK2FDU57vyyJI7qwmIvT0=,5C/tojrAITivtM3S222uFtpBjFQ=
21,-16,WePnLjmK2FDU57vyyJI7qwmIvT0=,DO5hSBmWecSFZQw0C5Uk5XfZw8M=
21,-13,WePnLjmK2FDU57vyyJI7qwmIvT0=,WHQ6yYWHM/7PQ2x+DTk3RGJpQzY=
21,-14,WePnLjmK2FDU57vyyJI7qwmIvT0=,oH9eXeWFhXucMC+a1YraBuhqXbA=
21,-3,WePnLjmK2FDU57vyyJI7qwmIvT0=,4TA5Y+8N+8sBhkhtPVop55a7z5g=
21,-4,lXpDq8FsUoaaf7Dt2lXscbLFI7k=,sZzrzyiRdd3E4Vms7muJQ+3rQ/M=
21,-1,lXpDq8FsUoaaf7Dt2lXscbLFI7k=,iBjis/RtRni3gz1Cxq684YcedPQ=
21,-2,lXpDq8FsUoaaf7Dt2lXscbLFI7k=,EX3rrFFYkPhTbomw4nDIItAZDAg=
21,-7,lXpDq8FsUoaaf7Dt2lXscbLFI7k=,nvDGYnttBGdMynTbKDYO+bBk4+M=
21,-8,lXpDq8FsUoaaf7Dt2lXscbLFI7k=,EdLeX54TX5e18sFaOFUOTLSfWt8=
21,-5,lXpDq8FsUoaaf7Dt2lXscbLFI7k=,NWVBPbFh2oVvJREUa6j0HYYCLgQ=
21,-6,43IxUTiyaxrGIhep0DkwFsCPnfg=,NWVBPbFh2oVvJREUa6j0HYYCLgQ=
21,-27,43IxUTiyaxrGIhep0DkwFsCPnfg=,C9A5h/UEVMseRWs7eFzCP+irW+4=
21,-28,43IxUTiyaxrGIhep0DkwFsCPnfg=,5kY/bNDJjt8W+xEkwc1C38W65pI=
21,-25,43IxUTiyaxrGIhep0DkwFsCPnfg=,YtNb6y42ksVNca/S3ElS8z6Fm2w=
21,-26,43IxUTiyaxrGIhep0DkwFsCPnfg=,ITKadh1HV5RTFBDLb2f14ahK6vQ=
21,-31,43IxUTiyaxrGIhep0DkwFsCPnfg=,qnt4dsqL7SNYZZratE5Mwg7hCxI=
21,-32,43IxUTiyaxrGIhep0DkwFsCPnfg=,eQ25SQsRgdXSuskgi5cSOKS1efo=
21,-29,08GY+f0p1kQksUJYv2KQ6piZpzc=,3Y7x8wdGgqZTps+kxyukGtVh0Vs=
21,-30,08GY+f0p1kQksUJYv2KQ6piZpzc=,d6eI4LTHdXQuKcTbv+ykloYOOGQ=
21,-19,08GY+f0p1kQksUJYv2KQ6piZpzc=,ge+LVqHSBGWyhzcNJgX7XILS3tY=
21,-20,08GY+f0p1kQksUJYv2KQ6piZpzc=,Zg4122+BMCNdpiBb/ul9DyqMwuw=
21,-17,08GY+f0p1kQksUJYv2KQ6piZpzc=,8aFofJhLS7LDUmOXSCMjzMceQVg=
21,-18,08GY+f0p1kQksUJYv2KQ6piZpzc=,RhgiMmI+nfK7+Acsc26kOp4oOms=
21,-23,08GY+f0p1kQksUJYv2KQ6piZpzc=,snwxsnXluW6ur2VxUsvEKd2lt6M=
21,-24,08GY+f0p1kQksUJYv2KQ6piZpzc=,Abu94TL3UzUvqZ4rxJYZRnLQ7aE=
21,-21,08GY+f0p1kQksUJYv2KQ6piZpzc=,7jxpeeADWM5utIWZ/nP00x+XaxA=
21,-22,Qfkto8s9oTcXHzj3cSUoN9Dr/I8=,8OG523X0/NoLEkDc+t1JyN7n4oo=
20,-12,Qfkto8s9oTcXHzj3cSUoN9Dr/I8=,Ccm+UvsvRmlqaaSS6NFu2afGUog=
20,-11,Qfkto8s9oTcXHzj3cSUoN9Dr/I8=,j/t/zuMDhU0N4XyTPTEZUq2iMcc=
20,-10,Qfkto8s9oTcXHzj3cSUoN9Dr/I8=,utpW7XtziMmgNRt6NplQ3B5fysw=
20,-9,Qfkto8s9oTcXHzj3cSUoN9Dr/I8=,YQf+kRnOXYgWYdNQ5QvqNwvDaQw=
20,-16,Qfkto8s9oTcXHzj3cSUoN9Dr/I8=,mKF3hiUhH0A7/AxG3NNYvBBuKsY=
20,-15,Qfkto8s9oTcXHzj3cSUoN9Dr/I8=,56SgcxQfcuCJhbyWl2RWHiX6IRc=
20,-14,Qfkto8s9oTcXHzj3cSUoN9Dr/I8=,+w+qYFKw/AWxq+bD84+f0iX4AfE=
20,-13,YZ/k0IRAOs87+oNwiCaSyfvQoYs=,BVEaxoLQrlkPB0WRW4tiLRNN+8U=
20,-4,YZ/k0IRAOs87+oNwiCaSyfvQoYs=,n0R54SNn7H4iyPSSs6o3pcB6Ino=
20,-3,YZ/k0IRAOs87+oNwiCaSyfvQoYs=,Q40aSshFDBsyRxLKbFLaFp6h5xs=
20,-2,YZ/k0IRAOs87+oNwiCaSyfvQoYs=,VuYU7U2WFuZJhNsvIE/4Teri/uA=
20,-1,YZ/k0IRAOs87+oNwiCaSyfvQoYs=,z/8ZlVQ//2oeFN3GUVmgxboFiss=
20,-8,YZ/k0IRAOs87+oNwiCaSyfvQoYs=,AiVNpg3/jAf2w1JydP9qp3/d+r4=
20,-7,UZ7hi3Y+49/bKJ8jfA/gq1pgIoM=,ZxY+slIRw99uSk2d4PDcMxRjUnw=
20,-6,UZ7hi3Y+49/bKJ8jfA/gq1pgIoM=,AJ81C4LG5kBa6usmoblUdwADNII=
20,-5,UZ7hi3Y+49/bKJ8jfA/gq1pgIoM=,rSu6L+TkMs6irPP3tznn2RStfgw=
20,-28,UZ7hi3Y+49/bKJ8jfA/gq1pgIoM=,dYpt8gdlG3i0S3VcCOh6JJCx4qc=
20,-27,UZ7hi3Y+49/bKJ8jfA/gq1pgIoM=,aABBUB1kE6mZ4f5hN6QFH1T1JLM=
20,-26,UZ7hi3Y+49/bKJ8jfA/gq1pgIoM=,aiKaW9g9X5HZDYzS21CGbBT2XbY=
20,-25,UZ7hi3Y+49/bKJ8jfA/gq1pgIoM=,pAycurUcnrRMoQYjMS6LQaXNTgg=
20,-32,skb6Ko+d4Djic14ThQ3huC7el+w=,eQ25SQsRgdXSuskgi5cSOKS1efo=
20,-31,skb6Ko+d4Djic14ThQ3huC7el+w=,j3yhaj0mO0EcITUpNfmCe5ppVus=
20,-30,skb6Ko+d4Djic14ThQ3huC7el+w=,cuuYgSz5mHi5CyqrvYnUEGRlbnM=
20,-29,skb6Ko+d4Djic14ThQ3huC7el+w=,w16vXuux62Po5WZgIZgoYiUYk8Y=
20,-20,skb6Ko+d4Djic14ThQ3huC7el+w=,Q4Lt+n3oM76wJw3NXlkFmvLuXsM=
20,-19,skb6Ko+d4Djic14ThQ3huC7el+w=,//zj4B5gNg4je0m7Z4+0LBOjvkY=
20,-18,skb6Ko+d4Djic14ThQ3huC7el+w=,i/Ip/cv+ktX15pCmyQZHWHF6aog=
20,-17,skb6Ko+d4Djic14ThQ3huC7el+w=,3jUAlGNQ1pbPo7wrmX27yeJuyy0=
20,-24,IOMyanFEZEWy89x4S+NpD3tWehw=,wigBWYSx5ONKH8znvlhDFsFcFKM=
20,-23,IOMyanFEZEWy89x4S+NpD3tWehw=,W/3VB8yiH8KgDjUBX5Th+OHiLoA=
20,-22,IOMyanFEZEWy89x4S+NpD3tWehw=,8OG523X0/NoLEkDc+t1JyN7n4oo=
20,-21,IOMyanFEZEWy89x4S+NpD3tWehw=,vhMEIVQShtUyNlwtkX4X9Liua+Y=
19,-13,IOMyanFEZEWy89x4S+NpD3tWehw=,32r3bWdBiw3BE/7cKzypM+I/tbw=
19,-14,IOMyanFEZEWy89x4S+NpD3tWehw=,SvBG2ohAhC9ok4Mz4PxZQwOSfpI=
19,-15,IOMyanFEZEWy89x4S+NpD3tWehw=,FUR4E9qoIUmHdWGhq+hejQfgRXE=
19,-16,IOMyanFEZEWy89x4S+NpD3tWehw=,16YLbjXS1xDnX/eDszA//8DXniI=
19,-9,8GbYUXwWD6m5Vjd1f90GgMJ6kfw=,HR52wM4RfuRya35xyXYJcj1kux8=
19,-10,8GbYUXwWD6m5Vjd1f90GgMJ6kfw=,8BhmcItMKxS2mw29VOE+W/KKUPg=
19,-11,8GbYUXwWD6m5Vjd1f90GgMJ6kfw=,D9T91eEOkWZlGwGJ/fkKXVnbk8c=
19,-12,8GbYUXwWD6m5Vjd1f90GgMJ6kfw=,b7rG6z5EjXWdEKokuEMzc/WfyFw=
19,-5,8GbYUXwWD6m5Vjd1f90GgMJ6kfw=,6NviX82HN832cNwv8FDfM3OLWlg=
19,-6,8GbYUXwWD6m5Vjd1f90GgMJ6kfw=,NSpEqla7Jz0ESDB4gK1p4oWiyWM=
19,-7,yBa3oSl/CrSNexYIVIAGHpvQfqw=,zbDeAW1YiJaTJA7KT0Pw49qE+Xk=
19,-8,yBa3oSl/CrSNexYIVIAGHpvQfqw=,ks/XsLybxtfMU1vPLgE44CEhYM8=
19,-1,yBa3oSl/CrSNexYIVIAGHpvQfqw=,AiC3MClwQMCxjm/sUNolPQrcQgA=
19,-2,yBa3oSl/CrSNexYIVIAGHpvQfqw=,ALKDwrL1Wu040wUV5zVk/CibktI=
19,-3,yBa3oSl/CrSNexYIVIAGHpvQfqw=,BS9Xz5o6k0eEKhcflSHXeGAw21k=
19,-4,igiiXdrfhBg0DTfsvNWft5U+ph8=,dpH+TlvkyoXbDEa8ymX2W7OdiEE=
19,-29,igiiXdrfhBg0DTfsvNWft5U+ph8=,yZmsIGre0mhyawHqETjLtHHCxyY=
19,-30,igiiXdrfhBg0DTfsvNWft5U+ph8=,i8MK7FTFElBY9v1niGyFLNvJhqk=
19,-31,igiiXdrfhBg0DTfsvNWft5U+ph8=,7IoIm6nT4jHHpd8sw8JWlx90wVE=
19,-32,igiiXdrfhBg0DTfsvNWft5U+ph8=,D6tHv5SjJYOAIHEnH4JHMMqEGR4=
19,-25,igiiXdrfhBg0DTfsvNWft5U+ph8=,RJRe7ludOz0zROVSO/AcC+M9sbk=
19,-26,igiiXdrfhBg0DTfsvNWft5U+ph8=,HIbKIgia21Y8jNuzCp64HFFvqNk=
19,-27,igiiXdrfhBg0DTfsvNWft5U+ph8=,yJG2kthlj3o+U9lnmVwC0f8J5/g=
19,-28,igiiXdrfhBg0DTfsvNWft5U+ph8=,qPxbQuXs9jAnHtCZXl6Qe3btSfA=
19,-21,s0rsTp/ZbXMwHdv+DdVSruuZx/E=,MMcL+eXWm18N/4mSi5pCC0ZiKx8=
19,-22,s0rsTp/ZbXMwHdv+DdVSruuZx/E=,zQNtet0Vru66P0n8xSh7OO6HVYk=
19,-23,s0rsTp/ZbXMwHdv+DdVSruuZx/E=,LmA0c2YWt2FwKmp4AGOBM8VssxA=
19,-24,s0rsTp/ZbXMwHdv+DdVSruuZx/E=,LpNAbnKDQloc40sLFRaVX4W5HQE=
19,-17,s0rsTp/ZbXMwHdv+DdVSruuZx/E=,PStYYNokHgm8ILOHPwPs2PCgqOY=
19,-18,s0rsTp/ZbXMwHdv+DdVSruuZx/E=,qOyCaeEZl2bJm7K5V/NO3i/j85k=
19,-19,s0rsTp/ZbXMwHdv+DdVSruuZx/E=,aR1CAdOF5Y3h1grbsTMSqaFs70I=
19,-20,s0rsTp/ZbXMwHdv+DdVSruuZx/E=,8lsvmCwVVOHI63DKLLq4n0F5lGs=
18,-14,R3A39vIc9dIdnF3/HLanSSAjGeI=,eExDyMKjaOZSlXPPbu53vnonuEI=
18,-13,R3A39vIc9dIdnF3/HLanSSAjGeI=,7d/SNmPcyYpy6BHKvnRVnv8L2D0=
18,-16,R3A39vIc9dIdnF3/HLanSSAjGeI=,Qey8yIMr3/jrN60LdXIn3K6kuqM=
18,-15,R3A39vIc9dIdnF3/HLanSSAjGeI=,BgzO8j83FWmZx67oQjqbRcfMOuc=
18,-10,R3A39vIc9dIdnF3/HLanSSAjGeI=,bN5M40kvOXQFT7smbh50J4ywO9E=
18,-9,R3A39vIc9dIdnF3/HLanSSAjGeI=,wtJHQmW2zI/PP5LgBMRLWU9I99M=
18,-12,R3A39vIc9dIdnF3/HLanSSAjGeI=,aK018eGkW+Cy7KRM68MsJtpe1xA=
18,-11,TGdwS1Ho+q6ZG8Q/pCIzMxH1DnU=,MlSlglzk2grfGVaHXss3ho+IFeI=
18,-6,TGdwS1Ho+q6ZG8Q/pCIzMxH1DnU=,JhK/BZHO9yhiN0Rw4khVfVObUsg=
18,-5,TGdwS1Ho+q6ZG8Q/pCIzMxH1DnU=,drT4xCheo7fPFr29mfm28vpwLxE=
18,-8,TGdwS1Ho+q6ZG8Q/pCIzMxH1DnU=,1jnpBm7oJzlsgMNI0WMzASQ/jIQ=
18,-7,TGdwS1Ho+q6ZG8Q/pCIzMxH1DnU=,OtaXohElEjiolNDA1iUd0mSjM3M=
18,-2,TGdwS1Ho+q6ZG8Q/pCIzMxH1DnU=,f6Q13UfDpkFa6Rsbr/iMXOYS/pQ=
18,-1,TGdwS1Ho+q6ZG8Q/pCIzMxH1DnU=,d+OVmZdRDLZEyawPGMZm/GmVjDU=
18,-4,/Ku693xQRB/ZBlOzVpRj6YaGocY=,bSwbrdTCtPToWQdFxYGkLKgdxzk=
18,-3,/Ku693xQRB/ZBlOzVpRj6YaGocY=,/SsZTPoWrNAiVF9D0eFLMcx50HM=
18,-30,/Ku693xQRB/ZBlOzVpRj6YaGocY=,8+9afAWtBEuG6Z3xBCJZQfQtZz0=
18,-29,/Ku693xQRB/ZBlOzVpRj6YaGocY=,gk4MciEhDVRE73FRW/NH6eBusFw=
18,-32,/Ku693xQRB/ZBlOzVpRj6YaGocY=,0g9V/dW5Bm0pThzqV2Ba9utPWjk=
18,-31,/Ku693xQRB/ZBlOzVpRj6YaGocY=,LgN7DQPbVPWa07c7AuwKmx3H2Ic=
18,-26,XZvebsDDpN8pUVpTUKGDh9sgh/Q=,tOM7ZmgEfiIkvPCCK/Bm43GiUh8=
18,-25,XZvebsDDpN8pUVpTUKGDh9sgh/Q=,PoJi0fYInbcstqNEYDhhdZ7iSlg=
18,-28,XZvebsDDpN8pUVpTUKGDh9sgh/Q=,NcXC0WlXAId8h0fcf7psZlgIio8=
18,-27,XZvebsDDpN8pUVpTUKGDh9sgh/Q=,WXQ7JQLDfsHZAufWVo2vx0p2KMI=
18,-22,XZvebsDDpN8pUVpTUKGDh9sgh/Q=,ZbUnjEBb+cxV64mDX5i1hsgfa0E=
18,-21,XZvebsDDpN8pUVpTUKGDh9sgh/Q=,AqowpApHGF3dGk+mW3wDnPz2mOM=
18,-24,XZvebsDDpN8pUVpTUKGDh9sgh/Q=,iOplpnnAQOTIzCB0eZA4C6pwl/E=
18,-23,XZvebsDDpN8pUVpTUKGDh9sgh/Q=,CILdQ3WVfKgBSbeWy+FS2vwBg1o=
18,-18,H8yGrw+u9jalgSPrxl8r7SVEmao=,bfGRWI2yFMUcYjgIsDdP6SZdMjU=
18,-17,H8yGrw+u9jalgSPrxl8r7SVEmao=,PpYFkMd0L+OaCppdlPxxjy2M7y8=
18,-20,H8yGrw+u9jalgSPrxl8r7SVEmao=,kKyLkL7X3n2T8/s4MhZi9hXshCY=
18,-19,H8yGrw+u9jalgSPrxl8r7SVEmao=,uXUo0+AKvgZRTwcQ/sd/zmNAiSw=
17,-15,H8yGrw+u9jalgSPrxl8r7SVEmao=,FWTrAV1Qqu0QhUR0EBQLeEn30bw=
17,-16,H8yGrw+u9jalgSPrxl8r7SVEmao=,Um9VOpYyY8eXL7z6/g3EF1lfsus=
17,-13,H8yGrw+u9jalgSPrxl8r7SVEmao=,UK9hjOn6YKISAgW5zxV8YQf3Gd4=
17,-14,H8yGrw+u9jalgSPrxl8r7SVEmao=,TqgchCpgUYlXN18snfN2fVHR0xs=
17,-11,H8yGrw+u9jalgSPrxl8r7SVEmao=,QLeArUa3TuARrcBKnkkiPCvS5bM=
17,-12,uBcYQjgh9E9cJeyNYUtQYLoo03U=,yF4j8ndMINxx9OM89ucOGHCAA7Q=
17,-9,uBcYQjgh9E9cJeyNYUtQYLoo03U=,Hzb6L2zVoMIhMmrK1r41xlFHovk=
17,-10,uBcYQjgh9E9cJeyNYUtQYLoo03U=,OdRwIK2rgmhjhe3liZdmDgnBQmI=
17,-7,uBcYQjgh9E9cJeyNYUtQYLoo03U=,X68ongJUBzaL7fggeRacquMI2bk=
17,-8,uBcYQjgh9E9cJeyNYUtQYLoo03U=,O+DJMIOu4NQeUtKdCoP2/Ft+v7s=
17,-5,uBcYQjgh9E9cJeyNYUtQYLoo03U=,DjES2jqt9Z3a1Q/nMdSjTkkw+38=
17,-6,uBcYQjgh9E9cJeyNYUtQYLoo03U=,bbuauZaxqqYqx43+YQhANnXcgcg=
17,-3,aRYScfN0scF77RbIs2G+dXLmb+s=,mtTMFmsTyUt44S/N7lGLY/fnKmk=
17,-4,aRYScfN0scF77RbIs2G+dXLmb+s=,MRiqwZM9H371+GQ+e4ltPeCKsgM=
17,-1,aRYScfN0scF77RbIs2G+dXLmb+s=,ogsj/7b1LHNVVXjEG06+rYrTat0=
17,-2,aRYScfN0scF77RbIs2G+dXLmb+s=,sQqkwWBAK4xsdHvXtCNhgWz6Fm8=
17,-31,aRYScfN0scF77RbIs2G+dXLmb+s=,cpJqfG3mti5EGJc9nR71O2Ky1i4=
17,-32,aRYScfN0scF77RbIs2G+dXLmb+s=,0tEBDvpg8c2JjEhVvRhosXrTLYI=
17,-29,aRYScfN0scF77RbIs2G+dXLmb+s=,TOzCAF/1rXwDDlZsUONuvZq4KFA=
17,-30,k71pGnghF1mhTrAiJJCF6vdmwEQ=,lWqtJGIq9sge/e3+A5Xxg/7z34I=
17,-27,k71pGnghF1mhTrAiJJCF6vdmwEQ=,uTx5a55fXgcKgzOCyhMIFvjkct8=
17,-28,k71pGnghF1mhTrAiJJCF6vdmwEQ=,SZYXIZvpkY7vKPqiVjrzHlcTn0A=
17,-25,k71pGnghF1mhTrAiJJCF6vdmwEQ=,yeF1QROYBY8WAn35dqsvWUsBS9E=
17,-26,k71pGnghF1mhTrAiJJCF6vdmwEQ=,mipbpCvWfju3pfI8feMVZLASc4Y=
17,-23,k71pGnghF1mhTrAiJJCF6vdmwEQ=,WDxY5WxAmxFLha0QuBMq29dOv/8=
17,-24,IZd7lHLPS1BJQG4vS7OAQ9cy7R8=,RhxPMaJDWxCvpuJUKwRzVX7VVy0=
17,-21,IZd7lHLPS1BJQG4vS7OAQ9cy7R8=,U29phHPzfZhcPxb4CJF8e9Dosjg=
17,-22,IZd7lHLPS1BJQG4vS7OAQ9cy7R8=,Qf9fLcVs8ExGYAPbThI4CnJBCTc=
17,-19,IZd7lHLPS1BJQG4vS7OAQ9cy7R8=,s7o3jTrT0d/xThPMVvJoQJ6Q5ns=
17,-20,IZd7lHLPS1BJQG4vS7OAQ9cy7R8=,XE0k/1BJwfRSirTcy3ZgkWIgnio=
17,-17,IZd7lHLPS1BJQG4vS7OAQ9cy7R8=,X9W3bk4S5Nak939FOV+vVt+AgRw=
17,-18,IZd7lHLPS1BJQG4vS7OAQ9cy7R8=,xtduZFUR0Po18kjx1dP0b2s0yrc=
16,-16,IZd7lHLPS1BJQG4vS7OAQ9cy7R8=,SPVUguKlgKxgBkPj/Lir6Dr1WTg=
16,-15,vWY8y+XPpz1I1ocK2wStHHgLuqg=,g6kQfG8ELNDCaNZ6QkPOhB4+GMg=
16,-14,vWY8y+XPpz1I1ocK2wStHHgLuqg=,cT21ZK7/m/i8ZfsPlBP5NBQ3SKA=
16,-13,vWY8y+XPpz1I1ocK2wStHHgLuqg=,FAnlzCkER6ZIMHRp4J7YhD3CIQg=
16,-12,vWY8y+XPpz1I1ocK2wStHHgLuqg=,n7aLKrROPRAb8QWataS3g49JQWU=
16,-11,vWY8y+XPpz1I1ocK2wStHHgLuqg=,wsfZ3qNiQ1yGjCXj4t5UXWZcrG0=
16,-10,vWY8y+XPpz1I1ocK2wStHHgLuqg=,WpwjRLpYysAgKO4rSVlzanyOEUU=
16,-9,vWY8y+XPpz1I1ocK2wStHHgLuqg=,wL72tRHPOI2INCpxjjoYEzDXnd0=
16,-8,vWY8y+XPpz1I1ocK2wStHHgLuqg=,nlPUf7xhP0+akc21oOa82KtNK8I=
16,-7,iq5VvlO3lwGi71zEux3prkotYaM=,ALEATf2ExG70zlENpiyWVM/0DfY=
16,-6,iq5VvlO3lwGi71zEux3prkotYaM=,d3dvDVMPWudecXXc0JsiwRIY5x4=
16,-5,iq5VvlO3lwGi71zEux3prkotYaM=,oyIuqTVmDAFdQRUps1OlpBsXiBw=
16,-4,iq5VvlO3lwGi71zEux3prkotYaM=,JTGZQ8DIqNV20+BCKH/TUAkevAA=
16,-3,iq5VvlO3lwGi71zEux3prkotYaM=,/ljRckQcUtCYEDFzF+NoDzkIgG4=
16,-2,iq5VvlO3lwGi71zEux3prkotYaM=,9djuEGYWGAS/OlbMqBA3h4qJGlY=
16,-1,OXIKYJFyz2p59r7XYJoe773nZOs=,WqI5tFFl4M4/4pORgVgAAvgiBR4=
16,-32,OXIKYJFyz2p59r7XYJoe773nZOs=,A51SdKogGoeaNapWAgaXlEtt5OM=
16,-31,OXIKYJFyz2p59r7XYJoe773nZOs=,ilv76OT5HvYALP43z9Dhk/tMYYE=
16,-30,OXIKYJFyz2p59r7XYJoe773nZOs=,YuuIgWH/Fz+EZAnmVedHV+wEFqI=
16,-29,OXIKYJFyz2p59r7XYJoe773nZOs=,QodTbFhqcRuXNnyNgEV6zQEullc=
16,-28,OXIKYJFyz2p59r7XYJoe773nZOs=,J0ypmAXgR+hh2WoJyg/MfeAJAjs=
16,-27,OXIKYJFyz2p59r7XYJoe773nZOs=,egTrmYNmktrt3riVCfax2vI6vMs=
16,-26,OXIKYJFyz2p59r7XYJoe773nZOs=,Lf7PmNVL8FkClgNug1F+JTZNyXM=
16,-25,Ugj4cpEyCbkKypyWyT0Kh3MOKgA=,7Krxo+CRdNu+Z3xOa8krZurihLQ=
16,-24,Ugj4cpEyCbkKypyWyT0Kh3MOKgA=,mhY4WQHhWWY71eYGAxb7mI6VYEI=
16,-23,Ugj4cpEyCbkKypyWyT0Kh3MOKgA=,YoSmeJ5rpyRcBnAjL1fiXReZgl8=
16,-22,Ugj4cpEyCbkKypyWyT0Kh3MOKgA=,6zm4WJ2AX8Uj4Ziw7GIG4nTs0v8=
16,-21,Ugj4cpEyCbkKypyWyT0Kh3MOKgA=,K/qrfz+uUN141G9hlLONyKss/DM=
16,-20,Ugj4cpEyCbkKypyWyT0Kh3MOKgA=,XhsAGeXxamXmqokYDL8McGtNGnk=
16,-19,Ugj4cpEyCbkKypyWyT0Kh3MOKgA=,bwf8GyDuZOxno5E87kNYTqg1yO0=
16,-18,Ugj4cpEyCbkKypyWyT0Kh3MOKgA=,9UjixamaFG7Mk8Emri0UkuHEpYM=
16,-17,1GMhQE7k+p71D7P7YJ64riXaQt8=,YXpZWSzmAfcw0cj/ytL8uwodyq8=
15,-17,1GMhQE7k+p71D7P7YJ64riXaQt8=,ndE9VHCeonZjGNEo0f1DAhxruRw=
15,-18,1GMhQE7k+p71D7P7YJ64riXaQt8=,m+ppRh3OIiHJE9CvPWzHeEqdNmI=
15,-19,1GMhQE7k+p71D7P7YJ64riXaQt8=,g9QYfThwpb25K9juath/ofo7Q5M=
15,-20,1GMhQE7k+p71D7P7YJ64riXaQt8=,5rIBGgK15nOWD4c2QVQLrTZz0Ko=
15,-21,1GMhQE7k+p71D7P7YJ64riXaQt8=,3pc6yGPYHGfoeBGcaf+QDHqr/jU=
15,-22,1GMhQE7k+p71D7P7YJ64riXaQt8=,a7oK5DSmEa8qGUguvKXD7UgChRk=
15,-23,1GMhQE7k+p71D7P7YJ64riXaQt8=,a+XscG8zwNjM7fhmdypMKdWFaDk=
15,-24,1GMhQE7k+p71D7P7YJ64riXaQt8=,GeaD7VPcrtfax0P9uIIPHvdVKzA=
15,-25,TuJHv+pIL+LaMIGSpBSxDgbh7CE=,ilyVcnTpgB4ejXdi8m9ttyRKYzk=
15,-26,TuJHv+pIL+LaMIGSpBSxDgbh7CE=,+5DNWrOre+MPw0UAkdZ+pkYn/GA=
15,-27,TuJHv+pIL+LaMIGSpBSxDgbh7CE=,lBb0ZmcbFbZY3qXFLNuZur52pvg=
15,-28,TuJHv+pIL+LaMIGSpBSxDgbh7CE=,3XokUoomlE3s890DZ1PNWFcD+4Y=
15,-29,TuJHv+pIL+LaMIGSpBSxDgbh7CE=,SE14P5GtqYJu9ZkblN9Q7t3WdvA=
15,-30,TuJHv+pIL+LaMIGSpBSxDgbh7CE=,1Kpokhgsk9CYYDZVpIu/XkA7BLw=
15,-31,TuJHv+pIL+LaMIGSpBSxDgbh7CE=,zkBCDZdxuuuBO98ZmQD3M/G++lg=
15,-32,rpWnBVICeZA0m8GF25LnISdeLPI=,Bo6HgPaeVV0VKKY4d01lq/TRC0Q=
15,-1,rpWnBVICeZA0m8GF25LnISdeLPI=,/VyacjO6yVwADqQI+xgkOZRvjjE=
15,-2,rpWnBVICeZA0m8GF25LnISdeLPI=,Eav3OnsYJTKBwUDc0P2R9zWa34Q=
15,-3,rpWnBVICeZA0m8GF25LnISdeLPI=,gcnIckQuMsy/CpjeXuHUwpNA+eI=
15,-4,rpWnBVICeZA0m8GF25LnISdeLPI=,nKc5GES81TtvgoOGs5nCqYzvG5Q=
15,-5,rpWnBVICeZA0m8GF25LnISdeLPI=,sOHmPXE3HNv8n6krJTIujqX/Xvw=
15,-6,rpWnBVICeZA0m8GF25LnISdeLPI=,mKQKg6PB6APNQYtNVhC9WeC0Kbk=
15,-7,opRuag7bETjI4bOemAF28yqpb6o=,PxQDnx62lSf6XPZhJhVnn7R+628=
15,-8,opRuag7bETjI4bOemAF28yqpb6o=,x/N5hEDguuMKSwjQ4B1Ng3cCCNg=
15,-9,opRuag7bETjI4bOemAF28yqpb6o=,S3vtphcIQg0rEUkBc2pRt09wUSE=
15,-10,opRuag7bETjI4bOemAF28yqpb6o=,RbM6xjzmxtt+JT6kwkuGQI5goBs=
15,-11,opRuag7bETjI4bOemAF28yqpb6o=,sUgtppxzlNpAZbj8vlD3Y6oKGp0=
15,-12,opRuag7bETjI4bOemAF28yqpb6o=,zNNVJ2T9AtcqQjo/uHou66Ps4t4=
15,-13,opRuag7bETjI4bOemAF28yqpb6o=,miTy2kNTEQJTKoCVo1158J/gq8A=
15,-14,mQ1Sl1lMm8OAPI065OnVer50FYE=,H3bFm8+BGbo2thKYGfCB+juOkDE=
15,-15,mQ1Sl1lMm8OAPI065OnVer50FYE=,8S3HzX70KrrhxhC4EeCBxqDiRkM=
15,-16,mQ1Sl1lMm8OAPI065OnVer50FYE=,rbZsDeggM/DwN5s9lAP7vNto48w=
14,-18,mQ1Sl1lMm8OAPI065OnVer50FYE=,TuRbBb0ZqSjUmJcBIlX7MDVk2bw=
14,-17,mQ1Sl1lMm8OAPI065OnVer50FYE=,ztiD1vHCSlkSl3lWXgKonSgB0f8=
14,-20,mQ1Sl1lMm8OAPI065OnVer50FYE=,zbJI2olMCdW8TS4+Ifow4hnofvg=
14,-19,mQ1Sl1lMm8OAPI065OnVer50FYE=,47n8l39YW1oxNIR5spP/lZG3OYs=
14,-22,mQ1Sl1lMm8OAPI065OnVer50FYE=,h3Eh1ygsnUwHLGDWyebqHQTKJ+E=
14,-21,nRNZultR/LjWJHiffVQXkj8vfN4=,6/15laPTA1dUFY4gdJQ5syxjrjI=
14,-24,nRNZultR/LjWJHiffVQXkj8vfN4=,xkP0a/adFwjUgCkSfsiqbisUwwA=
14,-23,nRNZultR/LjWJHiffVQXkj8vfN4=,AssNXOyLHhzmgpdL8GoTc2h+yzI=
14,-26,nRNZultR/LjWJHiffVQXkj8vfN4=,zA8tg4icphMBijFKYjXkRd44Us4=
14,-25,nRNZultR/LjWJHiffVQXkj8vfN4=,yTx6lOxb4ivzEIidETOgTjobr+I=
14,-28,nRNZultR/LjWJHiffVQXkj8vfN4=,IRazRQazBC4NHHZEeS0FyGcLHGY=
14,-27,nRNZultR/LjWJHiffVQXkj8vfN4=,UulhYhgvFkywAh0reZJ6DUfwfhg=
14,-30,nRNZultR/LjWJHiffVQXkj8vfN4=,egrCNS8ZWFe1kVK2PcMzRUR3llY=
14,-29,nRNZultR/LjWJHiffVQXkj8vfN4=,kqxFtl6CrNcVLfykU3ZtxrzQnuU=
14,-32,8h5khTAn1pI6lBnXgak37LUB5e0=,mjPNz9zANnJZmQb+DUbP21Yd4EE=
14,-31,8h5khTAn1pI6lBnXgak37LUB5e0=,WKBN1B4rXPondxDuYXH6ikmfb2E=
14,-2,8h5khTAn1pI6lBnXgak37LUB5e0=,JDQjR2oZSIKXeCSrkoGvD7Lb/hU=
14,-1,8h5khTAn1pI6lBnXgak37LUB5e0=,lXFUs4p47/Ph9SDcidzGuT9/sA0=
14,-4,8h5khTAn1pI6lBnXgak37LUB5e0=,0R1wVicJiW3KQfLJM9l7nuC4HPU=
14,-3,8h5khTAn1pI6lBnXgak37LUB5e0=,Twt7NJfupJYnFwzHJkteoJe00KI=
14,-6,Z/ehsXEOew49F/u6zZkbDzu625A=,dOqz/5DLt3u7/tzxKwrSBQz5kpI=
14,-5,Z/ehsXEOew49F/u6zZkbDzu625A=,kmTdPLGLNXwa/SqEsSZ+liHGRnY=
14,-8,Z/ehsXEOew49F/u6zZkbDzu625A=,EvTInldHUTE7Pen5PejcWKl+n/Y=
14,-7,Z/ehsXEOew49F/u6zZkbDzu625A=,CamZ8Lm04OPmg7Yt1Ps3PCteln4=
14,-10,Z/ehsXEOew49F/u6zZkbDzu625A=,jWfaKWDFlujmUIMhN07eDpgKEnI=
14,-9,Z/ehsXEOew49F/u6zZkbDzu625A=,1o1Aodg34nFPGfCYe3KSghR+cCg=
14,-12,Z/ehsXEOew49F/u6zZkbDzu625A=,g3yuM/HIqN6naHbcwTv4Mb627N8=
14,-11,laY4R2LzsPsi/nWHi4mcheMqXvU=,5WB9HOnOdTNBe7DpPKASlq5WAvQ=
14,-14,laY4R2LzsPsi/nWHi4mcheMqXvU=,bWf+eXu1p3A08HHiJo0tkoYjAf0=
14,-13,laY4R2LzsPsi/nWHi4mcheMqXvU=,0bE5+vTRU3qYax/0UqhRWWYE3x4=
14,-16,laY4R2LzsPsi/nWHi4mcheMqXvU=,h7l4jU4u78d9JFJCaHtFBT9c6Sg=
14,-15,laY4R2LzsPsi/nWHi4mcheMqXvU=,2DQleBzQjVTBVUZrrGMgliDPBOc=
13,-19,laY4R2LzsPsi/nWHi4mcheMqXvU=,TL9qnN9/hyWQAR3u49hudB1f/Yg=
13,-20,laY4R2LzsPsi/nWHi4mcheMqXvU=,+fGV55stWR5TfQfVw8B4S3wjtPM=
13,-17,laY4R2LzsPsi/nWHi4mcheMqXvU=,3X/eLS9VZ+oPCct2uKeuywWeVkY=
13,-18,Gcj6T9yri4+jGzcNJblWp8ntLC4=,qk/3VV+UDncEgoG5z7ewNAHP8AM=
13,-23,Gcj6T9yri4+jGzcNJblWp8ntLC4=,nrgON9RSu6QRRi9RanIXP+9v3fw=
13,-24,Gcj6T9yri4+jGzcNJblWp8ntLC4=,6yg8zwvvG920r37h0B8HwoyawuY=
13,-21,Gcj6T9yri4+jGzcNJblWp8ntLC4=,f3RnSehOhuo346GvW2Ntr0USC8U=
13,-22,Gcj6T9yri4+jGzcNJblWp8ntLC4=,lIepkkufH5FRxbiDJSKyKrKsakg=
13,-27,Gcj6T9yri4+jGzcNJblWp8ntLC4=,j5a5alpk7nOpupOeXO9v1ckAmPA=
13,-28,Gcj6T9yri4+jGzcNJblWp8ntLC4=,AfwmpQ9+/pdgQ+jaoQ3kxGQN8eM=
13,-25,Gcj6T9yri4+jGzcNJblWp8ntLC4=,kT2FmwYwPM3eUZvnrK90yRINXls=
13,-26,Gcj6T9yri4+jGzcNJblWp8ntLC4=,p3o/gK2woBVM5LpC2YS0NUJb66k=
13,-31,9T2ZMRm1yHtoQote8bPcrJa07NI=,3oNj/qewHzXN7haZ75PuXtXqtQI=
13,-32,9T2ZMRm1yHtoQote8bPcrJa07NI=,mjPNz9zANnJZmQb+DUbP21Yd4EE=
13,-29,9T2ZMRm1yHtoQote8bPcrJa07NI=,TXi5/jyk/TgOOfaJg/9X3X8VIJI=
13,-30,9T2ZMRm1yHtoQote8bPcrJa07NI=,Bcht3Lw3w1N0Fv+0cm15vBbxxbI=
13,-3,9T2ZMRm1yHtoQote8bPcrJa07NI=,Sf2wYlnkRMtlbrSloPKf2E/RYMs=
13,-4,9T2ZMRm1yHtoQote8bPcrJa07NI=,MeW6ol8ZQAwW6ZKefNF8+fIbErA=
13,-1,9T2ZMRm1yHtoQote8bPcrJa07NI=,TIhG20toD1oppDsLIEMZA9nTE90=
13,-2,9T2ZMRm1yHtoQote8bPcrJa07NI=,a+LOncYRZXCtKjHk15HjPQM8kmA=
13,-7,8Wkhr6ZxDVhjKrPZJB+3OSJw038=,IF4MJt4L2EYKMjtb/FPk5onn3Vk=
13,-8,8Wkhr6ZxDVhjKrPZJB+3OSJw038=,8bLwEP+cKdYX8nrDlGHtWgE9Khg=
13,-5,8Wkhr6ZxDVhjKrPZJB+3OSJw038=,6Z+oGgcGmCrjHiQdkZgDACZWKSo=
13,-6,8Wkhr6ZxDVhjKrPZJB+3OSJw038=,/y1U+VSgeEeuGIRHRe0ZABujBAk=
13,-11,8Wkhr6ZxDVhjKrPZJB+3OSJw038=,1EGmIXkP+z+m6iUMVDFC2rabk18=
13,-12,8Wkhr6ZxDVhjKrPZJB+3OSJw038=,VWPet5gGAMUB8tVPl0ClEyUroqo=
13,-9,rDN+UerLvypjctCtUQl15rMkQlY=,4QRouGA6UwePXpCyfNL4+gjT+K4=
13,-10,rDN+UerLvypjctCtUQl15rMkQlY=,PIFE44XCDem/XErPY/iGyDugrJc=
13,-15,rDN+UerLvypjctCtUQl15rMkQlY=,2lOn0x4X3ECTGP56zV4sgw9JqmU=
13,-16,rDN+UerLvypjctCtUQl15rMkQlY=,ayuOVkksX+XVrghDMiU9bxtKoDc=
13,-13,rDN+UerLvypjctCtUQl15rMkQlY=,WccpxIgrPmgn2rnNE39MGJa9Cmg=
13,-14,rDN+UerLvypjctCtUQl15rMkQlY=,AgmLNPFFmkpAAZ1dLgCg1fgAis4=
12,-20,rDN+UerLvypjctCtUQl15rMkQlY=,LI6fYs4XiH/LbqQHAs8PpGR2mbo=
12,-19,rDN+UerLvypjctCtUQl15rMkQlY=,6bIKiYVKNzp+KGwRFMByFya5MSM=
12,-18,rDN+UerLvypjctCtUQl15rMkQlY=,CW09XPrqO71gLvoYHNy4DOzT0sE=
12,-17,sj3wLO+UXWZPE5lFQtA9dBOBVxE=,u0/2lMkf6Iqzob83z77luiEqJBA=
12,-24,sj3wLO+UXWZPE5lFQtA9dBOBVxE=,CRDthEd05UB9YV6UlmA8kOPBgR8=
12,-23,sj3wLO+UXWZPE5lFQtA9dBOBVxE=,TVuW+WyOCpvfKGBnQRrkKfPlsC8=
12,-22,sj3wLO+UXWZPE5lFQtA9dBOBVxE=,aupt6IhZBAlZe2kpesxcnVcvF+w=
12,-21,sj3wLO+UXWZPE5lFQtA9dBOBVxE=,jDCBHspJ74439Egfib1DOI/pm6A=
12,-28,sj3wLO+UXWZPE5lFQtA9dBOBVxE=,QjVd8WWwlSkJHXVq7ZrUOcUkgMo=
12,-27,sj3wLO+UXWZPE5lFQtA9dBOBVxE=,TVC7GiYXAOx27pYazUmXb/3C5Tc=
12,-26,sj3wLO+UXWZPE5lFQtA9dBOBVxE=,lkKKiGZmv+tXK7rsK+fCQY8t3hk=
12,-25,WTE3tSMwa3fM/7rKx4hnrF5OtWU=,VgbU2nA02ydTmnc17AwoM6/BLYY=
12,-32,WTE3tSMwa3fM/7rKx4hnrF5OtWU=,3p0UHMtkdPeDrXKzVnaWDfO1lQM=
12,-31,WTE3tSMwa3fM/7rKx4hnrF5OtWU=,zEssJrtx6WnxxOrp5Q2LytVoiAU=
12,-30,WTE3tSMwa3fM/7rKx4hnrF5OtWU=,9U/xnLmD0OXvBqjKF9JuOPROt5M=
12,-29,WTE3tSMwa3fM/7rKx4hnrF5OtWU=,WhzSLlpjqk5RI9WdzrcH1NezwbA=
12,-4,WTE3tSMwa3fM/7rKx4hnrF5OtWU=,LovWYSDqS3zLzm123Y64YD1BMcM=
12,-3,WTE3tSMwa3fM/7rKx4hnrF5OtWU=,ZrB4fEPOZNfqLewWrA4eod16aX0=
12,-2,WTE3tSMwa3fM/7rKx4hnrF5OtWU=,MyER6kz+AKMIwtTf//bqXJyIZac=
12,-1,+NpC62VhVR788NK4AJ2hEfdLiWU=,rgr89d/msa8BD9b0sEO7Is1Fn5o=
12,-8,+NpC62VhVR788NK4AJ2hEfdLiWU=,YUgPkNIh3LQXEvsR8ATTvbE2kOs=
12,-7,+NpC62VhVR788NK4AJ2hEfdLiWU=,vqFqQw8WJblJI0QVPoLlGKImj28=
12,-6,+NpC62VhVR788NK4AJ2hEfdLiWU=,Xe3MJmy1hSG101T+k4gMTZZFkws=
12,-5,+NpC62VhVR788NK4AJ2hEfdLiWU=,eA/UNiBY6yhKQH4KDljINm4PDkY=
12,-12,+NpC62VhVR788NK4AJ2hEfdLiWU=,xGOFcANAKmoyVqjyOyJsFr+hi/E=
12,-11,BopSHAVEbSXwOX85na+ReLFmgig=,32jyeSAAlcIRWh5uG+1zVSmqUzw=
12,-10,BopSHAVEbSXwOX85na+ReLFmgig=,IpticsiEMkVr+3fT8xy4QMbmJu4=
12,-9,BopSHAVEbSXwOX85na+ReLFmgig=,W9TrYJFAFP8YBeb4toM8EmDjPzY=
12,-16,BopSHAVEbSXwOX85na+ReLFmgig=,e3y3GExmwKNpRyzJU0mO5YoKfUM=
12,-15,BopSHAVEbSXwOX85na+ReLFmgig=,rVuygTxaWogX5/aKxx+57qQdgkk=
12,-14,BopSHAVEbSXwOX85na+ReLFmgig=,vh6DDsr2EKWSImnw7YoRJGPu39Y=
12,-13,BopSHAVEbSXwOX85na+ReLFmgig=,y+p0zXNia2ioL2bKm4SgWdDlfqw=
11,-21,BopSHAVEbSXwOX85na+ReLFmgig=,FUJB7auQUWY0RDlGq5fIblSc1R8=
11,-22,90t1n9RrXr0479h7+KJ2G49Kwok=,n3O1P4yIsUo1HEmYhcsjR1ycFjU=
11,-23,90t1n9RrXr0479h7+KJ2G49Kwok=,2CyLIiB2RBOAfsEkgiQMDKiygdw=
11,-24,90t1n9RrXr0479h7+KJ2G49Kwok=,TZY9Wg+narzwsZDFic/H1D3qQjc=
11,-17,90t1n9RrXr0479h7+KJ2G49Kwok=,kh/OlM3OsoGieZWRaMGypR7ZOVs=
11,-18,90t1n9RrXr0479h7+KJ2G49Kwok=,YoqCwnrUcnhq8bYyNblOiSzVR5I=
11,-19,90t1n9RrXr0479h7+KJ2G49Kwok=,TjabjpggXTBzHZe197c5urjIHbU=
11,-20,90t1n9RrXr0479h7+KJ2G49Kwok=,RvCFuAUCEPxTm8KSwzDCYPJHRMs=
11,-29,90t1n9RrXr0479h7+KJ2G49Kwok=,QhZXnKc59JZ5EsZbcBIHrW7tVKo=
11,-30,90t1n9RrXr0479h7+KJ2G49Kwok=,GIGdgCzvoReKJWEvHtkSfY9gvb8=
11,-31,sLl92g4S6bPzfH+WNB1U3rn2nYg=,MRDdi0g72AFRcRBRnEJ0VqRPc3w=
11,-32,sLl92g4S6bPzfH+WNB1U3rn2nYg=,tPJRIkjGFcs2ib93KMjAM8CQQcc=
11,-25,sLl92g4S6bPzfH+WNB1U3rn2nYg=,n6Ngg2+7+MukOKoxbXsLZ6Nykik=
11,-26,sLl92g4S6bPzfH+WNB1U3rn2nYg=,gIfANlmQIZ5IQWHhLOM37a/d5EI=
11,-27,sLl92g4S6bPzfH+WNB1U3rn2nYg=,jHNLWNkyO9xIR5P+sSHXOT+99PU=
11,-28,sLl92g4S6bPzfH+WNB1U3rn2nYg=,sKovZWuuSjNjexJHORea+H9knK0=
11,-5,sLl92g4S6bPzfH+WNB1U3rn2nYg=,hToqDWvbLO546WgHyTCEAON8C9s=
11,-6,sLl92g4S6bPzfH+WNB1U3rn2nYg=,7T4BaxcGWMwxqTJJbmccHp/HVlg=
11,-7,JgHcGryP4LqL8tWsmcAkbRfn99E=,kKTt2KnO8qMXJoyuQB2zLRIzf1g=
11,-8,JgHcGryP4LqL8tWsmcAkbRfn99E=,FRjLiQ87QFRSC7BjINTIOVcJoJY=
11,-1,JgHcGryP4LqL8tWsmcAkbRfn99E=,nRKPvIY6Qsdp76ohabql4z8U8yE=
11,-2,JgHcGryP4LqL8tWsmcAkbRfn99E=,UjiX8sgT1e+zxentIwfoPkf8c7Q=
11,-3,JgHcGryP4LqL8tWsmcAkbRfn99E=,ZrB4fEPOZNfqLewWrA4eod16aX0=
11,-4,JgHcGryP4LqL8tWsmcAkbRfn99E=,WJiLwI0J6zesge5S3Jr1AMhBE50=
11,-13,bLZbQQsFD+NYRippvLno8Wfowbw=,FdEPj8V4N/Tj/CKT9ULJ8ygnDkE=
11,-14,bLZbQQsFD+NYRippvLno8Wfowbw=,HjPToszb2jwFUBEn5JrPpTgjSdI=
11,-15,bLZbQQsFD+NYRippvLno8Wfowbw=,JcZ9L63L3HeFwRfhx83ATkBBY2A=
11,-16,bLZbQQsFD+NYRippvLno8Wfowbw=,LB5qiLDevyij3AIDI/ugozXBIhs=
11,-9,bLZbQQsFD+NYRippvLno8Wfowbw=,4CgJ2eNbnSLDtUCc1myv++J6nPo=
11,-10,bLZbQQsFD+NYRippvLno8Wfowbw=,ibdXo/YIakiDsTf7lM87AcAycx0=
11,-11,bLZbQQsFD+NYRippvLno8Wfowbw=,umnZrC0gkUNClct+uh0/uAG5hQI=
11,-12,bLZbQQsFD+NYRippvLno8Wfowbw=,Titot3cBg2hfczhO48gNEuVrN/U=
10,-22,bLZbQQsFD+NYRippvLno8Wfowbw=,MU7u3MXuJnmnHzB22i1yRDUXMeg=
10,-21,S223cmwwKJrWlByQ36/ON0WCXBQ=,gD3wZkimRrkfe4bkHbLvEO1R3Io=
10,-24,S223cmwwKJrWlByQ36/ON0WCXBQ=,nB/yDhQTTT2JGzK50ZAvNcHnQV0=
10,-23,S223cmwwKJrWlByQ36/ON0WCXBQ=,qWQGrX3GeXvFZEHiba2J3pqfnl0=
10,-18,S223cmwwKJrWlByQ36/ON0WCXBQ=,Hk8zQc9tJlWrfdO+PT3A3sUYa5c=
10,-17,S223cmwwKJrWlByQ36/ON0WCXBQ=,fM6pG9FHZN0zf70w6SfQAMTxBLE=
10,-20,S223cmwwKJrWlByQ36/ON0WCXBQ=,DSXxhQJSC1hLr4EdszappndRKvc=
10,-19,S223cmwwKJrWlByQ36/ON0WCXBQ=,yZrb207DjvNv9+WChXUqTDf9jOk=
10,-30,S223cmwwKJrWlByQ36/ON0WCXBQ=,4geLP45faFk+jesPzIKgC3LeeiQ=
10,-29,4g+QFraISBZ+SCkezX9l7BpYf8g=,tm+xuppauZmAzLATCXUH7S44w6c=
10,-32,4g+QFraISBZ+SCkezX9l7BpYf8g=,+F6I+V0QzbGXwzKgrub4jnSiItA=
10,-31,4g+QFraISBZ+SCkezX9l7BpYf8g=,D18nmUnUYrwlm2m6063IyMPLcqM=
10,-26,4g+QFraISBZ+SCkezX9l7BpYf8g=,QhOUoVkbMvTuQIfJ7rxWVL5Ek6M=
10,-25,4g+QFraISBZ+SCkezX9l7BpYf8g=,n6Ngg2+7+MukOKoxbXsLZ6Nykik=
10,-28,4g+QFraISBZ+SCkezX9l7BpYf8g=,UalDmaDdTAN/JfexKj4R+4cfvmQ=
10,-27,4g+QFraISBZ+SCkezX9l7BpYf8g=,t1Jp/TzrW7TIu/Cp9G5BjHFpxrE=
10,-6,4g+QFraISBZ+SCkezX9l7BpYf8g=,FpavXedpEaTCJEadUHwl9MWYK5I=
10,-5,4g+QFraISBZ+SCkezX9l7BpYf8g=,XjqzXt2ER024zPFsQ5N2pr6Xxmo=
10,-8,B0tMRYr6xuUQeYRmmpIAaMiIm+0=,agprhUYbyq4lbbSHSmIry9WAtt4=
10,-7,B0tMRYr6xuUQeYRmmpIAaMiIm+0=,RxPD2epCJxEQGHyPisXL5aDGARU=
10,-2,B0tMRYr6xuUQeYRmmpIAaMiIm+0=,cUgqHjp+o7sJtX7XYPWEWpV505w=
10,-1,B0tMRYr6xuUQeYRmmpIAaMiIm+0=,G2K4ivdiPtPsAdEjONJOiuy/TIM=
10,-4,B0tMRYr6xuUQeYRmmpIAaMiIm+0=,6/ehIDtDuE62z5exn8uOeQkdI1s=
10,-3,lqbv2Bjr1vOMr+hw7S28iWowPVI=,EJhYpwDPiPbQxPMEx7OfEBJL+1s=
10,-14,lqbv2Bjr1vOMr+hw7S28iWowPVI=,lzZnE5X/x7CLpcBgHdcs18aFO4U=
10,-13,lqbv2Bjr1vOMr+hw7S28iWowPVI=,vk0gmc9tngrnkjsLW+6khKIilfA=
10,-16,lqbv2Bjr1vOMr+hw7S28iWowPVI=,tj0t3+Q6oBmUtaiVnmL58y8r8Ac=
10,-15,lqbv2Bjr1vOMr+hw7S28iWowPVI=,Xzp8gb8OtMYu2I7/j+lj1hW3gwI=
10,-10,lqbv2Bjr1vOMr+hw7S28iWowPVI=,1p8pl8rYWXxAYkNUEWtHRPAZWys=
10,-9,lqbv2Bjr1vOMr+hw7S28iWowPVI=,p7ju1MJh65AbEGQ0dp9i83LvR+w=
10,-12,lqbv2Bjr1vOMr+hw7S28iWowPVI=,DwsyTp9BJh4p/d9b4Sm270sqTXc=
10,-11,67ESxv4X8bLCKu8lenxg8kzcnDo=,f+2yK/8qeksO9mr2hNXjQ2Z29QY=
9,-23,67ESxv4X8bLCKu8lenxg8kzcnDo=,CLAV4/4jBqaq5KTZEwVUgiTu69s=
9,-24,67ESxv4X8bLCKu8lenxg8kzcnDo=,NE8G0I9/p5vT0e9Z3Bi1vl3Y1pY=
9,-21,67ESxv4X8bLCKu8lenxg8kzcnDo=,CPJi9e7xkTBpiGNltPVMm9zyvVY=
9,-22,67ESxv4X8bLCKu8lenxg8kzcnDo=,j/PFQf3oOynKuGGIli7k5yylrLM=
9,-19,67ESxv4X8bLCKu8lenxg8kzcnDo=,/8p+8Rja64Al/t2iR4FXl0va8bY=
9,-20,67ESxv4X8bLCKu8lenxg8kzcnDo=,3I70WEUeCV8rDLBVvbEY/IpRtCE=
9,-17,67ESxv4X8bLCKu8lenxg8kzcnDo=,/hBRLaXzxNI36juCnR+HQoWS8dQ=
9,-18,MdnVBj9zbp6o+e7lwXdTqP8J0CM=,36n2C3RSlIDSKh9gDKy4FZJcxW0=
9,-31,MdnVBj9zbp6o+e7lwXdTqP8J0CM=,phmmdjPkILLCuJDqBL6W/TdLazE=
9,-32,MdnVBj9zbp6o+e7lwXdTqP8J0CM=,FROpzrYQpBohalXZDioPtxZuJpE=
9,-29,MdnVBj9zbp6o+e7lwXdTqP8J0CM=,NG2D4kO8zZcdpB2W2/mR1MEXHqY=
9,-30,MdnVBj9zbp6o+e7lwXdTqP8J0CM=,iiTZOWWyOrfLOWWhLtdymihZyGw=
9,-27,MdnVBj9zbp6o+e7lwXdTqP8J0CM=,3RGXwCkVHjKGbv8JjHweX8AT6ds=
9,-28,MdnVBj9zbp6o+e7lwXdTqP8J0CM=,z5u/cmcldnsj3pu+NPU5dwL9QUs=
9,-25,MdnVBj9zbp6o+e7lwXdTqP8J0CM=,PpEcK/iEArwZ0fvYCfRj64pOZPQ=
9,-26,MdnVBj9zbp6o+e7lwXdTqP8J0CM=,JIkMLtF4Am9Y7pA5+t1WjjVnPUA=
9,-7,YAYm3qvp5RicdVgd5N+ouvvMc78=,+AIaUHGELB6pM5NcijSAK3MeEpg=
9,-8,YAYm3qvp5RicdVgd5N+ouvvMc78=,gHckh3jFunp/gMzXbHSIE9m1nhI=
9,-5,YAYm3qvp5RicdVgd5N+ouvvMc78=,jv7qY+wdgp7vPaWBLSZMyZR1kLo=
9,-6,YAYm3qvp5RicdVgd5N+ouvvMc78=,B4nZxALHKrwmlOa2NSzAXcIkGpM=
9,-3,YAYm3qvp5RicdVgd5N+ouvvMc78=,wir8upxkWYFb33oIu4UiUEwGHv8=
9,-4,YAYm3qvp5RicdVgd5N+ouvvMc78=,KYy1QNg0xRmtphx0q6XwSE3noQo=
9,-1,YAYm3qvp5RicdVgd5N+ouvvMc78=,h9sNFw+KEBXuKy+V0tRfQyf/TFs=
9,-2,H7GD3WpF/wmDCB/lin6OKrBYvFk=,X3yK7Je8VohZRWBD20p9mJvgDBM=
9,-15,H7GD3WpF/wmDCB/lin6OKrBYvFk=,FIAlH2w38VervPsSLQmENQdgurw=
9,-16,H7GD3WpF/wmDCB/lin6OKrBYvFk=,VMPn4XmZqp3+yM8Nbb0cZLTHObo=
9,-13,H7GD3WpF/wmDCB/lin6OKrBYvFk=,uJuE2nfANBw6iWLdkgWgf/PODww=
9,-14,H7GD3WpF/wmDCB/lin6OKrBYvFk=,wc7DMF2NlWwz9+h9RzUI5CBzHQc=
9,-11,H7GD3WpF/wmDCB/lin6OKrBYvFk=,4LEmUqCXlJkTMGGrWTzpPseGnYE=
9,-12,SayD1x6fbM43VJnEfFeuBH8BJbk=,bHKTlwJqQzXoxZCggEx/xkdhrz8=
9,-9,SayD1x6fbM43VJnEfFeuBH8BJbk=,UssEymczTGo/giswuwhQdPfhkas=
9,-10,SayD1x6fbM43VJnEfFeuBH8BJbk=,iUt38BMpQCD8Of3EiXbBh5jf0xs=
8,-24,SayD1x6fbM43VJnEfFeuBH8BJbk=,ilcVmnZ32YsjqlwvheOqCDN/VwA=
8,-23,SayD1x6fbM43VJnEfFeuBH8BJbk=,IniLxyeqYjRRQjYbzLTjJbi1Rms=
8,-22,SayD1x6fbM43VJnEfFeuBH8BJbk=,/9wnzicjCfdNuxG+8G5u9LvFLRQ=
8,-21,SayD1x6fbM43VJnEfFeuBH8BJbk=,t39C1i0rspROkat58UD8mEoJF60=
8,-20,SayD1x6fbM43VJnEfFeuBH8BJbk=,q890ImQC8YQuhB2dVNuHegKYV3o=
8,-19,ozV+lHAgvLilUPSmwdNPHKkq/Ds=,Wz7Cyb4RFDCbtNfyBWZrE0Pehnc=
8,-18,ozV+lHAgvLilUPSmwdNPHKkq/Ds=,TQUq+Kp/tBzQsJisWsOt3RdM5Ic=
8,-17,ozV+lHAgvLilUPSmwdNPHKkq/Ds=,lL9YF8v3QC4kj7ER8Sb50rYHXzw=
8,-32,ozV+lHAgvLilUPSmwdNPHKkq/Ds=,z/V8JCXautxM6ytc2t3iU/1zMRQ=
8,-31,ozV+lHAgvLilUPSmwdNPHKkq/Ds=,Sjac9Q2LkplE0StP0oaGZUXfRMA=
8,-30,ozV+lHAgvLilUPSmwdNPHKkq/Ds=,n+Ay8SMhwYaztLQkP94fGUbVm9U=
8,-29,ozV+lHAgvLilUPSmwdNPHKkq/Ds=,bFVZmpN0MaSBEJL0ALNYua3iVGQ=
8,-28,ozV+lHAgvLilUPSmwdNPHKkq/Ds=,bFVZmpN0MaSBEJL0ALNYua3iVGQ=
8,-27,ozV+lHAgvLilUPSmwdNPHKkq/Ds=,8u9RVxs0yMcsbOQZrulTQuv15l0=
8,-26,AmojgJ+hEqhD0cOsmA4hBZYEluo=,DuVoc4aDcwbzkGhNQGN8ccnWsP0=
8,-25,AmojgJ+hEqhD0cOsmA4hBZYEluo=,DuVoc4aDcwbzkGhNQGN8ccnWsP0=
8,-8,AmojgJ+hEqhD0cOsmA4hBZYEluo=,e0Iz1Ie6BoMBu8kTowpvHdGo1KI=
8,-7,AmojgJ+hEqhD0cOsmA4hBZYEluo=,CUoCpB/Q3tSx/Xj5kQ/r2FqG+L4=
8,-6,AmojgJ+hEqhD0cOsmA4hBZYEluo=,tLbKd3gA6tpFbxdkV/b2y+asCHo=
8,-5,AmojgJ+hEqhD0cOsmA4hBZYEluo=,kj5vCRrSs8amjLzyc1ea85lXIoc=
8,-4,AmojgJ+hEqhD0cOsmA4hBZYEluo=,HQ+74UHOi3hW36UrH4GaJ7lSM7s=
8,-3,WKx3EJ5+iPYSHS5XIdb8s7+Of10=,uGjO5STuBkm0f9h7bzStfguDjDQ=
8,-2,WKx3EJ5+iPYSHS5XIdb8s7+Of10=,dIpiIDXJraGNI0qlOOVLUjgZ6lQ=
8,-1,WKx3EJ5+iPYSHS5XIdb8s7+Of10=,KAH/YTstLagjVBlFRARXdMI3vxQ=
8,-16,WKx3EJ5+iPYSHS5XIdb8s7+Of10=,Vo9h66QDv/VM74Tt5fhXH+w+nUM=
8,-15,WKx3EJ5+iPYSHS5XIdb8s7+Of10=,pDuyDTb0fLbCHk8wnW66ygMrMJY=
8,-14,WKx3EJ5+iPYSHS5XIdb8s7+Of10=,BJd7Cv3jvnw7seMQka++DFDzr04=
8,-13,DXvT7sN/SjBX0yXCGaQVF5UURTI=,c0pJK3OCwUtu7qAiB/CZIn9GOyo=
8,-12,DXvT7sN/SjBX0yXCGaQVF5UURTI=,NTs53Xx1BO8B1BA7LB/E0RJMH0M=
8,-11,DXvT7sN/SjBX0yXCGaQVF5UURTI=,icl+/2HhSggMZp/NsLTj/cq7r6w=
8,-10,DXvT7sN/SjBX0yXCGaQVF5UURTI=,l3Om8nio5XjtQt5cLZUCY4/rrAQ=
8,-9,DXvT7sN/SjBX0yXCGaQVF5UURTI=,4/Pu2qEviaeuAKwVJnCQ01xknlU=
7,-25,DXvT7sN/SjBX0yXCGaQVF5UURTI=,ciQuxpJ/toeUrr4gK6QOoc0lWV4=
7,-26,DXvT7sN/SjBX0yXCGaQVF5UURTI=,izRDgD4/56894GpU6k4n2yF+PRo=
7,-27,DXvT7sN/SjBX0yXCGaQVF5UURTI=,1fppDnsGi6yKoWnJTmgf9i+RoCw=
7,-28,DXvT7sN/SjBX0yXCGaQVF5UURTI=,LpIoSNy2Q0d0pItLuLLgwRflZOs=
7,-29,zAa7TMYq31Tuuu+vggpkePOFuKo=,WDWkZWqTZgsiKIe8H/n4F2OzK48=
7,-30,zAa7TMYq31Tuuu+vggpkePOFuKo=,QdgWE4VUVb3uCPCkjxfuj0ceEdY=
7,-31,zAa7TMYq31Tuuu+vggpkePOFuKo=,mtBdh6H5NYA8iE2MkG9m0l+ZOIM=
7,-32,zAa7TMYq31Tuuu+vggpkePOFuKo=,oCa24WlAU3m0xuasPL842v3sKL4=
7,-17,zAa7TMYq31Tuuu+vggpkePOFuKo=,rGknpdTw0W7TN8rDCVDgtrtNn3w=
7,-18,zAa7TMYq31Tuuu+vggpkePOFuKo=,LQPeq2BQ4PyN7D94ECaBYnSQMyc=
7,-19,zAa7TMYq31Tuuu+vggpkePOFuKo=,ydAWn/xlZlIz/5YfvsMIIggold0=
7,-20,VKJj/MwnhxCE573DN+ax/V8xsHg=,pj04A3UO1bgsL2OwatD1AcJ4V7M=
7,-21,VKJj/MwnhxCE573DN+ax/V8xsHg=,ZzfcuzyMm0GBzZKo2n7FTI/BZTY=
7,-22,VKJj/MwnhxCE573DN+ax/V8xsHg=,f+Sad1iw6NgWs44GTomZ/i87wZ4=
7,-23,VKJj/MwnhxCE573DN+ax/V8xsHg=,KynPDePVtffJSxIOP1ixWbZmP+g=
7,-24,VKJj/MwnhxCE573DN+ax/V8xsHg=,tM7tOl36CW82I0PmjkWtmPerFJY=
7,-9,VKJj/MwnhxCE573DN+ax/V8xsHg=,u8HWa1w79R2GeMo8qlIT26cYBr4=
7,-10,VKJj/MwnhxCE573DN+ax/V8xsHg=,fAAbGV1sOMXSuOz2GX8VXMB0mDs=
7,-11,VKJj/MwnhxCE573DN+ax/V8xsHg=,kPwsRcr1MtsAIDhn2vls+Ma0bhY=
7,-12,VKJj/MwnhxCE573DN+ax/V8xsHg=,v8gkPbOBArX0uNDHPU086e/Hl20=
7,-13,tPflVLKIO2k5vMKS4EunqB6LbQ4=,Kejo3ImxFQ53kT5RY/3Dbs25erY=
7,-14,tPflVLKIO2k5vMKS4EunqB6LbQ4=,K8kE1HNzZJeen75f6FLZRlKdtF4=
7,-15,tPflVLKIO2k5vMKS4EunqB6LbQ4=,3fJ7xJ9rcMToeDm/In1iCOyi978=
7,-16,tPflVLKIO2k5vMKS4EunqB6LbQ4=,QUsrMbFs2pksqLJLrDc4jbB/0og=
7,-1,tPflVLKIO2k5vMKS4EunqB6LbQ4=,coXmCdvtfLOnmEVR2nEBMspQ3hg=
7,-2,tPflVLKIO2k5vMKS4EunqB6LbQ4=,e+ztdedc0zDeyiOCeIYBXy7FuwU=
7,-3,2gUcXm2MuF0/J69sW1YSM/2Pnn0=,/R+w8T0cuYEz+Gcm0k1xb9STkxE=
7,-4,2gUcXm2MuF0/J69sW1YSM/2Pnn0=,rFTkGQHEH1+PwtKnCrFpIOF4E0o=
7,-5,2gUcXm2MuF0/J69sW1YSM/2Pnn0=,i1pGYNIS5Ko7n1MILX7bgcxYJx4=
7,-6,2gUcXm2MuF0/J69sW1YSM/2Pnn0=,zx5ZvrO6ev8RUoz3zofhhYwL+e8=
7,-7,2gUcXm2MuF0/J69sW1YSM/2Pnn0=,LJLbACV6vHDX+LkhJaZ69m7aUII=
7,-8,2gUcXm2MuF0/J69sW1YSM/2Pnn0=,8zA75Emnv4w9uscwGeRMUXeR/M0=
6,-26,+uLtuvFGcJCsmit9Os59ko19F9k=,Lzmf7TEP+0CPXCclXuJFyuUE0E8=
6,-25,+uLtuvFGcJCsmit9Os59ko19F9k=,2mdVFCbEObAPpHyoIIHXyNKbS5A=
6,-28,+uLtuvFGcJCsmit9Os59ko19F9k=,FEBAFbKPwd98ohAHRq0+QyrNfXA=
6,-27,+uLtuvFGcJCsmit9Os59ko19F9k=,LqRhkYpd2XIorAAPaUqWDfG0u3s=
6,-30,+uLtuvFGcJCsmit9Os59ko19F9k=,FFRVKVu1sZzddw6LGZ9bIoXFIiQ=
6,-29,+uLtuvFGcJCsmit9Os59ko19F9k=,0ChIjPLpch/S/xvsluDBOFHE2ok=
6,-32,+uLtuvFGcJCsmit9Os59ko19F9k=,MXA0I9gXek/qmgBWST8Rv25P2MQ=
6,-31,+uLtuvFGcJCsmit9Os59ko19F9k=,LUnFuF8xEb+H8tgsNccYtf2W0+g=
6,-18,+uLtuvFGcJCsmit9Os59ko19F9k=,Ztip7ySjJfn/oDUNb7GJTo8SXcU=
6,-17,l9ODDdPAgSb4Lc3RLXYN4ToY3Ak=,HuVbPs8DFLnNnPhUB/GZVOF1+mM=
6,-20,l9ODDdPAgSb4Lc3RLXYN4ToY3Ak=,rfyw44oR42a0erW9BIUrXSDLQrg=
6,-19,l9ODDdPAgSb4Lc3RLXYN4ToY3Ak=,Y6JyRIx0zCX0C8DqA+Z15sC6tfA=
6,-22,l9ODDdPAgSb4Lc3RLXYN4ToY3Ak=,RO5lw4Ue14yYxz7+GQ8cO636GGI=
6,-21,l9ODDdPAgSb4Lc3RLXYN4ToY3Ak=,2YLraLsPqv7rF6k/iBB2Df15gU0=
6,-24,l9ODDdPAgSb4Lc3RLXYN4ToY3Ak=,EmQdG4gsHUkocgeR2Cux15xJ20s=
6,-23,l9ODDdPAgSb4Lc3RLXYN4ToY3Ak=,u9WOrszhjnqzdzkmWdU+veB4udU=
6,-10,l9ODDdPAgSb4Lc3RLXYN4ToY3Ak=,k/t20s797VbaWDxq/P51pkA0sxs=
6,-9,fjjjvrsZZw2ELNeIwOuoFs6Z/1s=,L37SFL+UeYtV4cZH7tWj65fXQVA=
6,-12,fjjjvrsZZw2ELNeIwOuoFs6Z/1s=,SZL6oPLQt8r86Zt4jSfZICawGpw=
6,-11,fjjjvrsZZw2ELNeIwOuoFs6Z/1s=,yahmcgS8OjkpPXZsm2AR30oTHEM=
6,-14,fjjjvrsZZw2ELNeIwOuoFs6Z/1s=,ukkHlz5H6UVBjRI2Orm594grOcs=
6,-13,fjjjvrsZZw2ELNeIwOuoFs6Z/1s=,1RQAEtJnRCprnV/6alrC2++7Re8=
6,-16,fjjjvrsZZw2ELNeIwOuoFs6Z/1s=,KPVIDn+Mlsmqq//D7Noea8Bb+jE=
6,-15,fjjjvrsZZw2ELNeIwOuoFs6Z/1s=,QRwyoyqMi0Q9/9DT0I04Ubh62+Q=
6,-2,fjjjvrsZZw2ELNeIwOuoFs6Z/1s=,nzxmkj8sO4RkZLJ1LYuRNu19zYo=
6,-1,Dyqyx4/PRbQxAvLoOThV9kgKJyw=,j2BluNRVmyRTMss/bvOzCRnBnHg=
6,-4,Dyqyx4/PRbQxAvLoOThV9kgKJyw=,aAGHLslaSzDGhB1bGzuma2f31t0=
6,-3,Dyqyx4/PRbQxAvLoOThV9kgKJyw=,FbirT66H9MJS08WqKWpt5JhpI9w=
6,-6,Dyqyx4/PRbQxAvLoOThV9kgKJyw=,MV4B8lSGu9Qh+IkPmg1wGmYtnmI=
6,-5,Dyqyx4/PRbQxAvLoOThV9kgKJyw=,FMZ5U2sTs19/VWV4PNDODRX+5a8=
6,-8,Dyqyx4/PRbQxAvLoOThV9kgKJyw=,xaxCwjfb2UcGD6/ji/3uh4n/bDQ=
6,-7,X9VJPObJLJlCGv5k4k76ce6AMZI=,tNqHEF3fztkzNHhaqVHeF0OX8+A=
5,-27,X9VJPObJLJlCGv5k4k76ce6AMZI=,JDSd6fovArwBoTtUnCoMgBFlr2E=
5,-28,X9VJPObJLJlCGv5k4k76ce6AMZI=,f3KCUbcVRgjvT9Hw9RcmX5Q6/qk=
5,-25,X9VJPObJLJlCGv5k4k76ce6AMZI=,C1FC9IBKfBa3Yu0StdUjyCfj+P4=
5,-26,X9VJPObJLJlCGv5k4k76ce6AMZI=,JbH1p3Ne0Bxy0QEsejqj8ab2htM=
5,-31,X9VJPObJLJlCGv5k4k76ce6AMZI=,4iM/pTNEEglWyHQEchn+x9HJ9W0=
5,-32,X9VJPObJLJlCGv5k4k76ce6AMZI=,rIghILe8f1pkZbQhAc0t0NSXGx4=
5,-29,X9VJPObJLJlCGv5k4k76ce6AMZI=,SmLXkn/Twq1oIAJeXkw6GbpKidE=
5,-30,rPd/nXg2TxV4ukVVkzIR0UT0usc=,8Upsl/OZvC1xqxyhWhKEfdw41xg=
5,-19,rPd/nXg2TxV4ukVVkzIR0UT0usc=,6B/uYqYKkFbG9PBCPnPR6RPpFgk=
5,-20,rPd/nXg2TxV4ukVVkzIR0UT0usc=,xkSux4K13tqTVb+/BHSJX2w8ii0=
5,-17,rPd/nXg2TxV4ukVVkzIR0UT0usc=,rD3b4KTSspuV9tBNPwzwsP7ROpc=
5,-18,rPd/nXg2TxV4ukVVkzIR0UT0usc=,rD3b4KTSspuV9tBNPwzwsP7ROpc=
5,-23,rPd/nXg2TxV4ukVVkzIR0UT0usc=,t1xlvkbfu8ttrDtS4dapifgsWz0=
5,-24,rPd/nXg2TxV4ukVVkzIR0UT0usc=,akfANKt8w9JkT+D4UYIpvbfKtmk=
5,-21,rPd/nXg2TxV4ukVVkzIR0UT0usc=,1WKA7eYc4ZxY/f+Beyr351KxUxY=
5,-22,vQuBlHCi2Si8imZ7TjdfCbR3Y1E=,nGG+gp80u3po3fZUKdcV2Vaf8To=
5,-11,vQuBlHCi2Si8imZ7TjdfCbR3Y1E=,exNN1Lx8WVinA9yzDj7X9xeACwU=
5,-12,vQuBlHCi2Si8imZ7TjdfCbR3Y1E=,exNN1Lx8WVinA9yzDj7X9xeACwU=
5,-9,vQuBlHCi2Si8imZ7TjdfCbR3Y1E=,WYO3zppcugK1XCxD8QGDR1Gr9Ak=
5,-10,vQuBlHCi2Si8imZ7TjdfCbR3Y1E=,TA5oWIdl4zaTXsw/LXnJ5G8hxG0=
5,-15,vQuBlHCi2Si8imZ7TjdfCbR3Y1E=,iv3TM9IIz+rPdQjhI2oMxMe7prI=
5,-16,vQuBlHCi2Si8imZ7TjdfCbR3Y1E=,pRBqUvgkFt9o1flvdpVNLuwvjJs=
5,-13,tG4Jb+ooWFoiKLgpLcH2R4ROqfs=,exNN1Lx8WVinA9yzDj7X9xeACwU=
5,-14,tG4Jb+ooWFoiKLgpLcH2R4ROqfs=,fTDwXyOPhT3cmE+pKt1aDTvtaHE=
5,-3,tG4Jb+ooWFoiKLgpLcH2R4ROqfs=,Nt51gAeQltK+xo/RPcnSyIJMT6M=
5,-4,tG4Jb+ooWFoiKLgpLcH2R4ROqfs=,TVNUkqiShd/xVf415VkuP6JjHVY=
5,-1,tG4Jb+ooWFoiKLgpLcH2R4ROqfs=,g0EdaQEsiSvQu6bWvWaziAyU7MI=
5,-2,tG4Jb+ooWFoiKLgpLcH2R4ROqfs=,hBFtfR8SqB93x9L5+S4DGHoEEpM=
5,-7,tG4Jb+ooWFoiKLgpLcH2R4ROqfs=,AJx9ClxxunJTZSkZC3wMQ0MYuWY=
5,-8,ZGO3On6oKxMa3p8KJ1vWE8laTwM=,xaxCwjfb2UcGD6/ji/3uh4n/bDQ=
5,-5,ZGO3On6oKxMa3p8KJ1vWE8laTwM=,RXlAKw51zlFbSGTttC6D/VIlJY0=
5,-6,ZGO3On6oKxMa3p8KJ1vWE8laTwM=,nMV//cj5BqoM3fiA9fWC9WxqaUI=
4,-28,ZGO3On6oKxMa3p8KJ1vWE8laTwM=,OJnTh8zC5FQDoMt1ZedEMc/R6RQ=
4,-27,ZGO3On6oKxMa3p8KJ1vWE8laTwM=,y6dXdXtMSixgewVt5wfXZwGIsfw=
4,-26,95afvPC6jXkqGIAy3R/09WD+Ums=,qb8fDphagm5vwMA1gERXj1DLvHA=
4,-25,95afvPC6jXkqGIAy3R/09WD+Ums=,Ad6JJ4SPwoDSrNDl65H3Vp7eSMM=
4,-32,95afvPC6jXkqGIAy3R/09WD+Ums=,OQK1SxdZIebHR8nbFTsi+QrsW7w=
4,-31,95afvPC6jXkqGIAy3R/09WD+Ums=,3BWSTRh4dSrBu1VBdevSAst1/9E=
4,-30,95afvPC6jXkqGIAy3R/09WD+Ums=,QMZmCxB6OWOQSFIE7Ib7RRJnonk=
4,-29,95afvPC6jXkqGIAy3R/09WD+Ums=,phE82viOHl3jhI81KvWRrWYcMG0=
4,-20,95afvPC6jXkqGIAy3R/09WD+Ums=,d5/FireDvm8n1K/HeetubzUudpk=
4,-19,vtFcomenAB7DaEEOT6reDeQEEsQ=,Pp7f82t8abj9FrIqhdj2KvxoM0E=
4,-18,vtFcomenAB7DaEEOT6reDeQEEsQ=,Jn4S+sTZONy5lm91RqLe8mSQMRM=
4,-17,vtFcomenAB7DaEEOT6reDeQEEsQ=,HyfeLS/bnOqzed46PF8m9+O+Lz8=
4,-24,vtFcomenAB7DaEEOT6reDeQEEsQ=,O+mCy+qpqjasXdVYDWD6iNSI9Kg=
4,-23,vtFcomenAB7DaEEOT6reDeQEEsQ=,FPPCLum8iuR+v6qaEdIwSn5ciu4=
4,-22,vtFcomenAB7DaEEOT6reDeQEEsQ=,iNUfAmhg+wGv4vsurjWyB1LZIK0=
4,-21,vtFcomenAB7DaEEOT6reDeQEEsQ=,ELjcIXF1YVdHasPOxfhQPJVro/M=
4,-12,5CIz5D4L+bXNvlRUQUKhkGR2Qx4=,0U0GVYyoa25nUPbDQ5IRdHw176k=
4,-11,5CIz5D4L+bXNvlRUQUKhkGR2Qx4=,XigG6zpalTUeU/ljNl5/iZmOFFs=
4,-10,5CIz5D4L+bXNvlRUQUKhkGR2Qx4=,qTESqiNwB5YLSolHB8ZTQge9ynw=
4,-9,5CIz5D4L+bXNvlRUQUKhkGR2Qx4=,iLFM8hJxUN+R4GqoEX8fvqIS6Sc=
4,-16,5CIz5D4L+bXNvlRUQUKhkGR2Qx4=,DWDv4T6BAzqpgcaq2Ha2WgDBU7g=
4,-15,5CIz5D4L+bXNvlRUQUKhkGR2Qx4=,uYs6DYLNyEPMW0aLILRU6PT/0wU=
4,-14,5CIz5D4L+bXNvlRUQUKhkGR2Qx4=,2fmX4BS0sonrt8lI0T1N1nouRyE=
4,-13,RraTH/BNa5j+9YSXGOqAjnPNaBM=,2roJvGPS5aEXQrYC0uIXKdxjzlk=
4,-4,RraTH/BNa5j+9YSXGOqAjnPNaBM=,Gp9goR71TDLwEbTEk/09anp1a4c=
4,-3,RraTH/BNa5j+9YSXGOqAjnPNaBM=,HNxiSl1ouU+mkd+VtI7RWbiVklc=
4,-2,RraTH/BNa5j+9YSXGOqAjnPNaBM=,fceA6HmAVXnK0msKSUAoKRG0nAo=
4,-1,RraTH/BNa5j+9YSXGOqAjnPNaBM=,QgZbnAjj0bB+VyNxulpqrcICNLw=
4,-8,vZap4UARVbzHMWHffTffB4cHnbQ=,/YxT2pT9WEIggqgblHciuNmIgXk=
4,-7,vZap4UARVbzHMWHffTffB4cHnbQ=,acJqZXkxVjnbYb2bTYwN/ixjZp8=
4,-6,vZap4UARVbzHMWHffTffB4cHnbQ=,kk/GYj6DJHFO5S6g0/ZTQgVgTSY=
4,-5,vZap4UARVbzHMWHffTffB4cHnbQ=,WidMNMrF6ZBUF8NoGW5bJXoOuCY=
3,-29,vZap4UARVbzHMWHffTffB4cHnbQ=,FglC+n1xhuRu62XcZiZP5Gbz5Bo=
3,-30,JoIYXKo7IBLs9gs8yBj9nLoDnDs=,cXOoRRjVrhBNp1X3g14GLGXBRaY=
3,-31,JoIYXKo7IBLs9gs8yBj9nLoDnDs=,rFCT6QwSsrn0MDLcQa4ALrWntx8=
3,-32,JoIYXKo7IBLs9gs8yBj9nLoDnDs=,RlZTXH2uPzSlIiQ+Q+pv4vhmmqA=
3,-25,JoIYXKo7IBLs9gs8yBj9nLoDnDs=,LZPOqIHtrZrcdqKKY/Ag4EqVwQA=
3,-26,JoIYXKo7IBLs9gs8yBj9nLoDnDs=,Ors/EPwZeOvAd8hIWfnsKgv2x+o=
3,-27,JoIYXKo7IBLs9gs8yBj9nLoDnDs=,2xYyGXC8LQOQwk9cAswdXg+yYFk=
3,-28,JoIYXKo7IBLs9gs8yBj9nLoDnDs=,4h+9pw8kPPa8W99Plbf1cFwbLl8=
3,-21,9oIuUhHacgSYNtESudzTI8oyudY=,iNUfAmhg+wGv4vsurjWyB1LZIK0=
3,-22,9oIuUhHacgSYNtESudzTI8oyudY=,iNUfAmhg+wGv4vsurjWyB1LZIK0=
3,-23,9oIuUhHacgSYNtESudzTI8oyudY=,JZDLTf22NDOEeyLTbas3MeDm5VM=
3,-24,9oIuUhHacgSYNtESudzTI8oyudY=,vlkCU/i+3BcAcHbDTE923X0Xi88=
3,-17,9oIuUhHacgSYNtESudzTI8oyudY=,7B+OJ49wIGBK15/K4FNpAQNDd0A=
3,-18,9oIuUhHacgSYNtESudzTI8oyudY=,OMidFgXXRQaBbuFW/iXwNoUohbg=
3,-19,9oIuUhHacgSYNtESudzTI8oyudY=,tmNwvLEyRRs+L6AJw1T7C9i7OQM=
3,-20,aHLZvXcUSfhlcoSNjYMFwftrO5Q=,eF75k/E0C9pZNKi2pVf5ZtNUVGQ=
3,-13,aHLZvXcUSfhlcoSNjYMFwftrO5Q=,ss5FhpplG9KrXo9CUAuuCOePsrk=
3,-14,aHLZvXcUSfhlcoSNjYMFwftrO5Q=,sXPFmaU+LYks54UKz8cdSkkBVWo=
3,-15,aHLZvXcUSfhlcoSNjYMFwftrO5Q=,JOJvSQk1p3F0SCdBBj4GpNfxARM=
3,-16,aHLZvXcUSfhlcoSNjYMFwftrO5Q=,2Hol8drHpDAi/F86m+pQGiZla1Q=
3,-9,aHLZvXcUSfhlcoSNjYMFwftrO5Q=,9nuyoq2MCrHJT+m94m/PWw268fI=
3,-10,dDb9iOGVBFzvJsx3enNN/sYW6Gg=,cN4qy3lxKASigWdcTu4THsP4EpI=
3,-11,dDb9iOGVBFzvJsx3enNN/sYW6Gg=,Ptn3nMvlpDftLxcy7wBkct89gjE=
3,-12,dDb9iOGVBFzvJsx3enNN/sYW6Gg=,o21Qce2tEB+1um3pE1cZrXm0edU=
3,-5,dDb9iOGVBFzvJsx3enNN/sYW6Gg=,mGxs26VA+MNFWGP6EHbxo+Ls2dU=
3,-6,dDb9iOGVBFzvJsx3enNN/sYW6Gg=,Sb0uOJ1zN4T+wjzp2i8fdEzBSGc=
3,-7,dDb9iOGVBFzvJsx3enNN/sYW6Gg=,jyw0WIVWDQGU2SwbO/Ncq6JfHUg=
3,-8,dDb9iOGVBFzvJsx3enNN/sYW6Gg=,gUkgzNxwnwWLpGxjHGeoFT5tp8Q=
3,-1,R+86FdYfOaJtgWBQgq92z5dudb4=,szn0spO2qmRYPte3fDCXz+ATqhQ=
3,-2,R+86FdYfOaJtgWBQgq92z5dudb4=,3CBNf2fDA/BD67Npl5Owr3TLLbk=
3,-3,R+86FdYfOaJtgWBQgq92z5dudb4=,rTnyXeV5E+0Wf5Dsr+bBVRTGeVI=
3,-4,R+86FdYfOaJtgWBQgq92z5dudb4=,H53sc2Jd4m1iFBTGpLwU69+JJIg=
2,-30,R+86FdYfOaJtgWBQgq92z5dudb4=,37pkTuEr+5KjgjW8y0tKFttHVm8=
2,-29,Pm91juP2Ffheq/KMlc4r2gVQhHw=,RYyePU8nw4AOZZkwj85nzPrMBvg=
2,-32,Pm91juP2Ffheq/KMlc4r2gVQhHw=,0VKRkRd4fXgPU1safD1NNvLgjN8=
2,-31,Pm91juP2Ffheq/KMlc4r2gVQhHw=,DGXKME+atCOf1Fy/21YP0R3q4Zw=
2,-26,Pm91juP2Ffheq/KMlc4r2gVQhHw=,8q6ky3ha45QfOnlSAr/cMKfQQW4=
2,-25,Pm91juP2Ffheq/KMlc4r2gVQhHw=,0yPOI6U4Mo0ZCW29tFJ6G5H/6ts=
2,-28,Pm91juP2Ffheq/KMlc4r2gVQhHw=,2emzDGXPmOqIM78Eh/GLieCKu+s=
2,-27,Pm91juP2Ffheq/KMlc4r2gVQhHw=,QHLpV90KSaylxsEP/VRBlywVB0w=
2,-22,O0M3n8BTd9pj67xJjuwqF9AzHic=,YoI3C+oMz6/cCF8Caa0A3kKR0Yo=
2,-21,O0M3n8BTd9pj67xJjuwqF9AzHic=,MpljfSAQtLPHpQwfdE3f+J3nU+8=
2,-24,O0M3n8BTd9pj67xJjuwqF9AzHic=,L7++mDawKSBWx0oa9IaSQzFAJs4=
2,-23,O0M3n8BTd9pj67xJjuwqF9AzHic=,/CnRRQM5re79daomW/4HDU+MGjE=
2,-18,O0M3n8BTd9pj67xJjuwqF9AzHic=,P0FAncSwSUBsU3yTe54OVqGTfGs=
2,-17,O0M3n8BTd9pj67xJjuwqF9AzHic=,HuOfD+u/xvO1OwsaPwNy8AQriAA=
2,-20,O0M3n8BTd9pj67xJjuwqF9AzHic=,e/4XClzAvv/rEvgNySWNoedGd6U=
2,-19,VpGL75HVUOxlr334HtEWmDbpWN0=,UeCZqqrt1YaOsIMTPzLeeCVx/BA=
2,-14,VpGL75HVUOxlr334HtEWmDbpWN0=,PZaz/kCtzZEFi/3/ak5nY+DLqMQ=
2,-13,VpGL75HVUOxlr334HtEWmDbpWN0=,T/BSfEsi9TBf4KsPGziVPBFhEL4=
2,-16,VpGL75HVUOxlr334HtEWmDbpWN0=,xsBaj9HlmxdPPHJ8gOLFtriETYk=
2,-15,VpGL75HVUOxlr334HtEWmDbpWN0=,IJwMddC/GTptuuvzVxIuvV3MYHw=
2,-10,VpGL75HVUOxlr334HtEWmDbpWN0=,Jg9eulfk3KZAys7gkt2RzjalgKA=
2,-9,VpGL75HVUOxlr334HtEWmDbpWN0=,uBQ4FkROCzRHGXnjDIkxXru0xQE=
2,-12,owVeX3lB/76CulUYImYGPizCdhQ=,wmOyvDdJnqEwt1+usUofbnBnuUg=
2,-11,owVeX3lB/76CulUYImYGPizCdhQ=,awQOHWR71AgY9LDszh9lcYgB2UM=
2,-6,owVeX3lB/76CulUYImYGPizCdhQ=,ON38J9jKwxNGtyUfNass24KbG/k=
2,-5,owVeX3lB/76CulUYImYGPizCdhQ=,yJr4/O5x8EM/C9i+l1o9aK2ROms=
2,-8,owVeX3lB/76CulUYImYGPizCdhQ=,s9zfeRheJq2Ak4G3D/KsD8/+j4A=
2,-7,owVeX3lB/76CulUYImYGPizCdhQ=,Zxu0PBrHfELyxI8BPwGJ2E9IKEI=
2,-2,SjNY5VJAFYvTT9v594jkfbyO198=,57kaVmaXZLrRqEQvxyLGP8CM+eU=
2,-1,SjNY5VJAFYvTT9v594jkfbyO198=,+12z+0rnGzmF7X/W1YwwZWvtghM=
2,-4,SjNY5VJAFYvTT9v594jkfbyO198=,47Hy5hru6TSaP17pjglUX0ripBs=
2,-3,CYe4gLvib8Yphahf2U0USVoBB2E=,vO+lwop8JM57KWb8U4yvMR5APR0=
1,-31,CYe4gLvib8Yphahf2U0USVoBB2E=,Snw/efkl0iZqJDZq4rCKazDJd38=
1,-32,CYe4gLvib8Yphahf2U0USVoBB2E=,S18jhJIOvAwyRGXcG2YBYrBJvro=
1,-29,CYe4gLvib8Yphahf2U0USVoBB2E=,ns1GkKpwXQXAQzTCnvcV+IJflLs=
1,-30,CYe4gLvib8Yphahf2U0USVoBB2E=,slMoSlZgodMyIWpnkik/nqcy5hs=
1,-27,QbsLaFiBAzD1fNkh9iA0pWIahxI=,MQPBJjXC2OvZJ6xwz6FneWCdiPQ=
1,-28,QbsLaFiBAzD1fNkh9iA0pWIahxI=,mCK25KcGjQB7J2Us3O5FddT7i9M=
1,-25,QbsLaFiBAzD1fNkh9iA0pWIahxI=,YEbZYYtBu97HDmNTuhz2TRcbbss=
1,-26,84b5JM8t1MMNPiXz5wVp8M7WtjY=,n3Un3NlzxVOPwAyy/2+A1h2Q9OU=
1,-23,84b5JM8t1MMNPiXz5wVp8M7WtjY=,hNM89xfoBuwYsuaJCOWHIAWNAbo=
1,-24,84b5JM8t1MMNPiXz5wVp8M7WtjY=,W5qXoYc+jMLVfKybBEgaMRKPhfI=
1,-21,84b5JM8t1MMNPiXz5wVp8M7WtjY=,oBhZgJObssGnft2jp4vHHf5LnTY=
1,-22,JPvjRVQ/k+6InXgOaL3P7HxIbiM=,lBvK/9+RNDHTSfvuNWCl/xgWR+k=
1,-19,JPvjRVQ/k+6InXgOaL3P7HxIbiM=,yRg5SySUTKtmLlVYAyIcf/X0ePc=
1,-20,JPvjRVQ/k+6InXgOaL3P7HxIbiM=,NMd1cu5iC9Y3CGGAoKiekTznK6o=
1,-17,JPvjRVQ/k+6InXgOaL3P7HxIbiM=,vYyflnHFbFQ99RDH/z/eaZRafHs=
1,-18,ATk2G9xK/FBGSCjK+TFt1SnWrq4=,kssCay1Sa6hX+jCoSFFrC+Q4I6I=
1,-15,ATk2G9xK/FBGSCjK+TFt1SnWrq4=,Z91/fbS/ZperV62SuehBNsrvdQE=
1,-16,ATk2G9xK/FBGSCjK+TFt1SnWrq4=,r0DsvUdEaTzVa8830oHpU9Dki7w=
1,-13,ATk2G9xK/FBGSCjK+TFt1SnWrq4=,UdhyFrnGc7cMY6AqJdQyi86JdN0=
1,-14,M669HwlheVhlOlc6iKALZpCvbLc=,VDVcYUR9DrGPEUR6TGZ/gnZasM4=
1,-11,M669HwlheVhlOlc6iKALZpCvbLc=,DS0UEb5BYm0Q168unZKONa/5yQI=
1,-12,M669HwlheVhlOlc6iKALZpCvbLc=,brhlcsRtLNZo/Y0Q4f8MNjAZJ2U=
1,-9,M669HwlheVhlOlc6iKALZpCvbLc=,RmnuMMF3Gf36GB6ZDg7p2k9OYVI=
1,-10,M669HwlheVhlOlc6iKALZpCvbLc=,BNVTSyImhLQfk1XCV+1GXo4rRPE=
1,-7,I0BGDPb7jLwFcJ/XrJWbbK6lhnY=,T0rh9CIEQJBKpeatDJBaGvxSqOA=
1,-8,I0BGDPb7jLwFcJ/XrJWbbK6lhnY=,HzIfpaxYntqE+X6qR3M+M8Zekio=
1,-5,I0BGDPb7jLwFcJ/XrJWbbK6lhnY=,jDa4OzYiA9IlZwxSk+uaV9kWxUg=
1,-6,I0BGDPb7jLwFcJ/XrJWbbK6lhnY=,/pom1lwgUnbuqr8UXIF6WoXSUW4=
1,-3,A81BWOhGznFXz2wcZ3ZSNLCcp7k=,/FhyHeaOehe+Q5WOgokhJ4Rsbxk=
1,-4,A81BWOhGznFXz2wcZ3ZSNLCcp7k=,WMHjedK9ArrLgfi9o0n1jl66w3U=
1,-1,A81BWOhGznFXz2wcZ3ZSNLCcp7k=,P89vdZZmXJbMTqvIEphXUjBeJt8=
1,-2,YsxOtKhv3DaceNsyuBJUD1/GPP4=,GvyjQp6jV6mXBuG6fDqRaRdYsJI=
0,-32,YsxOtKhv3DaceNsyuBJUD1/GPP4=,jiBpR6jBwQ5Z/FdVqtaU7VCfuTk=
0,-31,YsxOtKhv3DaceNsyuBJUD1/GPP4=,Mtl2xfsui8OR5ZahEDHcUTeys5M=
0,-30,YsxOtKhv3DaceNsyuBJUD1/GPP4=,sJgK950mkkTCMMVrsiUCJR2837A=
0,-29,YsxOtKhv3DaceNsyuBJUD1/GPP4=,QA6PbIwXBdaZQVYWykKPkZO1KTs=
0,-28,YsxOtKhv3DaceNsyuBJUD1/GPP4=,VRZf+g/7LyzLrlnefEhufJg7aC4=
0,-27,YsxOtKhv3DaceNsyuBJUD1/GPP4=,KQ2SI9UrxDn0oUBk1oAh9wUpifQ=
0,-26,YsxOtKhv3DaceNsyuBJUD1/GPP4=,cZnZ8iMZGcVOyNOt/UZeoXLrc8s=
0,-25,bwyKEIZfUP53OfdTina3Y/zxT44=,+2chUSr5VuqCYG3ECirEfutjtQY=
0,-24,bwyKEIZfUP53OfdTina3Y/zxT44=,oVFe5/BE+FMX9l2h7nvN0LPdt+0=
0,-23,bwyKEIZfUP53OfdTina3Y/zxT44=,UDBfyz8dmK2rRKep5QoC19RsiEY=
0,-22,bwyKEIZfUP53OfdTina3Y/zxT44=,K/8NhySkU16wBYtVx9WOZj2HwLk=
0,-21,HgdESo7FzwtfX/yJI15KdW0F7W0=,1sRF8uibdz2dqQYZobKnBmjH1jA=
0,-20,HgdESo7FzwtfX/yJI15KdW0F7W0=,e9oGQgoLHtZQocOPgeiog70v3Ac=
0,-19,HgdESo7FzwtfX/yJI15KdW0F7W0=,kGFsswQgBRTvGYdo4IBmuRbuTdQ=
0,-18,yeC6Nsfx1IPirpJ9XMWg9ziK6LA=,wU7zA/lNjMOT3NUgbRSglQHGERM=
0,-17,yeC6Nsfx1IPirpJ9XMWg9ziK6LA=,JDhu6UuoABLtor6H0Qh3gmN+xS4=
0,-16,yeC6Nsfx1IPirpJ9XMWg9ziK6LA=,SpDIDY4+aFINtdSQ5de4fL9+URo=
0,-15,yeC6Nsfx1IPirpJ9XMWg9ziK6LA=,HjNGs1V9Zga3fgnFxRGMzpB6eoA=
0,-14,yeC6Nsfx1IPirpJ9XMWg9ziK6LA=,EXd9vFfdpZfPul5uZWeEt3VNsUI=
0,-13,yeC6Nsfx1IPirpJ9XMWg9ziK6LA=,VuKH3xfzMdHNmPOc5ds5j9LL6Z4=
0,-12,yeC6Nsfx1IPirpJ9XMWg9ziK6LA=,zxAJCHsrBR2vVXL6B+ZSk7S5iS8=
0,-11,ZNW99wmwt0I5tBRlwTznauDQ1ts=,LK4zQxvMKcJtoskPf8QheIU7wDs=
0,-10,ZNW99wmwt0I5tBRlwTznauDQ1ts=,n5Or2jKxROHGW2jLRI0i4rW/QaM=
0,-9,ZNW99wmwt0I5tBRlwTznauDQ1ts=,PWKCo0WjTVmpUvP3B09ZhwL1OeE=
0,-8,ZNW99wmwt0I5tBRlwTznauDQ1ts=,SDFck/vVoJQuRCG5kuL5mHhI1K0=
0,-7,ZNW99wmwt0I5tBRlwTznauDQ1ts=,YzuzJuxjO/27HQYbPP6FDDWRcrY=
0,-6,ZNW99wmwt0I5tBRlwTznauDQ1ts=,csLPmBKExqOy2fwBeWXbt7tSCPo=
0,-5,tsyIGYB1z+kcYRskgOhkqTgsLa4=,yHvvntFCefuUBNFVg3Wm8vag2Wc=
0,-4,tsyIGYB1z+kcYRskgOhkqTgsLa4=,2lQe2XbLFnYqkojZGAQjSDL8TiU=
0,-3,tsyIGYB1z+kcYRskgOhkqTgsLa4=,Yg5uKXyeXhOeuB7RHjoIyq/trqA=
0,-2,tsyIGYB1z+kcYRskgOhkqTgsLa4=,1OasbHjO8Unlx3CLwSgX8FLh3X0=
0,-1,c0b6rWyWPqifIZNergTbEEbQYFg=,XBGGKcwUd4jn9XMxHJP8gpGH/xw=
